date,ticker,final_score,rating,price,valuation,growth,quality,ai_exposure,expectation_gap,momentum,risk_penalty,circuit_triggered
2026-07-11,AAPL,54.49,👀 综合中性,315.3,,,,,,,,
2026-07-11,ACN,47.9,⚠️ 谨慎评估,135.2,,,,,,,,
2026-07-11,ADBE,52.51,👀 综合中性,223.6,,,,,,,,
2026-07-11,ADI,63.66,👀 综合中性,395.6,,,,,,,,
2026-07-11,ADSK,63.05,👀 综合中性,208.4,,,,,,,,
2026-07-11,AFRM,34.62,🚫 风险较高,83.42,,,,,,,,
2026-07-11,AI,36.68,⚠️ 谨慎评估,8.95,,,,,,,,
2026-07-11,AMAT,50.7,👀 综合中性,602.5,,,,,,,,
2026-07-11,AMD,50.51,👀 综合中性,557.9,,,,,,,,
2026-07-11,AMZN,58.82,👀 综合中性,245.3,,,,,,,,
2026-07-11,ANET,57.55,👀 综合中性,187.0,,,,,,,,
2026-07-11,AOSL,25.71,🚫 风险较高,37.56,,,,,,,,
2026-07-11,APP,55.97,👀 综合中性,507.0,,,,,,,,
2026-07-11,ARM,30.44,🚫 风险较高,323.4,,,,,,,,
2026-07-11,ASML,39.65,⚠️ 谨慎评估,1797.0,,,,,,,,
2026-07-11,AVGO,50.49,👀 综合中性,400.0,,,,,,,,
2026-07-11,BBAI,20.84,🚫 风险较高,3.27,,,,,,,,
2026-07-11,CDNS,62.47,👀 综合中性,384.2,,,,,,,,
2026-07-11,CLS,58.53,👀 综合中性,359.9,,,,,,,,
2026-07-11,COHR,49.38,⚠️ 谨慎评估,324.5,,,,,,,,
2026-07-11,CRM,60.56,👀 综合中性,163.3,,,,,,,,
2026-07-11,CRUS,55.59,👀 综合中性,150.4,,,,,,,,
2026-07-11,CRWD,57.67,👀 综合中性,187.2,,,,,,,,
2026-07-11,CSCO,59.29,👀 综合中性,121.3,,,,,,,,
2026-07-11,DDOG,61.51,👀 综合中性,257.5,,,,,,,,
2026-07-11,DELL,48.98,⚠️ 谨慎评估,435.0,,,,,,,,
2026-07-11,DOCU,56.14,👀 综合中性,49.18,,,,,,,,
2026-07-11,DT,60.94,👀 综合中性,43.68,,,,,,,,
2026-07-11,ESTC,64.48,👀 综合中性,60.24,,,,,,,,
2026-07-11,EXLS,49.94,⚠️ 谨慎评估,27.3,,,,,,,,
2026-07-11,FN,50.03,👀 综合中性,471.1,,,,,,,,
2026-07-11,FTNT,65.97,✅ 综合良好,157.5,,,,,,,,
2026-07-11,GE,48.45,⚠️ 谨慎评估,359.3,,,,,,,,
2026-07-11,GEV,48.56,⚠️ 谨慎评估,1092.0,,,,,,,,
2026-07-11,GOOGL,63.17,👀 综合中性,357.2,,,,,,,,
2026-07-11,GRMN,55.88,👀 综合中性,243.1,,,,,,,,
2026-07-11,GTLB,63.83,👀 综合中性,32.42,,,,,,,,
2026-07-11,HON,44.5,⚠️ 谨慎评估,226.4,,,,,,,,
2026-07-11,HPE,55.25,👀 综合中性,48.54,,,,,,,,
2026-07-11,HUBS,57.53,👀 综合中性,207.5,,,,,,,,
2026-07-11,IBM,39.71,⚠️ 谨慎评估,287.6,,,,,,,,
2026-07-11,INTC,31.02,🚫 风险较高,109.8,,,,,,,,
2026-07-11,ISRG,47.92,⚠️ 谨慎评估,406.8,,,,,,,,
2026-07-11,JBL,54.35,👀 综合中性,330.3,,,,,,,,
2026-07-11,KLAC,47.69,⚠️ 谨慎评估,231.5,,,,,,,,
2026-07-11,LITE,52.56,👀 综合中性,802.0,,,,,,,,
2026-07-11,LRCX,52.28,👀 综合中性,350.3,,,,,,,,
2026-07-11,LUNR,43.35,⚠️ 谨慎评估,16.14,,,,,,,,
2026-07-11,MBLY,42.62,⚠️ 谨慎评估,9.55,,,,,,,,
2026-07-11,MCHP,46.96,⚠️ 谨慎评估,88.59,,,,,,,,
2026-07-11,MDB,59.26,👀 综合中性,342.1,,,,,,,,
2026-07-11,META,65.16,✅ 综合良好,669.2,,,,,,,,
2026-07-11,MRVL,59.34,👀 综合中性,235.8,,,,,,,,
2026-07-11,MSFT,58.33,👀 综合中性,385.1,,,,,,,,
2026-07-11,MU,62.23,👀 综合中性,979.3,,,,,,,,
2026-07-11,NET,57.13,👀 综合中性,268.4,,,,,,,,
2026-07-11,NFLX,59.83,👀 综合中性,73.37,,,,,,,,
2026-07-11,NOW,55.21,👀 综合中性,107.7,,,,,,,,
2026-07-11,NTNX,52.06,👀 综合中性,54.79,,,,,,,,
2026-07-11,NVDA,72.89,✅ 综合良好,211.0,,,,,,,,
2026-07-11,NXPI,59.87,👀 综合中性,292.3,,,,,,,,
2026-07-11,OKTA,59.85,👀 综合中性,138.6,,,,,,,,
2026-07-11,ONTO,45.31,⚠️ 谨慎评估,321.4,,,,,,,,
2026-07-11,ORCL,34.38,🚫 风险较高,140.6,,,,,,,,
2026-07-11,PANW,58.38,👀 综合中性,325.9,,,,,,,,
2026-07-11,PATH,63.63,👀 综合中性,11.68,,,,,,,,
2026-07-11,PLTR,65.85,✅ 综合良好,126.8,,,,,,,,
2026-07-11,PSTG,51.79,👀 综合中性,62.0,,,,,,,,
2026-07-11,PTC,62.72,👀 综合中性,124.7,,,,,,,,
2026-07-11,QCOM,52.12,👀 综合中性,189.2,,,,,,,,
2026-07-11,ROK,51.24,👀 综合中性,472.1,,,,,,,,
2026-07-11,RXRX,39.3,⚠️ 谨慎评估,3.56,,,,,,,,
2026-07-11,SDGR,42.62,⚠️ 谨慎评估,16.49,,,,,,,,
2026-07-11,SMCI,53.12,👀 综合中性,28.31,,,,,,,,
2026-07-11,SNOW,52.43,👀 综合中性,261.4,,,,,,,,
2026-07-11,SNPS,58.86,👀 综合中性,445.5,,,,,,,,
2026-07-11,SOUN,39.69,⚠️ 谨慎评估,6.64,,,,,,,,
2026-07-11,TEAM,59.25,👀 综合中性,88.86,,,,,,,,
2026-07-11,TEM,41.12,⚠️ 谨慎评估,58.23,,,,,,,,
2026-07-11,TSLA,28.03,🚫 风险较高,407.8,,,,,,,,
2026-07-11,TXN,51.56,👀 综合中性,311.5,,,,,,,,
2026-07-11,TYL,40.12,⚠️ 谨慎评估,309.5,,,,,,,,
2026-07-11,U,43.32,⚠️ 谨慎评估,30.89,,,,,,,,
2026-07-11,VRT,58.25,👀 综合中性,318.9,,,,,,,,
2026-07-11,WDAY,57.86,👀 综合中性,138.9,,,,,,,,
2026-07-11,ZS,62.12,👀 综合中性,139.3,,,,,,,,
2026-07-14,AAPL,54.49,👀 综合中性,315.3,,,,,,,,
2026-07-14,ACN,47.9,⚠️ 谨慎评估,135.2,,,,,,,,
2026-07-14,ADBE,52.51,👀 综合中性,223.6,,,,,,,,
2026-07-14,ADI,52.75,👀 综合中性,392.8,,,,,,,,
2026-07-14,ADSK,63.05,👀 综合中性,208.4,,,,,,,,
2026-07-14,AFRM,34.62,🚫 风险较高,83.42,,,,,,,,
2026-07-14,AI,36.68,⚠️ 谨慎评估,8.95,,,,,,,,
2026-07-14,AMAT,50.7,👀 综合中性,602.5,,,,,,,,
2026-07-14,AMD,50.51,👀 综合中性,557.9,,,,,,,,
2026-07-14,AMZN,58.82,👀 综合中性,245.3,,,,,,,,
2026-07-14,ANET,57.55,👀 综合中性,187.0,,,,,,,,
2026-07-14,AOSL,25.71,🚫 风险较高,37.56,,,,,,,,
2026-07-14,APP,55.97,👀 综合中性,507.0,,,,,,,,
2026-07-14,ARM,30.44,🚫 风险较高,323.4,,,,,,,,
2026-07-14,ASML,39.65,⚠️ 谨慎评估,1797.0,,,,,,,,
2026-07-14,AVGO,50.49,👀 综合中性,400.0,,,,,,,,
2026-07-14,BBAI,20.84,🚫 风险较高,3.27,,,,,,,,
2026-07-14,CDNS,62.47,👀 综合中性,384.2,,,,,,,,
2026-07-14,CLS,58.53,👀 综合中性,359.9,,,,,,,,
2026-07-14,COHR,49.38,⚠️ 谨慎评估,324.5,,,,,,,,
2026-07-14,CRM,60.56,👀 综合中性,163.3,,,,,,,,
2026-07-14,CRUS,55.59,👀 综合中性,150.4,,,,,,,,
2026-07-14,CRWD,57.67,👀 综合中性,187.2,,,,,,,,
2026-07-14,CSCO,59.29,👀 综合中性,121.3,,,,,,,,
2026-07-14,DDOG,61.51,👀 综合中性,257.5,,,,,,,,
2026-07-14,DELL,48.98,⚠️ 谨慎评估,435.0,,,,,,,,
2026-07-14,DOCU,56.14,👀 综合中性,49.18,,,,,,,,
2026-07-14,DT,60.94,👀 综合中性,43.68,,,,,,,,
2026-07-14,ESTC,56.46,👀 综合中性,62.33,,,,,,,,
2026-07-14,EXLS,49.94,⚠️ 谨慎评估,27.3,,,,,,,,
2026-07-14,FN,50.03,👀 综合中性,471.1,,,,,,,,
2026-07-14,FTNT,65.97,✅ 综合良好,157.5,,,,,,,,
2026-07-14,GE,48.45,⚠️ 谨慎评估,359.3,,,,,,,,
2026-07-14,GEV,48.56,⚠️ 谨慎评估,1092.0,,,,,,,,
2026-07-14,GOOGL,56.85,👀 综合中性,359.5,,,,,,,,
2026-07-14,GRMN,55.88,👀 综合中性,243.1,,,,,,,,
2026-07-14,GTLB,60.28,👀 综合中性,32.98,,,,,,,,
2026-07-14,HON,44.5,⚠️ 谨慎评估,226.4,,,,,,,,
2026-07-14,HPE,55.25,👀 综合中性,48.54,,,,,,,,
2026-07-14,HUBS,57.53,👀 综合中性,207.5,,,,,,,,
2026-07-14,IBM,39.71,⚠️ 谨慎评估,287.6,,,,,,,,
2026-07-14,INTC,31.02,🚫 风险较高,109.8,,,,,,,,
2026-07-14,ISRG,47.92,⚠️ 谨慎评估,406.8,,,,,,,,
2026-07-14,JBL,54.35,👀 综合中性,330.3,,,,,,,,
2026-07-14,KLAC,38.12,⚠️ 谨慎评估,231.6,,,,,,,,
2026-07-14,LITE,52.56,👀 综合中性,802.0,,,,,,,,
2026-07-14,LRCX,52.28,👀 综合中性,350.3,,,,,,,,
2026-07-14,LUNR,43.35,⚠️ 谨慎评估,16.14,,,,,,,,
2026-07-14,MBLY,42.62,⚠️ 谨慎评估,9.55,,,,,,,,
2026-07-14,MCHP,46.96,⚠️ 谨慎评估,88.59,,,,,,,,
2026-07-14,MDB,59.26,👀 综合中性,342.1,,,,,,,,
2026-07-14,META,58.22,👀 综合中性,659.6,,,,,,,,
2026-07-14,MRVL,59.34,👀 综合中性,235.8,,,,,,,,
2026-07-14,MSFT,58.33,👀 综合中性,385.1,,,,,,,,
2026-07-14,MU,65.95,✅ 综合良好,983.1,,,,,,,,
2026-07-14,NET,57.13,👀 综合中性,268.4,,,,,,,,
2026-07-14,NFLX,59.83,👀 综合中性,73.37,,,,,,,,
2026-07-14,NOW,55.21,👀 综合中性,107.7,,,,,,,,
2026-07-14,NTNX,52.06,👀 综合中性,54.79,,,,,,,,
2026-07-14,NVDA,70.97,✅ 综合良好,211.8,,,,,,,,
2026-07-14,NXPI,59.87,👀 综合中性,292.3,,,,,,,,
2026-07-14,OKTA,59.85,👀 综合中性,138.6,,,,,,,,
2026-07-14,ONTO,45.31,⚠️ 谨慎评估,321.4,,,,,,,,
2026-07-14,ORCL,34.38,🚫 风险较高,140.6,,,,,,,,
2026-07-14,PANW,58.38,👀 综合中性,325.9,,,,,,,,
2026-07-14,PATH,61.9,👀 综合中性,11.94,,,,,,,,
2026-07-14,PLTR,66.62,✅ 综合良好,133.7,,,,,,,,
2026-07-14,PSTG,51.79,👀 综合中性,62.0,,,,,,,,
2026-07-14,PTC,62.72,👀 综合中性,124.7,,,,,,,,
2026-07-14,QCOM,52.12,👀 综合中性,189.2,,,,,,,,
2026-07-14,ROK,51.24,👀 综合中性,472.1,,,,,,,,
2026-07-14,RXRX,39.3,⚠️ 谨慎评估,3.56,,,,,,,,
2026-07-14,SDGR,42.62,⚠️ 谨慎评估,16.49,,,,,,,,
2026-07-14,SMCI,53.12,👀 综合中性,28.31,,,,,,,,
2026-07-14,SNOW,52.43,👀 综合中性,261.4,,,,,,,,
2026-07-14,SNPS,58.86,👀 综合中性,445.5,,,,,,,,
2026-07-14,SOUN,39.69,⚠️ 谨慎评估,6.64,,,,,,,,
2026-07-14,TEAM,59.25,👀 综合中性,88.86,,,,,,,,
2026-07-14,TEM,41.12,⚠️ 谨慎评估,58.23,,,,,,,,
2026-07-14,TSLA,28.03,🚫 风险较高,407.8,,,,,,,,
2026-07-14,TXN,51.56,👀 综合中性,311.5,,,,,,,,
2026-07-14,TYL,40.12,⚠️ 谨慎评估,309.5,,,,,,,,
2026-07-14,U,43.32,⚠️ 谨慎评估,30.89,,,,,,,,
2026-07-14,VRT,58.25,👀 综合中性,318.9,,,,,,,,
2026-07-14,WDAY,57.86,👀 综合中性,138.9,,,,,,,,
2026-07-14,ZS,62.12,👀 综合中性,139.3,,,,,,,,
2026-07-30,AAPL,54.1,👀 综合中性,333.4,,,,,,,,
2026-07-30,ACN,46.17,⚠️ 谨慎评估,163.3,,,,,,,,
2026-07-30,ADBE,57.69,👀 综合中性,247.9,,,,,,,,
2026-07-30,ADI,55.6,👀 综合中性,366.7,,,,,,,,
2026-07-30,ADSK,65.11,✅ 综合良好,235.0,,,,,,,,
2026-07-30,AFRM,33.95,🚫 风险较高,73.25,,,,,,,,
2026-07-30,AI,38.51,⚠️ 谨慎评估,9.07,,,,,,,,
2026-07-30,AMAT,50.38,👀 综合中性,501.8,,,,,,,,
2026-07-30,AMD,50.2,👀 综合中性,485.4,,,,,,,,
2026-07-30,AMZN,57.44,👀 综合中性,235.5,,,,,,,,
2026-07-30,ANET,57.19,👀 综合中性,171.0,,,,,,,,
2026-07-30,AOSL,24.59,🚫 风险较高,31.11,,,,,,,,
2026-07-30,APP,52.86,👀 综合中性,403.9,,,,,,,,
2026-07-30,ARM,30.9,🚫 风险较高,241.5,,,,,,,,
2026-07-30,ASML,44.12,⚠️ 谨慎评估,1651.0,,,,,,,,
2026-07-30,AVGO,50.06,👀 综合中性,387.8,,,,,,,,
2026-07-30,BBAI,21.34,🚫 风险较高,2.83,,,,,,,,
2026-07-30,CDNS,63.76,👀 综合中性,332.8,,,,,,,,
2026-07-30,CLS,58.12,👀 综合中性,352.6,,,,,,,,
2026-07-30,COHR,46.59,⚠️ 谨慎评估,249.1,,,,,,,,
2026-07-30,CRM,61.88,👀 综合中性,180.7,,,,,,,,
2026-07-30,CRUS,53.09,👀 综合中性,131.9,,,,,,,,
2026-07-30,CRWD,57.15,👀 综合中性,185.2,,,,,,,,
2026-07-30,CSCO,58.13,👀 综合中性,113.6,,,,,,,,
2026-07-30,DDOG,62.84,👀 综合中性,268.6,,,,,,,,
2026-07-30,DELL,48.9,⚠️ 谨慎评估,404.8,,,,,,,,
2026-07-30,DOCU,59.81,👀 综合中性,54.29,,,,,,,,
2026-07-30,DT,61.14,👀 综合中性,44.1,,,,,,,,
2026-07-30,ESTC,57.73,👀 综合中性,64.25,,,,,,,,
2026-07-30,EXLS,49.43,⚠️ 谨慎评估,34.36,,,,,,,,
2026-07-30,FN,49.95,⚠️ 谨慎评估,439.3,,,,,,,,
2026-07-30,FTNT,66.06,✅ 综合良好,154.2,,,,,,,,
2026-07-30,GE,51.68,👀 综合中性,355.0,,,,,,,,
2026-07-30,GEV,44.79,⚠️ 谨慎评估,982.0,,,,,,,,
2026-07-30,GOOGL,58.28,👀 综合中性,333.7,,,,,,,,
2026-07-30,GRMN,54.52,👀 综合中性,297.6,,,,,,,,
2026-07-30,GTLB,61.92,👀 综合中性,33.72,,,,,,,,
2026-07-30,HON,56.48,👀 综合中性,241.9,,,,,,,,
2026-07-30,HPE,55.11,👀 综合中性,47.14,,,,,,,,
2026-07-30,HUBS,58.58,👀 综合中性,233.1,,,,,,,,
2026-07-30,IBM,34.02,🚫 风险较高,221.7,,,,,,,,
2026-07-30,INTC,34.98,🚫 风险较高,91.13,,,,,,,,
2026-07-30,ISRG,48.06,⚠️ 谨慎评估,353.0,,,,,,,,
2026-07-30,JBL,54.28,👀 综合中性,308.5,,,,,,,,
2026-07-30,KLAC,40.13,⚠️ 谨慎评估,180.3,,,,,,,,
2026-07-30,LITE,52.4,👀 综合中性,693.2,,,,,,,,
2026-07-30,LRCX,53.61,👀 综合中性,297.7,,,,,,,,
2026-07-30,LUNR,42.71,⚠️ 谨慎评估,12.25,,,,,,,,
2026-07-30,MBLY,36.46,⚠️ 谨慎评估,7.9,,,,,,,,
2026-07-30,MCHP,45.11,⚠️ 谨慎评估,75.01,,,,,,,,
2026-07-30,MDB,58.03,👀 综合中性,325.9,,,,,,,,
2026-07-30,META,54.76,👀 综合中性,539.0,,,,,,,,
2026-07-30,MRVL,59.29,👀 综合中性,183.3,,,,,,,,
2026-07-30,MSFT,59.41,👀 综合中性,451.1,,,,,,,,
2026-07-30,MU,70.21,✅ 综合良好,874.7,,,,,,,,
2026-07-30,NET,59.54,👀 综合中性,283.4,,,,,,,,
2026-07-30,NFLX,55.29,👀 综合中性,73.17,,,,,,,,
2026-07-30,NOW,59.98,👀 综合中性,110.1,,,,,,,,
2026-07-30,NTNX,55.06,👀 综合中性,59.26,,,,,,,,
2026-07-30,NVDA,72.71,✅ 综合良好,195.0,,,,,,,,
2026-07-30,NXPI,57.79,👀 综合中性,245.2,,,,,,,,
2026-07-30,OKTA,61.18,👀 综合中性,140.4,,,,,,,,
2026-07-30,ONTO,44.67,⚠️ 谨慎评估,250.5,,,,,,,,
2026-07-30,ORCL,35.65,⚠️ 谨慎评估,127.6,,,,,,,,
2026-07-30,PANW,57.23,👀 综合中性,325.7,,,,,,,,
2026-07-30,PATH,62.86,👀 综合中性,12.37,,,,,,,,
2026-07-30,PLTR,64.62,👀 综合中性,122.3,,,,,,,,
2026-07-30,PSTG,51.79,👀 综合中性,62.0,,,,,,,,
2026-07-30,PTC,65.59,✅ 综合良好,136.3,,,,,,,,
2026-07-30,QCOM,47.97,⚠️ 谨慎评估,151.6,,,,,,,,
2026-07-30,ROK,51.26,👀 综合中性,471.0,,,,,,,,
2026-07-30,RXRX,35.84,⚠️ 谨慎评估,3.04,,,,,,,,
2026-07-30,SDGR,39.83,⚠️ 谨慎评估,15.35,,,,,,,,
2026-07-30,SMCI,53.84,👀 综合中性,27.73,,,,,,,,
2026-07-30,SNOW,51.64,👀 综合中性,298.1,,,,,,,,
2026-07-30,SNPS,55.16,👀 综合中性,372.3,,,,,,,,
2026-07-30,SOUN,39.74,⚠️ 谨慎评估,6.14,,,,,,,,
2026-07-30,TEAM,60.64,👀 综合中性,98.12,,,,,,,,
2026-07-30,TEM,37.47,⚠️ 谨慎评估,44.29,,,,,,,,
2026-07-30,TSLA,22.63,🚫 风险较高,308.9,,,,,,,,
2026-07-30,TXN,55.74,👀 综合中性,278.8,,,,,,,,
2026-07-30,TYL,42.0,⚠️ 谨慎评估,323.3,,,,,,,,
2026-07-30,U,46.23,⚠️ 谨慎评估,33.34,,,,,,,,
2026-07-30,VRT,52.34,👀 综合中性,227.5,,,,,,,,
2026-07-30,WDAY,61.89,👀 综合中性,158.1,,,,,,,,
2026-07-30,ZS,61.76,👀 综合中性,148.4,,,,,,,,
2026-07-31,AAPL,55.35,👀 综合中性,308.9,,,,,,,,
2026-07-31,ACN,46.19,⚠️ 谨慎评估,165.9,,,,,,,,
2026-07-31,ADBE,57.8,👀 综合中性,250.4,,,,,,,,
2026-07-31,ADI,56.06,👀 综合中性,367.4,,,,,,,,
2026-07-31,ADSK,65.0,✅ 综合良好,234.2,,,,,,,,
2026-07-31,AFRM,33.69,🚫 风险较高,71.51,,,,,,,,
2026-07-31,AI,38.45,⚠️ 谨慎评估,9.18,,,,,,,,
2026-07-31,AMAT,50.7,👀 综合中性,507.7,,,,,,,,
2026-07-31,AMD,50.46,👀 综合中性,476.1,,,,,,,,
2026-07-31,AMZN,63.99,👀 综合中性,271.6,,,,,,,,
2026-07-31,ANET,57.61,👀 综合中性,180.3,,,,,,,,
2026-07-31,AOSL,25.4,🚫 风险较高,31.74,,,,,,,,
2026-07-31,APP,53.32,👀 综合中性,395.9,,,,,,,,
2026-07-31,ARM,35.41,⚠️ 谨慎评估,239.7,,,,,,,,
2026-07-31,ASML,44.64,⚠️ 谨慎评估,1629.0,,,,,,,,
2026-07-31,AVGO,50.31,👀 综合中性,389.3,,,,,,,,
2026-07-31,BBAI,25.58,🚫 风险较高,2.79,,,,,,,,
2026-07-31,CDNS,64.75,👀 综合中性,340.0,,,,,,,,
2026-07-31,CLS,57.25,👀 综合中性,331.4,,,,,,,,
2026-07-31,COHR,47.87,⚠️ 谨慎评估,262.9,,,,,,,,
2026-07-31,CRM,62.09,👀 综合中性,184.0,,,,,,,,
2026-07-31,CRUS,52.8,👀 综合中性,129.3,,,,,,,,
2026-07-31,CRWD,57.17,👀 综合中性,190.9,,,,,,,,
2026-07-31,CSCO,59.0,👀 综合中性,116.0,,,,,,,,
2026-07-31,DDOG,62.76,👀 综合中性,268.0,,,,,,,,
2026-07-31,DELL,48.93,⚠️ 谨慎评估,405.4,,,,,,,,
2026-07-31,DOCU,59.98,👀 综合中性,54.83,,,,,,,,
2026-07-31,DT,61.16,👀 综合中性,44.32,,,,,,,,
2026-07-31,ESTC,58.1,👀 综合中性,65.79,,,,,,,,
2026-07-31,EXLS,49.98,⚠️ 谨慎评估,33.93,,,,,,,,
2026-07-31,FN,49.7,⚠️ 谨慎评估,435.4,,,,,,,,
2026-07-31,FTNT,70.03,✅ 综合良好,161.9,,,,,,,,
2026-07-31,GE,52.06,👀 综合中性,360.1,,,,,,,,
2026-07-31,GEV,45.31,⚠️ 谨慎评估,990.3,,,,,,,,
2026-07-31,GOOGL,60.27,👀 综合中性,356.1,,,,,,,,
2026-07-31,GRMN,55.5,👀 综合中性,293.8,,,,,,,,
2026-07-31,GTLB,62.33,👀 综合中性,34.51,,,,,,,,
2026-07-31,HON,55.32,👀 综合中性,243.1,,,,,,,,
2026-07-31,HPE,55.26,👀 综合中性,47.9,,,,,,,,
2026-07-31,HUBS,58.76,👀 综合中性,237.4,,,,,,,,
2026-07-31,IBM,33.94,🚫 风险较高,223.7,,,,,,,,
2026-07-31,INTC,35.41,⚠️ 谨慎评估,90.2,,,,,,,,
2026-07-31,ISRG,48.06,⚠️ 谨慎评估,353.3,,,,,,,,
2026-07-31,JBL,55.06,👀 综合中性,315.1,,,,,,,,
2026-07-31,KLAC,40.32,⚠️ 谨慎评估,182.8,,,,,,,,
2026-07-31,LITE,52.65,👀 综合中性,713.9,,,,,,,,
2026-07-31,LRCX,54.04,👀 综合中性,293.0,,,,,,,,
2026-07-31,LUNR,43.03,⚠️ 谨慎评估,12.34,,,,,,,,
2026-07-31,MBLY,36.34,⚠️ 谨慎评估,7.94,,,,,,,,
2026-07-31,MCHP,45.37,⚠️ 谨慎评估,74.29,,,,,,,,
2026-07-31,MDB,58.95,👀 综合中性,337.5,,,,,,,,
2026-07-31,META,55.44,👀 综合中性,556.7,,,,,,,,
2026-07-31,MRVL,59.92,👀 综合中性,187.6,,,,,,,,
2026-07-31,MSFT,59.23,👀 综合中性,464.7,,,,,,,,
2026-07-31,MU,70.25,✅ 综合良好,823.0,,,,,,,,
2026-07-31,NET,59.42,👀 综合中性,279.0,,,,,,,,
2026-07-31,NFLX,54.98,👀 综合中性,71.71,,,,,,,,
2026-07-31,NOW,60.08,👀 综合中性,111.2,,,,,,,,
2026-07-31,NTNX,56.16,👀 综合中性,59.01,,,,,,,,
2026-07-31,NVDA,74.12,✅ 综合良好,200.8,,,,,,,,
2026-07-31,NXPI,56.58,👀 综合中性,229.2,,,,,,,,
2026-07-31,OKTA,61.12,👀 综合中性,141.9,,,,,,,,
2026-07-31,ONTO,45.6,⚠️ 谨慎评估,258.6,,,,,,,,
2026-07-31,ORCL,36.13,⚠️ 谨慎评估,129.9,,,,,,,,
2026-07-31,PANW,57.17,👀 综合中性,331.8,,,,,,,,
2026-07-31,PATH,63.48,👀 综合中性,12.76,,,,,,,,
2026-07-31,PLTR,64.35,👀 综合中性,123.1,,,,,,,,
2026-07-31,PSTG,51.79,👀 综合中性,62.0,,,,,,,,
2026-07-31,PTC,54.67,👀 综合中性,137.2,,,,,,,,
2026-07-31,QCOM,41.24,⚠️ 谨慎评估,147.6,,,,,,,,
2026-07-31,ROK,51.57,👀 综合中性,480.1,,,,,,,,
2026-07-31,RXRX,36.47,⚠️ 谨慎评估,3.0,,,,,,,,
2026-07-31,SDGR,39.54,⚠️ 谨慎评估,15.14,,,,,,,,
2026-07-31,SMCI,54.36,👀 综合中性,28.4,,,,,,,,
2026-07-31,SNOW,52.9,👀 综合中性,293.3,,,,,,,,
2026-07-31,SNPS,56.35,👀 综合中性,388.8,,,,,,,,
2026-07-31,SOUN,39.91,⚠️ 谨慎评估,6.13,,,,,,,,
2026-07-31,TEAM,60.94,👀 综合中性,101.0,,,,,,,,
2026-07-31,TEM,32.91,🚫 风险较高,43.87,,,,,,,,
2026-07-31,TSLA,22.75,🚫 风险较高,311.2,,,,,,,,
2026-07-31,TSM,64.63,👀 综合中性,404.2,,,,,,,,
2026-07-31,TXN,56.26,👀 综合中性,275.7,,,,,,,,
2026-07-31,TYL,46.09,⚠️ 谨慎评估,309.6,,,,,,,,
2026-07-31,U,45.36,⚠️ 谨慎评估,31.71,,,,,,,,
2026-07-31,VRT,52.92,👀 综合中性,241.6,,,,,,,,
2026-07-31,WDAY,62.08,👀 综合中性,160.3,,,,,,,,
2026-07-31,ZS,61.71,👀 综合中性,151.2,,,,,,,,
2026-08-03,AAPL,54.29,👀 综合中性,303.4,,,,,,,,
2026-08-03,ACN,45.71,⚠️ 谨慎评估,165.8,,,,,,,,
2026-08-03,ADBE,58.2,👀 综合中性,251.3,,,,,,,,
2026-08-03,ADI,54.91,👀 综合中性,361.9,,,,,,,,
2026-08-03,ADSK,63.94,👀 综合中性,234.7,,,,,,,,
2026-08-03,AFRM,34.56,🚫 风险较高,75.63,,,,,,,,
2026-08-03,AI,41.35,⚠️ 谨慎评估,9.73,,,,,,,,
2026-08-03,AMAT,50.2,👀 综合中性,518.2,,,,,,,,
2026-08-03,AMD,50.25,👀 综合中性,484.6,,,,,,,,
2026-08-03,AMZN,61.0,👀 综合中性,284.0,,,,,,,,
2026-08-03,ANET,57.35,👀 综合中性,184.9,,,,,,,,
2026-08-03,AOSL,25.22,🚫 风险较高,31.47,,,,,,,,
2026-08-03,APP,53.4,👀 综合中性,406.2,,,,,,,,
2026-08-03,ARM,35.72,⚠️ 谨慎评估,239.1,,,,,,,,
2026-08-03,ASML,45.19,⚠️ 谨慎评估,1643.0,,,,,,,,
2026-08-03,AVGO,50.32,👀 综合中性,392.2,,,,,,,,
2026-08-03,BBAI,27.05,🚫 风险较高,2.86,,,,,,,,
2026-08-03,CDNS,64.54,👀 综合中性,336.1,,,,,,,,
2026-08-03,CLS,57.71,👀 综合中性,341.9,,,,,,,,
2026-08-03,COHR,49.26,⚠️ 谨慎评估,288.1,,,,,,,,
2026-08-03,CRM,62.52,👀 综合中性,185.9,,,,,,,,
2026-08-03,CRUS,52.78,👀 综合中性,127.3,,,,,,,,
2026-08-03,CRWD,56.41,👀 综合中性,202.5,,,,,,,,
2026-08-03,CSCO,59.29,👀 综合中性,115.9,,,,,,,,
2026-08-03,DDOG,62.73,👀 综合中性,273.6,,,,,,,,
2026-08-03,DELL,48.64,⚠️ 谨慎评估,429.0,,,,,,,,
2026-08-03,DOCU,60.27,👀 综合中性,55.13,,,,,,,,
2026-08-03,DT,61.22,👀 综合中性,44.54,,,,,,,,
2026-08-03,ESTC,58.09,👀 综合中性,68.74,,,,,,,,
2026-08-03,EXLS,49.28,⚠️ 谨慎评估,34.24,,,,,,,,
2026-08-03,FN,50.31,👀 综合中性,455.9,,,,,,,,
2026-08-03,FTNT,69.76,✅ 综合良好,163.2,,,,,,,,
2026-08-03,GE,52.01,👀 综合中性,368.9,,,,,,,,
2026-08-03,GEV,44.78,⚠️ 谨慎评估,1007.0,,,,,,,,
2026-08-03,GOOGL,61.3,👀 综合中性,373.5,,,,,,,,
2026-08-03,GRMN,54.31,👀 综合中性,304.8,,,,,,,,
2026-08-03,GTLB,63.2,👀 综合中性,35.59,,,,,,,,
2026-08-03,HON,55.26,👀 综合中性,246.8,,,,,,,,
2026-08-03,HPE,55.09,👀 综合中性,50.24,,,,,,,,
2026-08-03,HUBS,59.25,👀 综合中性,239.9,,,,,,,,
2026-08-03,IBM,35.84,⚠️ 谨慎评估,226.3,,,,,,,,
2026-08-03,INTC,26.07,🚫 风险较高,91.0,,,,,,,,
2026-08-03,ISRG,48.81,⚠️ 谨慎评估,375.4,,,,,,,,
2026-08-03,JBL,55.06,👀 综合中性,318.4,,,,,,,,
2026-08-03,KLAC,39.77,⚠️ 谨慎评估,182.8,,,,,,,,
2026-08-03,LITE,52.18,👀 综合中性,779.9,,,,,,,,
2026-08-03,LRCX,53.34,👀 综合中性,294.6,,,,,,,,
2026-08-03,LUNR,45.3,⚠️ 谨慎评估,13.1,,,,,,,,
2026-08-03,MBLY,36.36,⚠️ 谨慎评估,8.08,,,,,,,,
2026-08-03,MCHP,44.98,⚠️ 谨慎评估,75.22,,,,,,,,
2026-08-03,MDB,60.49,👀 综合中性,358.0,,,,,,,,
2026-08-03,META,56.99,👀 综合中性,590.2,,,,,,,,
2026-08-03,MRVL,44.78,⚠️ 谨慎评估,193.8,,,,,,,,
2026-08-03,MSFT,58.79,👀 综合中性,487.6,,,,,,,,
2026-08-03,MU,52.27,👀 综合中性,829.5,,,,,,,,
2026-08-03,NET,60.72,👀 综合中性,282.7,,,,,,,,
2026-08-03,NFLX,55.39,👀 综合中性,73.33,,,,,,,,
2026-08-03,NOW,60.98,👀 综合中性,114.2,,,,,,,,
2026-08-03,NTNX,54.41,👀 综合中性,61.06,,,,,,,,
2026-08-03,NVDA,74.53,✅ 综合良好,206.6,,,,,,,,
2026-08-03,NXPI,55.87,👀 综合中性,224.2,,,,,,,,
2026-08-03,OKTA,59.25,👀 综合中性,141.6,,,,,,,,
2026-08-03,ONTO,44.73,⚠️ 谨慎评估,268.5,,,,,,,,
2026-08-03,ORCL,36.46,⚠️ 谨慎评估,141.8,,,,,,,,
2026-08-03,PANW,56.83,👀 综合中性,347.1,,,,,,,,
2026-08-03,PATH,63.99,👀 综合中性,13.05,,,,,,,,
2026-08-03,PLTR,64.47,👀 综合中性,125.7,,,,,,,,
2026-08-03,PSTG,51.79,👀 综合中性,62.0,,,,,,,,
2026-08-03,PTC,54.33,👀 综合中性,139.9,,,,,,,,
2026-08-03,QCOM,41.6,⚠️ 谨慎评估,151.6,,,,,,,,
2026-08-03,ROK,51.42,👀 综合中性,481.0,,,,,,,,
2026-08-03,RXRX,38.99,⚠️ 谨慎评估,3.18,,,,,,,,
2026-08-03,SDGR,41.88,⚠️ 谨慎评估,15.28,,,,,,,,
2026-08-03,SMCI,54.45,👀 综合中性,28.64,,,,,,,,
2026-08-03,SNOW,52.42,👀 综合中性,307.5,,,,,,,,
2026-08-03,SNPS,56.84,👀 综合中性,392.1,,,,,,,,
2026-08-03,SOUN,40.76,⚠️ 谨慎评估,6.1,,,,,,,,
2026-08-03,TEAM,61.89,👀 综合中性,103.7,,,,,,,,
2026-08-03,TEM,34.3,🚫 风险较高,46.05,,,,,,,,
2026-08-03,TSLA,22.89,🚫 风险较高,322.1,,,,,,,,
2026-08-03,TSM,62.97,👀 综合中性,406.1,,,,,,,,
2026-08-03,TXN,55.71,👀 综合中性,269.0,,,,,,,,
2026-08-03,TYL,46.23,⚠️ 谨慎评估,305.5,,,,,,,,
2026-08-03,U,46.16,⚠️ 谨慎评估,33.38,,,,,,,,
2026-08-03,VRT,54.48,👀 综合中性,263.1,,,,,,,,
2026-08-03,WDAY,62.99,👀 综合中性,165.1,,,,,,,,
2026-08-03,ZS,61.94,👀 综合中性,154.5,,,,,,,,
2026-08-04,AAPL,54.01,👀 综合中性,309.4,,,,,,,,
2026-08-04,ACLS,25.21,🚫 风险较高,139.7,,,,,,,,
2026-08-04,ACN,45.93,⚠️ 谨慎评估,170.4,,,,,,,,
2026-08-04,ADBE,58.6,👀 综合中性,257.5,,,,,,,,
2026-08-04,ADI,57.11,👀 综合中性,380.3,,,,,,,,
2026-08-04,ADSK,64.17,👀 综合中性,237.2,,,,,,,,
2026-08-04,AFRM,35.22,⚠️ 谨慎评估,78.12,,,,,,,,
2026-08-04,AI,41.23,⚠️ 谨慎评估,10.05,,,,,,,,
2026-08-04,AMAT,50.46,👀 综合中性,546.6,,,,,,,,
2026-08-04,AMBA,37.08,⚠️ 谨慎评估,82.23,,,,,,,,
2026-08-04,AMD,50.71,👀 综合中性,518.6,,,,,,,,
2026-08-04,AMZN,62.32,👀 综合中性,277.4,,,,,,,,
2026-08-04,ANET,57.51,👀 综合中性,190.5,,,,,,,,
2026-08-04,AOSL,26.4,🚫 风险较高,33.78,,,,,,,,
2026-08-04,APP,53.79,👀 综合中性,419.7,,,,,,,,
2026-08-04,ARM,36.51,⚠️ 谨慎评估,280.6,,,,,,,,
2026-08-04,ASML,45.1,⚠️ 谨慎评估,1712.0,,,,,,,,
2026-08-04,AVGO,51.14,👀 综合中性,418.2,,,,,,,,
2026-08-04,BBAI,27.54,🚫 风险较高,3.15,,,,,,,,
2026-08-04,CDNS,65.13,✅ 综合良好,340.6,,,,,,,,
2026-08-04,CFLT,40.0,⚠️ 谨慎评估,,,,,,,,,
2026-08-04,CLS,59.13,👀 综合中性,371.1,,,,,,,,
2026-08-04,COHR,49.19,⚠️ 谨慎评估,323.7,,,,,,,,
2026-08-04,CRM,62.16,👀 综合中性,191.0,,,,,,,,
2026-08-04,CRUS,54.46,👀 综合中性,133.6,,,,,,,,
2026-08-04,CRWD,56.79,👀 综合中性,211.2,,,,,,,,
2026-08-04,CSCO,57.81,👀 综合中性,121.7,,,,,,,,
2026-08-04,CYBR,40.0,⚠️ 谨慎评估,,,,,,,,,
2026-08-04,DDOG,62.32,👀 综合中性,288.1,,,,,,,,
2026-08-04,DELL,48.8,⚠️ 谨慎评估,467.3,,,,,,,,
2026-08-04,DOCU,61.05,👀 综合中性,57.54,,,,,,,,
2026-08-04,DT,61.92,👀 综合中性,45.71,,,,,,,,
2026-08-04,ESTC,58.09,👀 综合中性,71.06,,,,,,,,
2026-08-04,EXLS,49.37,⚠️ 谨慎评估,34.39,,,,,,,,
2026-08-04,FN,52.15,👀 综合中性,531.0,,,,,,,,
2026-08-04,FTNT,70.1,✅ 综合良好,168.3,,,,,,,,
2026-08-04,GE,51.8,👀 综合中性,377.3,,,,,,,,
2026-08-04,GEV,44.94,⚠️ 谨慎评估,1019.0,,,,,,,,
2026-08-04,GOOGL,61.31,👀 综合中性,377.6,,,,,,,,
2026-08-04,GRMN,54.25,👀 综合中性,307.4,,,,,,,,
2026-08-04,GTLB,63.83,👀 综合中性,36.48,,,,,,,,
2026-08-04,HON,55.2,👀 综合中性,248.8,,,,,,,,
2026-08-04,HPE,55.34,👀 综合中性,52.39,,,,,,,,
2026-08-04,HUBS,59.73,👀 综合中性,248.9,,,,,,,,
2026-08-04,IBM,35.32,⚠️ 谨慎评估,235.2,,,,,,,,
2026-08-04,INTC,21.55,🚫 风险较高,100.9,,,,,,,,
2026-08-04,ISRG,48.69,⚠️ 谨慎评估,368.3,,,,,,,,
2026-08-04,JBL,55.27,👀 综合中性,340.0,,,,,,,,
2026-08-04,KLAC,41.06,⚠️ 谨慎评估,195.4,,,,,,,,
2026-08-04,LITE,52.24,👀 综合中性,849.5,,,,,,,,
2026-08-04,LRCX,53.77,👀 综合中性,317.7,,,,,,,,
2026-08-04,LUNR,45.93,⚠️ 谨慎评估,13.96,,,,,,,,
2026-08-04,MBLY,38.57,⚠️ 谨慎评估,8.64,,,,,,,,
2026-08-04,MCHP,47.04,⚠️ 谨慎评估,80.67,,,,,,,,
2026-08-04,MDB,60.69,👀 综合中性,380.0,,,,,,,,
2026-08-04,META,56.43,👀 综合中性,587.9,,,,,,,,
2026-08-04,MRVL,45.18,⚠️ 谨慎评估,218.6,,,,,,,,
2026-08-04,MSFT,58.98,👀 综合中性,492.8,,,,,,,,
2026-08-04,MU,52.73,👀 综合中性,892.7,,,,,,,,
2026-08-04,NET,59.55,👀 综合中性,301.3,,,,,,,,
2026-08-04,NFLX,55.47,👀 综合中性,73.57,,,,,,,,
2026-08-04,NOW,61.61,👀 综合中性,118.1,,,,,,,,
2026-08-04,NTNX,53.51,👀 综合中性,61.5,,,,,,,,
2026-08-04,NVDA,75.13,✅ 综合良好,211.9,,,,,,,,
2026-08-04,NXPI,57.15,👀 综合中性,237.6,,,,,,,,
2026-08-04,OKTA,60.54,👀 综合中性,147.8,,,,,,,,
2026-08-04,ONTO,45.1,⚠️ 谨慎评估,287.6,,,,,,,,
2026-08-04,ORCL,36.55,⚠️ 谨慎评估,145.7,,,,,,,,
2026-08-04,P,47.93,⚠️ 谨慎评估,83.92,,,,,,,,
2026-08-04,PANW,56.92,👀 综合中性,366.3,,,,,,,,
2026-08-04,PATH,64.48,👀 综合中性,14.1,,,,,,,,
2026-08-04,PLTR,69.78,✅ 综合良好,162.7,,,,,,,,
2026-08-04,PSTG,51.79,👀 综合中性,62.0,,,,,,,,
2026-08-04,PTC,54.48,👀 综合中性,141.7,,,,,,,,
2026-08-04,QCOM,43.6,⚠️ 谨慎评估,162.7,,,,,,,,
2026-08-04,ROK,50.11,👀 综合中性,445.2,,,,,,,,
2026-08-04,RXRX,39.95,⚠️ 谨慎评估,3.31,,,,,,,,
2026-08-04,S,59.57,👀 综合中性,20.98,,,,,,,,
2026-08-04,SDGR,42.83,⚠️ 谨慎评估,15.65,,,,,,,,
2026-08-04,SMCI,56.31,👀 综合中性,31.69,,,,,,,,
2026-08-04,SNOW,51.27,👀 综合中性,316.8,,,,,,,,
2026-08-04,SNPS,57.87,👀 综合中性,403.9,,,,,,,,
2026-08-04,SOUN,41.45,⚠️ 谨慎评估,6.51,,,,,,,,
2026-08-04,TEAM,62.89,👀 综合中性,110.3,,,,,,,,
2026-08-04,TEM,34.44,🚫 风险较高,47.05,,,,,,,,
2026-08-04,TSLA,23.02,🚫 风险较高,327.4,,,,,,,,
2026-08-04,TSM,63.37,👀 综合中性,417.2,,,,,,,,
2026-08-04,TTD,44.57,⚠️ 谨慎评估,19.34,,,,,,,,
2026-08-04,TXN,56.65,👀 综合中性,283.6,,,,,,,,
2026-08-04,TYL,46.49,⚠️ 谨慎评估,313.3,,,,,,,,
2026-08-04,U,47.17,⚠️ 谨慎评估,35.22,,,,,,,,
2026-08-04,VEEV,53.41,👀 综合中性,211.9,,,,,,,,
2026-08-04,VRT,54.95,👀 综合中性,269.9,,,,,,,,
2026-08-04,WDAY,62.62,👀 综合中性,171.3,,,,,,,,
2026-08-04,ZM,58.44,👀 综合中性,102.1,,,,,,,,
2026-08-04,ZS,62.34,👀 综合中性,163.2,,,,,,,,
2026-08-05,AAPL,54.01,👀 综合中性,309.4,,,,,,,,
2026-08-05,ACLS,25.21,🚫 风险较高,139.7,,,,,,,,
2026-08-05,ACN,45.93,⚠️ 谨慎评估,170.4,,,,,,,,
2026-08-05,ADBE,58.6,👀 综合中性,257.5,,,,,,,,
2026-08-05,ADI,57.11,👀 综合中性,380.3,,,,,,,,
2026-08-05,ADSK,64.17,👀 综合中性,237.2,,,,,,,,
2026-08-05,AFRM,35.22,⚠️ 谨慎评估,78.12,,,,,,,,
2026-08-05,AI,41.23,⚠️ 谨慎评估,10.05,,,,,,,,
2026-08-05,AMAT,50.46,👀 综合中性,546.6,,,,,,,,
2026-08-05,AMBA,37.08,⚠️ 谨慎评估,82.23,,,,,,,,
2026-08-05,AMD,50.71,👀 综合中性,518.6,,,,,,,,
2026-08-05,AMZN,62.32,👀 综合中性,277.4,,,,,,,,
2026-08-05,ANET,57.51,👀 综合中性,190.5,,,,,,,,
2026-08-05,AOSL,26.4,🚫 风险较高,33.78,,,,,,,,
2026-08-05,APP,53.79,👀 综合中性,419.7,,,,,,,,
2026-08-05,ARM,36.51,⚠️ 谨慎评估,280.6,,,,,,,,
2026-08-05,ASML,45.1,⚠️ 谨慎评估,1712.0,,,,,,,,
2026-08-05,AVGO,51.14,👀 综合中性,418.2,,,,,,,,
2026-08-05,BBAI,27.54,🚫 风险较高,3.15,,,,,,,,
2026-08-05,CDNS,65.13,✅ 综合良好,340.6,,,,,,,,
2026-08-05,CLS,59.13,👀 综合中性,371.1,,,,,,,,
2026-08-05,COHR,49.19,⚠️ 谨慎评估,323.7,,,,,,,,
2026-08-05,CRM,62.16,👀 综合中性,191.0,,,,,,,,
2026-08-05,CRUS,54.46,👀 综合中性,133.6,,,,,,,,
2026-08-05,CRWD,56.79,👀 综合中性,211.2,,,,,,,,
2026-08-05,CSCO,57.81,👀 综合中性,121.7,,,,,,,,
2026-08-05,DDOG,62.32,👀 综合中性,288.1,,,,,,,,
2026-08-05,DELL,48.8,⚠️ 谨慎评估,467.3,,,,,,,,
2026-08-05,DOCU,61.05,👀 综合中性,57.54,,,,,,,,
2026-08-05,DT,61.92,👀 综合中性,45.71,,,,,,,,
2026-08-05,ESTC,58.09,👀 综合中性,71.06,,,,,,,,
2026-08-05,EXLS,49.37,⚠️ 谨慎评估,34.39,,,,,,,,
2026-08-05,FN,52.15,👀 综合中性,531.0,,,,,,,,
2026-08-05,FTNT,70.1,✅ 综合良好,168.3,,,,,,,,
2026-08-05,GE,51.8,👀 综合中性,377.3,,,,,,,,
2026-08-05,GEV,44.94,⚠️ 谨慎评估,1019.0,,,,,,,,
2026-08-05,GOOGL,61.31,👀 综合中性,377.6,,,,,,,,
2026-08-05,GRMN,54.25,👀 综合中性,307.4,,,,,,,,
2026-08-05,GTLB,63.83,👀 综合中性,36.48,,,,,,,,
2026-08-05,HON,55.2,👀 综合中性,248.8,,,,,,,,
2026-08-05,HPE,55.34,👀 综合中性,52.39,,,,,,,,
2026-08-05,HUBS,59.73,👀 综合中性,248.9,,,,,,,,
2026-08-05,IBM,35.32,⚠️ 谨慎评估,235.2,,,,,,,,
2026-08-05,INTC,20.91,🚫 风险较高,100.9,,,,,,,,
2026-08-05,ISRG,48.69,⚠️ 谨慎评估,368.3,,,,,,,,
2026-08-05,JBL,55.27,👀 综合中性,340.0,,,,,,,,
2026-08-05,KLAC,41.06,⚠️ 谨慎评估,195.4,,,,,,,,
2026-08-05,LITE,52.24,👀 综合中性,849.5,,,,,,,,
2026-08-05,LRCX,53.77,👀 综合中性,317.7,,,,,,,,
2026-08-05,LUNR,45.93,⚠️ 谨慎评估,13.96,,,,,,,,
2026-08-05,MBLY,38.57,⚠️ 谨慎评估,8.64,,,,,,,,
2026-08-05,MCHP,47.04,⚠️ 谨慎评估,80.67,,,,,,,,
2026-08-05,MDB,60.69,👀 综合中性,380.0,,,,,,,,
2026-08-05,META,56.43,👀 综合中性,587.9,,,,,,,,
2026-08-05,MRVL,45.18,⚠️ 谨慎评估,218.6,,,,,,,,
2026-08-05,MSFT,58.98,👀 综合中性,492.8,,,,,,,,
2026-08-05,MU,52.73,👀 综合中性,892.7,,,,,,,,
2026-08-05,NET,59.55,👀 综合中性,301.3,,,,,,,,
2026-08-05,NFLX,55.47,👀 综合中性,73.57,,,,,,,,
2026-08-05,NOW,61.61,👀 综合中性,118.1,,,,,,,,
2026-08-05,NTNX,53.51,👀 综合中性,61.5,,,,,,,,
2026-08-05,NVDA,75.13,✅ 综合良好,211.9,,,,,,,,
2026-08-05,NXPI,57.15,👀 综合中性,237.6,,,,,,,,
2026-08-05,OKTA,60.54,👀 综合中性,147.8,,,,,,,,
2026-08-05,ONTO,45.1,⚠️ 谨慎评估,287.6,,,,,,,,
2026-08-05,ORCL,36.55,⚠️ 谨慎评估,145.7,,,,,,,,
2026-08-05,P,47.93,⚠️ 谨慎评估,83.92,,,,,,,,
2026-08-05,PANW,56.92,👀 综合中性,366.3,,,,,,,,
2026-08-05,PATH,64.48,👀 综合中性,14.1,,,,,,,,
2026-08-05,PLTR,69.78,✅ 综合良好,162.7,,,,,,,,
2026-08-05,PTC,54.48,👀 综合中性,141.7,,,,,,,,
2026-08-05,QCOM,43.6,⚠️ 谨慎评估,162.7,,,,,,,,
2026-08-05,ROK,50.11,👀 综合中性,445.2,,,,,,,,
2026-08-05,RXRX,39.95,⚠️ 谨慎评估,3.31,,,,,,,,
2026-08-05,S,59.57,👀 综合中性,20.98,,,,,,,,
2026-08-05,SDGR,42.83,⚠️ 谨慎评估,15.65,,,,,,,,
2026-08-05,SMCI,56.31,👀 综合中性,31.69,,,,,,,,
2026-08-05,SNOW,51.27,👀 综合中性,316.8,,,,,,,,
2026-08-05,SNPS,57.87,👀 综合中性,403.9,,,,,,,,
2026-08-05,SOUN,41.45,⚠️ 谨慎评估,6.51,,,,,,,,
2026-08-05,TEAM,62.89,👀 综合中性,110.3,,,,,,,,
2026-08-05,TEM,34.44,🚫 风险较高,47.05,,,,,,,,
2026-08-05,TSLA,23.02,🚫 风险较高,327.4,,,,,,,,
2026-08-05,TSM,63.37,👀 综合中性,417.2,,,,,,,,
2026-08-05,TTD,44.57,⚠️ 谨慎评估,19.34,,,,,,,,
2026-08-05,TXN,56.65,👀 综合中性,283.6,,,,,,,,
2026-08-05,TYL,46.49,⚠️ 谨慎评估,313.3,,,,,,,,
2026-08-05,U,47.17,⚠️ 谨慎评估,35.22,,,,,,,,
2026-08-05,VEEV,53.41,👀 综合中性,211.9,,,,,,,,
2026-08-05,VRT,54.95,👀 综合中性,269.9,,,,,,,,
2026-08-05,WDAY,62.62,👀 综合中性,171.3,,,,,,,,
2026-08-05,ZM,58.44,👀 综合中性,102.1,,,,,,,,
2026-08-05,ZS,62.34,👀 综合中性,163.2,,,,,,,,
2026-08-06,AAPL,53.8,👀 综合中性,312.4,,,,,,,,
2026-08-06,ACLS,25.58,🚫 风险较高,136.7,,,,,,,,
2026-08-06,ACN,46.28,⚠️ 谨慎评估,171.1,,,,,,,,
2026-08-06,ADBE,58.67,👀 综合中性,260.2,,,,,,,,
2026-08-06,ADI,57.13,👀 综合中性,377.3,,,,,,,,
2026-08-06,ADSK,64.83,👀 综合中性,242.5,,,,,,,,
2026-08-06,AFRM,35.58,⚠️ 谨慎评估,76.58,,,,,,,,
2026-08-06,AI,40.57,⚠️ 谨慎评估,9.86,,,,,,,,
2026-08-06,AMAT,50.96,👀 综合中性,527.5,,,,,,,,
2026-08-06,AMBA,34.23,🚫 风险较高,83.79,,,,,,,,
2026-08-06,AMD,50.95,👀 综合中性,489.3,,,,,,,,
2026-08-06,AMZN,62.46,👀 综合中性,272.3,,,,,,,,
2026-08-06,ANET,57.17,👀 综合中性,192.3,,,,,,,,
2026-08-06,AOSL,26.56,🚫 风险较高,33.33,,,,,,,,
2026-08-06,APP,53.1,👀 综合中性,335.7,,,,,,,,
2026-08-06,ARM,36.62,⚠️ 谨慎评估,286.7,,,,,,,,
2026-08-06,ASML,45.6,⚠️ 谨慎评估,1704.0,,,,,,,,
2026-08-06,AVGO,49.7,⚠️ 谨慎评估,420.6,,,,,,,,
2026-08-06,BBAI,27.71,🚫 风险较高,3.01,,,,,,,,
2026-08-06,CDNS,58.7,👀 综合中性,338.4,,,,,,,,
2026-08-06,CLS,56.72,👀 综合中性,314.5,,,,,,,,
2026-08-06,COHR,49.24,⚠️ 谨慎评估,334.2,,,,,,,,
2026-08-06,CRM,62.55,👀 综合中性,186.8,,,,,,,,
2026-08-06,CRUS,52.15,👀 综合中性,123.5,,,,,,,,
2026-08-06,CRWD,56.86,👀 综合中性,207.4,,,,,,,,
2026-08-06,CSCO,57.67,👀 综合中性,120.9,,,,,,,,
2026-08-06,DDOG,62.39,👀 综合中性,229.3,,,,,,,,
2026-08-06,DELL,48.95,⚠️ 谨慎评估,437.6,,,,,,,,
2026-08-06,DOCU,60.75,👀 综合中性,56.9,,,,,,,,
2026-08-06,DT,60.75,👀 综合中性,48.87,,,,,,,,
2026-08-06,ESTC,58.13,👀 综合中性,69.95,,,,,,,,
2026-08-06,EXLS,49.64,⚠️ 谨慎评估,34.66,,,,,,,,
2026-08-06,FN,52.5,👀 综合中性,544.0,,,,,,,,
2026-08-06,FTNT,70.67,✅ 综合良好,160.1,,,,,,,,
2026-08-06,GE,51.17,👀 综合中性,374.6,,,,,,,,
2026-08-06,GEV,44.8,⚠️ 谨慎评估,1000.0,,,,,,,,
2026-08-06,GOOGL,60.37,👀 综合中性,357.8,,,,,,,,
2026-08-06,GRMN,55.53,👀 综合中性,301.9,,,,,,,,
2026-08-06,GTLB,63.41,👀 综合中性,35.68,,,,,,,,
2026-08-06,HON,56.64,👀 综合中性,240.7,,,,,,,,
2026-08-06,HPE,54.3,👀 综合中性,52.43,,,,,,,,
2026-08-06,HUBS,58.49,👀 综合中性,202.4,,,,,,,,
2026-08-06,IBM,35.16,⚠️ 谨慎评估,233.4,,,,,,,,
2026-08-06,INTC,21.73,🚫 风险较高,99.81,,,,,,,,
2026-08-06,ISRG,49.43,⚠️ 谨慎评估,373.7,,,,,,,,
2026-08-06,JBL,54.09,👀 综合中性,344.7,,,,,,,,
2026-08-06,KLAC,41.45,⚠️ 谨慎评估,193.2,,,,,,,,
2026-08-06,LITE,52.35,👀 综合中性,838.1,,,,,,,,
2026-08-06,LRCX,54.19,👀 综合中性,305.8,,,,,,,,
2026-08-06,LUNR,46.45,⚠️ 谨慎评估,14.93,,,,,,,,
2026-08-06,MBLY,38.2,⚠️ 谨慎评估,8.42,,,,,,,,
2026-08-06,MCHP,45.93,⚠️ 谨慎评估,74.36,,,,,,,,
2026-08-06,MDB,59.34,👀 综合中性,370.0,,,,,,,,
2026-08-06,META,56.95,👀 综合中性,589.9,,,,,,,,
2026-08-06,MRVL,45.4,⚠️ 谨慎评估,210.5,,,,,,,,
2026-08-06,MSFT,59.13,👀 综合中性,499.9,,,,,,,,
2026-08-06,MU,52.84,👀 综合中性,881.5,,,,,,,,
2026-08-06,NET,60.83,👀 综合中性,284.4,,,,,,,,
2026-08-06,NFLX,54.77,👀 综合中性,73.69,,,,,,,,
2026-08-06,NOW,61.63,👀 综合中性,117.3,,,,,,,,
2026-08-06,NTNX,54.66,👀 综合中性,60.12,,,,,,,,
2026-08-06,NVDA,76.25,✅ 综合良好,219.0,,,,,,,,
2026-08-06,NXPI,57.01,👀 综合中性,231.8,,,,,,,,
2026-08-06,OKTA,60.49,👀 综合中性,143.5,,,,,,,,
2026-08-06,ONTO,45.6,⚠️ 谨慎评估,268.7,,,,,,,,
2026-08-06,ORCL,36.62,⚠️ 谨慎评估,143.5,,,,,,,,
2026-08-06,P,46.86,⚠️ 谨慎评估,87.26,,,,,,,,
2026-08-06,PANW,56.8,👀 综合中性,359.5,,,,,,,,
2026-08-06,PATH,65.36,✅ 综合良好,14.0,,,,,,,,
2026-08-06,PLTR,70.52,✅ 综合良好,155.9,,,,,,,,
2026-08-06,PTC,54.62,👀 综合中性,147.7,,,,,,,,
2026-08-06,QCOM,43.71,⚠️ 谨慎评估,160.4,,,,,,,,
2026-08-06,ROK,50.31,👀 综合中性,441.8,,,,,,,,
2026-08-06,RXRX,39.89,⚠️ 谨慎评估,3.18,,,,,,,,
2026-08-06,S,59.58,👀 综合中性,20.76,,,,,,,,
2026-08-06,SDGR,43.24,⚠️ 谨慎评估,17.81,,,,,,,,
2026-08-06,SMCI,55.35,👀 综合中性,29.38,,,,,,,,
2026-08-06,SNOW,50.76,👀 综合中性,318.0,,,,,,,,
2026-08-06,SNPS,58.88,👀 综合中性,406.0,,,,,,,,
2026-08-06,SOUN,41.81,⚠️ 谨慎评估,7.08,,,,,,,,
2026-08-06,TEAM,62.84,👀 综合中性,110.2,,,,,,,,
2026-08-06,TEM,34.8,🚫 风险较高,46.12,,,,,,,,
2026-08-06,TSLA,23.06,🚫 风险较高,319.5,,,,,,,,
2026-08-06,TSM,63.72,👀 综合中性,418.2,,,,,,,,
2026-08-06,TTD,44.39,⚠️ 谨慎评估,17.67,,,,,,,,
2026-08-06,TXN,57.38,👀 综合中性,278.4,,,,,,,,
2026-08-06,TYL,46.12,⚠️ 谨慎评估,306.3,,,,,,,,
2026-08-06,U,43.13,⚠️ 谨慎评估,40.81,,,,,,,,
2026-08-06,VEEV,52.84,👀 综合中性,217.8,,,,,,,,
2026-08-06,VRT,55.69,👀 综合中性,275.2,,,,,,,,
2026-08-06,WDAY,63.61,👀 综合中性,170.2,,,,,,,,
2026-08-06,ZM,58.22,👀 综合中性,101.3,,,,,,,,
2026-08-06,ZS,63.16,👀 综合中性,162.6,,,,,,,,
2026-08-07,AAPL,54.28,👀 综合中性,313.3,,,,,,,,
2026-08-07,ACLS,29.17,🚫 风险较高,140.3,,,,,,,,
2026-08-07,ACN,46.38,⚠️ 谨慎评估,175.7,,,,,,,,
2026-08-07,ADBE,59.12,👀 综合中性,265.2,,,,,,,,
2026-08-07,ADI,57.68,👀 综合中性,389.9,,,,,,,,
2026-08-07,ADSK,64.76,👀 综合中性,249.1,,,,,,,,
2026-08-07,AFRM,35.44,⚠️ 谨慎评估,75.25,,,,,,,,
2026-08-07,AI,39.81,⚠️ 谨慎评估,10.22,,,,,,,,
2026-08-07,AMAT,50.87,👀 综合中性,539.1,,,,,,,,
2026-08-07,AMBA,34.24,🚫 风险较高,86.78,,,,,,,,
2026-08-07,AMD,54.05,👀 综合中性,483.4,,,,,,,,
2026-08-07,AMZN,62.42,👀 综合中性,274.5,,,,,,,,
2026-08-07,ANET,60.29,👀 综合中性,188.7,,,,,,,,
2026-08-07,AOSL,26.82,🚫 风险较高,36.08,,,,,,,,
2026-08-07,APP,53.17,👀 综合中性,346.8,,,,,,,,
2026-08-07,ARM,36.58,⚠️ 谨慎评估,282.6,,,,,,,,
2026-08-07,ASML,45.54,⚠️ 谨慎评估,1741.0,,,,,,,,
2026-08-07,AVGO,49.63,⚠️ 谨慎评估,427.8,,,,,,,,
2026-08-07,BBAI,27.94,🚫 风险较高,3.27,,,,,,,,
2026-08-07,CDNS,58.76,👀 综合中性,339.2,,,,,,,,
2026-08-07,CLS,56.81,👀 综合中性,317.8,,,,,,,,
2026-08-07,COHR,47.5,⚠️ 谨慎评估,379.1,,,,,,,,
2026-08-07,CRM,63.14,👀 综合中性,192.7,,,,,,,,
2026-08-07,CRUS,53.83,👀 综合中性,124.9,,,,,,,,
2026-08-07,CRWD,57.06,👀 综合中性,214.4,,,,,,,,
2026-08-07,CSCO,56.74,👀 综合中性,121.4,,,,,,,,
2026-08-07,DDOG,63.21,👀 综合中性,233.9,,,,,,,,
2026-08-07,DELL,48.99,⚠️ 谨慎评估,453.8,,,,,,,,
2026-08-07,DOCU,62.02,👀 综合中性,60.26,,,,,,,,
2026-08-07,DT,62.34,👀 综合中性,48.97,,,,,,,,
2026-08-07,ESTC,58.39,👀 综合中性,75.11,,,,,,,,
2026-08-07,EXLS,49.65,⚠️ 谨慎评估,34.89,,,,,,,,
2026-08-07,FN,52.83,👀 综合中性,562.4,,,,,,,,
2026-08-07,FTNT,70.73,✅ 综合良好,159.6,,,,,,,,
2026-08-07,GE,50.88,👀 综合中性,370.1,,,,,,,,
2026-08-07,GEV,44.42,⚠️ 谨慎评估,990.3,,,,,,,,
2026-08-07,GOOGL,60.03,👀 综合中性,354.3,,,,,,,,
2026-08-07,GRMN,54.21,👀 综合中性,310.9,,,,,,,,
2026-08-07,GTLB,63.09,👀 综合中性,38.97,,,,,,,,
2026-08-07,HON,56.48,👀 综合中性,246.2,,,,,,,,
2026-08-07,HPE,53.29,👀 综合中性,53.22,,,,,,,,
2026-08-07,HUBS,58.81,👀 综合中性,210.4,,,,,,,,
2026-08-07,IBM,34.95,🚫 风险较高,237.3,,,,,,,,
2026-08-07,INTC,21.72,🚫 风险较高,101.7,,,,,,,,
2026-08-07,ISRG,49.28,⚠️ 谨慎评估,378.8,,,,,,,,
2026-08-07,JBL,54.7,👀 综合中性,341.2,,,,,,,,
2026-08-07,KLAC,41.98,⚠️ 谨慎评估,198.1,,,,,,,,
2026-08-07,LITE,52.3,👀 综合中性,890.2,,,,,,,,
2026-08-07,LRCX,54.18,👀 综合中性,311.4,,,,,,,,
2026-08-07,LUNR,47.58,⚠️ 谨慎评估,16.4,,,,,,,,
2026-08-07,MBLY,39.28,⚠️ 谨慎评估,8.73,,,,,,,,
2026-08-07,MCHP,48.44,⚠️ 谨慎评估,84.69,,,,,,,,
2026-08-07,MDB,59.29,👀 综合中性,398.8,,,,,,,,
2026-08-07,META,57.13,👀 综合中性,592.1,,,,,,,,
2026-08-07,MRVL,45.31,⚠️ 谨慎评估,218.7,,,,,,,,
2026-08-07,MSFT,59.13,👀 综合中性,500.0,,,,,,,,
2026-08-07,MU,52.81,👀 综合中性,877.6,,,,,,,,
2026-08-07,NET,61.2,👀 综合中性,300.3,,,,,,,,
2026-08-07,NFLX,53.41,👀 综合中性,74.14,,,,,,,,
2026-08-07,NOW,61.46,👀 综合中性,124.9,,,,,,,,
2026-08-07,NTNX,53.41,👀 综合中性,62.67,,,,,,,,
2026-08-07,NVDA,75.74,✅ 综合良好,224.0,,,,,,,,
2026-08-07,NXPI,57.99,👀 综合中性,239.7,,,,,,,,
2026-08-07,OKTA,60.79,👀 综合中性,148.3,,,,,,,,
2026-08-07,ONTO,44.83,⚠️ 谨慎评估,308.3,,,,,,,,
2026-08-07,ORCL,35.52,⚠️ 谨慎评估,147.0,,,,,,,,
2026-08-07,P,46.06,⚠️ 谨慎评估,90.05,,,,,,,,
2026-08-07,PANW,57.02,👀 综合中性,363.9,,,,,,,,
2026-08-07,PATH,64.93,👀 综合中性,15.05,,,,,,,,
2026-08-07,PLTR,70.62,✅ 综合良好,172.0,,,,,,,,
2026-08-07,PTC,54.67,👀 综合中性,147.7,,,,,,,,
2026-08-07,QCOM,44.84,⚠️ 谨慎评估,167.9,,,,,,,,
2026-08-07,ROK,50.37,👀 综合中性,441.0,,,,,,,,
2026-08-07,RXRX,40.3,⚠️ 谨慎评估,3.22,,,,,,,,
2026-08-07,S,59.51,👀 综合中性,21.4,,,,,,,,
2026-08-07,SDGR,45.4,⚠️ 谨慎评估,18.16,,,,,,,,
2026-08-07,SMCI,55.44,👀 综合中性,31.13,,,,,,,,
2026-08-07,SNOW,50.03,👀 综合中性,330.5,,,,,,,,
2026-08-07,SNPS,58.15,👀 综合中性,416.0,,,,,,,,
2026-08-07,SOUN,41.48,⚠️ 谨慎评估,8.02,,,,,,,,
2026-08-07,TEAM,61.52,👀 综合中性,149.1,,,,,,,,
2026-08-07,TEM,37.28,⚠️ 谨慎评估,52.05,,,,,,,,
2026-08-07,TSLA,23.74,🚫 风险较高,328.6,,,,,,,,
2026-08-07,TSM,63.69,👀 综合中性,420.0,,,,,,,,
2026-08-07,TTD,43.0,⚠️ 谨慎评估,13.8,,,,,,,,
2026-08-07,TXN,57.42,👀 综合中性,286.1,,,,,,,,
2026-08-07,TYL,46.44,⚠️ 谨慎评估,312.4,,,,,,,,
2026-08-07,U,45.26,⚠️ 谨慎评估,43.0,,,,,,,,
2026-08-07,VEEV,52.6,👀 综合中性,230.5,,,,,,,,
2026-08-07,VRT,55.42,👀 综合中性,272.4,,,,,,,,
2026-08-07,WDAY,63.41,👀 综合中性,179.6,,,,,,,,
2026-08-07,ZM,57.51,👀 综合中性,104.5,,,,,,,,
2026-08-07,ZS,62.5,👀 综合中性,168.7,,,,,,,,
2026-08-10,AAPL,53.71,👀 综合中性,308.3,,,,,,,,
2026-08-10,ACLS,28.75,🚫 风险较高,132.7,,,,,,,,
2026-08-10,ACN,45.11,⚠️ 谨慎评估,178.2,,,,,,,,
2026-08-10,ADBE,57.8,👀 综合中性,273.0,,,,,,,,
2026-08-10,ADI,57.35,👀 综合中性,383.9,,,,,,,,
2026-08-10,ADSK,63.92,👀 综合中性,256.1,,,,,,,,
2026-08-10,AFRM,35.53,⚠️ 谨慎评估,75.54,,,,,,,,
2026-08-10,AI,39.85,⚠️ 谨慎评估,10.4,,,,,,,,
2026-08-10,AMAT,50.66,👀 综合中性,522.1,,,,,,,,
2026-08-10,AMBA,37.05,⚠️ 谨慎评估,82.04,,,,,,,,
2026-08-10,AMD,53.28,👀 综合中性,469.6,,,,,,,,
2026-08-10,AMZN,61.5,👀 综合中性,278.1,,,,,,,,
2026-08-10,ANET,60.14,👀 综合中性,191.5,,,,,,,,
2026-08-10,AOSL,26.47,🚫 风险较高,34.56,,,,,,,,
2026-08-10,APP,52.99,👀 综合中性,339.0,,,,,,,,
2026-08-10,ARM,36.28,⚠️ 谨慎评估,267.9,,,,,,,,
2026-08-10,ASML,45.28,⚠️ 谨慎评估,1733.0,,,,,,,,
2026-08-10,AVGO,50.42,👀 综合中性,422.4,,,,,,,,
2026-08-10,BBAI,27.81,🚫 风险较高,3.23,,,,,,,,
2026-08-10,CDNS,57.64,👀 综合中性,331.9,,,,,,,,
2026-08-10,CLS,56.39,👀 综合中性,314.6,,,,,,,,
2026-08-10,COHR,49.05,⚠️ 谨慎评估,325.1,,,,,,,,
2026-08-10,CRM,62.61,👀 综合中性,197.5,,,,,,,,
2026-08-10,CRUS,53.12,👀 综合中性,121.8,,,,,,,,
2026-08-10,CRWD,54.58,👀 综合中性,225.2,,,,,,,,
2026-08-10,CSCO,56.74,👀 综合中性,122.6,,,,,,,,
2026-08-10,DDOG,63.7,👀 综合中性,260.8,,,,,,,,
2026-08-10,DELL,48.89,⚠️ 谨慎评估,457.9,,,,,,,,
2026-08-10,DOCU,60.8,👀 综合中性,59.64,,,,,,,,
2026-08-10,DT,60.12,👀 综合中性,50.57,,,,,,,,
2026-08-10,ESTC,56.77,👀 综合中性,76.32,,,,,,,,
2026-08-10,EXLS,48.97,⚠️ 谨慎评估,35.07,,,,,,,,
2026-08-10,FN,51.74,👀 综合中性,527.1,,,,,,,,
2026-08-10,FTNT,70.88,✅ 综合良好,164.2,,,,,,,,
2026-08-10,GE,51.35,👀 综合中性,366.7,,,,,,,,
2026-08-10,GEV,44.44,⚠️ 谨慎评估,990.9,,,,,,,,
2026-08-10,GOOGL,60.29,👀 综合中性,357.5,,,,,,,,
2026-08-10,GRMN,54.16,👀 综合中性,313.2,,,,,,,,
2026-08-10,GTLB,61.62,👀 综合中性,40.73,,,,,,,,
2026-08-10,HON,57.52,👀 综合中性,242.9,,,,,,,,
2026-08-10,HPE,53.34,👀 综合中性,54.68,,,,,,,,
2026-08-10,HUBS,58.97,👀 综合中性,215.9,,,,,,,,
2026-08-10,IBM,34.63,🚫 风险较高,236.3,,,,,,,,
2026-08-10,INTC,21.25,🚫 风险较高,97.52,,,,,,,,
2026-08-10,ISRG,47.97,⚠️ 谨慎评估,393.4,,,,,,,,
2026-08-10,JBL,55.34,👀 综合中性,336.6,,,,,,,,
2026-08-10,KLAC,40.23,⚠️ 谨慎评估,192.7,,,,,,,,
2026-08-10,LITE,52.1,👀 综合中性,813.5,,,,,,,,
2026-08-10,LRCX,53.96,👀 综合中性,306.4,,,,,,,,
2026-08-10,LUNR,46.73,⚠️ 谨慎评估,15.78,,,,,,,,
2026-08-10,MBLY,39.35,⚠️ 谨慎评估,8.75,,,,,,,,
2026-08-10,MCHP,49.65,⚠️ 谨慎评估,81.39,,,,,,,,
2026-08-10,MDB,57.88,👀 综合中性,416.7,,,,,,,,
2026-08-10,META,57.38,👀 综合中性,594.9,,,,,,,,
2026-08-10,MRVL,45.19,⚠️ 谨慎评估,208.6,,,,,,,,
2026-08-10,MSFT,59.12,👀 综合中性,506.1,,,,,,,,
2026-08-10,MU,52.3,👀 综合中性,861.0,,,,,,,,
2026-08-10,NET,59.77,👀 综合中性,310.6,,,,,,,,
2026-08-10,NFLX,53.49,👀 综合中性,76.29,,,,,,,,
2026-08-10,NOW,61.04,👀 综合中性,127.4,,,,,,,,
2026-08-10,NTNX,52.01,👀 综合中性,64.46,,,,,,,,
2026-08-10,NVDA,75.86,✅ 综合良好,217.6,,,,,,,,
2026-08-10,NXPI,56.98,👀 综合中性,233.4,,,,,,,,
2026-08-10,OKTA,61.19,👀 综合中性,150.8,,,,,,,,
2026-08-10,ONTO,55.49,👀 综合中性,291.4,,,,,,,,
2026-08-10,ORCL,35.94,⚠️ 谨慎评估,151.1,,,,,,,,
2026-08-10,P,45.69,⚠️ 谨慎评估,97.98,,,,,,,,
2026-08-10,PANW,55.66,👀 综合中性,385.0,,,,,,,,
2026-08-10,PATH,64.44,👀 综合中性,15.59,,,,,,,,
2026-08-10,PLTR,70.55,✅ 综合良好,175.2,,,,,,,,
2026-08-10,PTC,53.21,👀 综合中性,151.0,,,,,,,,
2026-08-10,QCOM,43.84,⚠️ 谨慎评估,162.2,,,,,,,,
2026-08-10,ROK,49.61,⚠️ 谨慎评估,435.2,,,,,,,,
2026-08-10,RXRX,40.5,⚠️ 谨慎评估,3.29,,,,,,,,
2026-08-10,S,56.91,👀 综合中性,22.23,,,,,,,,
2026-08-10,SDGR,45.4,⚠️ 谨慎评估,18.77,,,,,,,,
2026-08-10,SMCI,56.56,👀 综合中性,31.46,,,,,,,,
2026-08-10,SNOW,49.99,⚠️ 谨慎评估,334.7,,,,,,,,
2026-08-10,SNPS,59.0,👀 综合中性,411.7,,,,,,,,
2026-08-10,SOUN,41.89,⚠️ 谨慎评估,7.46,,,,,,,,
2026-08-10,TEAM,59.71,👀 综合中性,151.9,,,,,,,,
2026-08-10,TEM,38.1,⚠️ 谨慎评估,55.06,,,,,,,,
2026-08-10,TSLA,23.47,🚫 风险较高,330.9,,,,,,,,
2026-08-10,TSM,63.28,👀 综合中性,418.5,,,,,,,,
2026-08-10,TTD,40.32,⚠️ 谨慎评估,13.39,,,,,,,,
2026-08-10,TXN,57.13,👀 综合中性,280.4,,,,,,,,
2026-08-10,TYL,47.04,⚠️ 谨慎评估,318.6,,,,,,,,
2026-08-10,U,45.34,⚠️ 谨慎评估,43.1,,,,,,,,
2026-08-10,VEEV,51.12,👀 综合中性,234.7,,,,,,,,
2026-08-10,VRT,54.71,👀 综合中性,270.1,,,,,,,,
2026-08-10,WDAY,62.93,👀 综合中性,184.2,,,,,,,,
2026-08-10,ZM,56.56,👀 综合中性,107.2,,,,,,,,
2026-08-10,ZS,62.29,👀 综合中性,176.7,,,,,,,,
2026-08-11,AAPL,53.53,👀 综合中性,304.9,,,,,,,,
2026-08-11,ACLS,29.02,🚫 风险较高,135.4,,,,,,,,
2026-08-11,ACN,45.23,⚠️ 谨慎评估,179.8,,,,,,,,
2026-08-11,ADBE,57.33,👀 综合中性,263.7,,,,,,,,
2026-08-11,ADI,57.31,👀 综合中性,385.3,,,,,,,,
2026-08-11,ADSK,62.62,👀 综合中性,251.6,,,,,,,,
2026-08-11,AFRM,35.71,⚠️ 谨慎评估,76.7,,,,,,,,
2026-08-11,AI,39.41,⚠️ 谨慎评估,10.63,,,,,,,,
2026-08-11,AMAT,50.86,👀 综合中性,525.6,,,,,,,,
2026-08-11,AMBA,35.62,⚠️ 谨慎评估,82.89,,,,,,,,
2026-08-11,AMD,53.18,👀 综合中性,474.3,,,,,,,,
2026-08-11,AMZN,62.46,👀 综合中性,272.3,,,,,,,,
2026-08-11,ANET,59.91,👀 综合中性,197.8,,,,,,,,
2026-08-11,AOSL,26.51,🚫 风险较高,34.84,,,,,,,,
2026-08-11,APP,52.87,👀 综合中性,318.7,,,,,,,,
2026-08-11,ARM,36.4,⚠️ 谨慎评估,268.9,,,,,,,,
2026-08-11,ASML,45.17,⚠️ 谨慎评估,1799.0,,,,,,,,
2026-08-11,AVGO,51.03,👀 综合中性,416.1,,,,,,,,
2026-08-11,BBAI,27.95,🚫 风险较高,3.33,,,,,,,,
2026-08-11,CDNS,57.62,👀 综合中性,327.5,,,,,,,,
2026-08-11,CLS,55.94,👀 综合中性,310.4,,,,,,,,
2026-08-11,COHR,49.02,⚠️ 谨慎评估,328.6,,,,,,,,
2026-08-11,CRM,61.62,👀 综合中性,197.5,,,,,,,,
2026-08-11,CRUS,53.14,👀 综合中性,122.0,,,,,,,,
2026-08-11,CRWD,54.75,👀 综合中性,221.9,,,,,,,,
2026-08-11,CSCO,58.16,👀 综合中性,120.4,,,,,,,,
2026-08-11,DDOG,63.88,👀 综合中性,246.8,,,,,,,,
2026-08-11,DELL,48.7,⚠️ 谨慎评估,441.0,,,,,,,,
2026-08-11,DOCU,59.6,👀 综合中性,59.34,,,,,,,,
2026-08-11,DT,59.69,👀 综合中性,49.66,,,,,,,,
2026-08-11,ESTC,56.77,👀 综合中性,76.35,,,,,,,,
2026-08-11,EXLS,48.64,⚠️ 谨慎评估,34.9,,,,,,,,
2026-08-11,FN,51.77,👀 综合中性,525.9,,,,,,,,
2026-08-11,FTNT,71.01,✅ 综合良好,161.9,,,,,,,,
2026-08-11,GE,51.26,👀 综合中性,368.1,,,,,,,,
2026-08-11,GEV,45.29,⚠️ 谨慎评估,1012.0,,,,,,,,
2026-08-11,GOOGL,59.43,👀 综合中性,343.8,,,,,,,,
2026-08-11,GRMN,54.24,👀 综合中性,309.6,,,,,,,,
2026-08-11,GTLB,60.33,👀 综合中性,42.11,,,,,,,,
2026-08-11,HON,56.22,👀 综合中性,230.1,,,,,,,,
2026-08-11,HPE,53.94,👀 综合中性,54.38,,,,,,,,
2026-08-11,HUBS,59.13,👀 综合中性,220.5,,,,,,,,
2026-08-11,IBM,33.65,🚫 风险较高,238.4,,,,,,,,
2026-08-11,INTC,21.46,🚫 风险较高,97.71,,,,,,,,
2026-08-11,ISRG,46.83,⚠️ 谨慎评估,401.2,,,,,,,,
2026-08-11,JBL,54.47,👀 综合中性,356.6,,,,,,,,
2026-08-11,KLAC,40.85,⚠️ 谨慎评估,200.5,,,,,,,,
2026-08-11,LITE,52.1,👀 综合中性,820.6,,,,,,,,
2026-08-11,LRCX,53.93,👀 综合中性,311.4,,,,,,,,
2026-08-11,LUNR,47.59,⚠️ 谨慎评估,16.48,,,,,,,,
2026-08-11,MBLY,39.73,⚠️ 谨慎评估,8.87,,,,,,,,
2026-08-11,MCHP,49.49,⚠️ 谨慎评估,81.02,,,,,,,,
2026-08-11,MDB,57.69,👀 综合中性,439.2,,,,,,,,
2026-08-11,META,58.11,👀 综合中性,599.1,,,,,,,,
2026-08-11,MRVL,45.15,⚠️ 谨慎评估,212.3,,,,,,,,
2026-08-11,MSFT,59.13,👀 综合中性,503.8,,,,,,,,
2026-08-11,MU,52.41,👀 综合中性,868.5,,,,,,,,
2026-08-11,NET,59.83,👀 综合中性,307.0,,,,,,,,
2026-08-11,NFLX,54.51,👀 综合中性,74.79,,,,,,,,
2026-08-11,NOW,59.13,👀 综合中性,127.5,,,,,,,,
2026-08-11,NTNX,51.38,👀 综合中性,64.32,,,,,,,,
2026-08-11,NVDA,75.71,✅ 综合良好,217.5,,,,,,,,
2026-08-11,NXPI,57.02,👀 综合中性,236.4,,,,,,,,
2026-08-11,OKTA,59.2,👀 综合中性,150.3,,,,,,,,
2026-08-11,ONTO,55.13,👀 综合中性,319.8,,,,,,,,
2026-08-11,ORCL,36.17,⚠️ 谨慎评估,145.5,,,,,,,,
2026-08-11,P,45.1,⚠️ 谨慎评估,109.4,,,,,,,,
2026-08-11,PANW,55.12,👀 综合中性,383.8,,,,,,,,
2026-08-11,PATH,62.49,👀 综合中性,15.72,,,,,,,,
2026-08-11,PLTR,69.48,✅ 综合良好,174.9,,,,,,,,
2026-08-11,PTC,53.15,👀 综合中性,150.4,,,,,,,,
2026-08-11,QCOM,43.78,⚠️ 谨慎评估,162.7,,,,,,,,
2026-08-11,ROK,50.82,👀 综合中性,447.0,,,,,,,,
2026-08-11,RXRX,39.62,⚠️ 谨慎评估,3.35,,,,,,,,
2026-08-11,S,55.38,👀 综合中性,22.46,,,,,,,,
2026-08-11,SDGR,45.4,⚠️ 谨慎评估,18.65,,,,,,,,
2026-08-11,SMCI,56.26,👀 综合中性,31.6,,,,,,,,
2026-08-11,SNOW,50.0,👀 综合中性,334.1,,,,,,,,
2026-08-11,SNPS,57.83,👀 综合中性,410.9,,,,,,,,
2026-08-11,SOUN,41.89,⚠️ 谨慎评估,7.41,,,,,,,,
2026-08-11,TEAM,59.65,👀 综合中性,154.1,,,,,,,,
2026-08-11,TEM,37.24,⚠️ 谨慎评估,55.69,,,,,,,,
2026-08-11,TSLA,23.81,🚫 风险较高,332.8,,,,,,,,
2026-08-11,TSM,63.41,👀 综合中性,422.1,,,,,,,,
2026-08-11,TTD,39.76,⚠️ 谨慎评估,13.56,,,,,,,,
2026-08-11,TXN,56.94,👀 综合中性,281.2,,,,,,,,
2026-08-11,TYL,46.22,⚠️ 谨慎评估,322.9,,,,,,,,
2026-08-11,U,45.25,⚠️ 谨慎评估,43.87,,,,,,,,
2026-08-11,VEEV,50.32,👀 综合中性,236.6,,,,,,,,
2026-08-11,VRT,55.7,👀 综合中性,281.8,,,,,,,,
2026-08-11,WDAY,61.87,👀 综合中性,181.3,,,,,,,,
2026-08-11,ZM,55.59,👀 综合中性,106.1,,,,,,,,
2026-08-11,ZS,60.83,👀 综合中性,178.6,,,,,,,,
2026-08-12,AAPL,54.01,👀 综合中性,309.4,,,,,,,,
2026-08-12,ACLS,25.21,🚫 风险较高,139.7,,,,,,,,
2026-08-12,ACN,45.93,⚠️ 谨慎评估,170.4,,,,,,,,
2026-08-12,ADBE,58.6,👀 综合中性,257.5,,,,,,,,
2026-08-12,ADI,57.11,👀 综合中性,380.3,,,,,,,,
2026-08-12,ADSK,61.81,👀 综合中性,237.2,,,,,,,,
2026-08-12,AFRM,35.22,⚠️ 谨慎评估,78.12,,,,,,,,
2026-08-12,AI,41.23,⚠️ 谨慎评估,10.05,,,,,,,,
2026-08-12,AMAT,50.46,👀 综合中性,546.6,,,,,,,,
2026-08-12,AMBA,37.08,⚠️ 谨慎评估,82.23,,,,,,,,
2026-08-12,AMD,50.71,👀 综合中性,518.6,,,,,,,,
2026-08-12,AMZN,62.32,👀 综合中性,277.4,,,,,,,,
2026-08-12,ANET,57.51,👀 综合中性,190.5,,,,,,,,
2026-08-12,AOSL,26.4,🚫 风险较高,33.78,,,,,,,,
2026-08-12,APP,53.79,👀 综合中性,419.7,,,,,,,,
2026-08-12,ARM,36.51,⚠️ 谨慎评估,280.6,,,,,,,,
2026-08-12,ASML,45.1,⚠️ 谨慎评估,1712.0,,,,,,,,
2026-08-12,AVGO,51.14,👀 综合中性,418.2,,,,,,,,
2026-08-12,BBAI,27.54,🚫 风险较高,3.15,,,,,,,,
2026-08-12,CDNS,59.53,👀 综合中性,340.6,,,,,,,,
2026-08-12,CLS,59.13,👀 综合中性,371.1,,,,,,,,
2026-08-12,COHR,49.19,⚠️ 谨慎评估,323.7,,,,,,,,
2026-08-12,CRM,62.16,👀 综合中性,191.0,,,,,,,,
2026-08-12,CRUS,54.46,👀 综合中性,133.6,,,,,,,,
2026-08-12,CRWD,56.79,👀 综合中性,211.2,,,,,,,,
2026-08-12,CSCO,57.81,👀 综合中性,121.7,,,,,,,,
2026-08-12,DDOG,62.32,👀 综合中性,288.1,,,,,,,,
2026-08-12,DELL,48.8,⚠️ 谨慎评估,467.3,,,,,,,,
2026-08-12,DOCU,61.05,👀 综合中性,57.54,,,,,,,,
2026-08-12,DT,61.92,👀 综合中性,45.71,,,,,,,,
2026-08-12,ESTC,58.09,👀 综合中性,71.06,,,,,,,,
2026-08-12,EXLS,49.37,⚠️ 谨慎评估,34.39,,,,,,,,
2026-08-12,FN,52.15,👀 综合中性,531.0,,,,,,,,
2026-08-12,FTNT,66.56,✅ 综合良好,168.3,,,,,,,,
2026-08-12,GE,51.8,👀 综合中性,377.3,,,,,,,,
2026-08-12,GEV,44.94,⚠️ 谨慎评估,1019.0,,,,,,,,
2026-08-12,GOOGL,61.31,👀 综合中性,377.6,,,,,,,,
2026-08-12,GRMN,54.25,👀 综合中性,307.4,,,,,,,,
2026-08-12,GTLB,63.83,👀 综合中性,36.48,,,,,,,,
2026-08-12,HON,55.2,👀 综合中性,248.8,,,,,,,,
2026-08-12,HPE,55.34,👀 综合中性,52.39,,,,,,,,
2026-08-12,HUBS,59.73,👀 综合中性,248.9,,,,,,,,
2026-08-12,IBM,35.32,⚠️ 谨慎评估,235.2,,,,,,,,
2026-08-12,INTC,20.91,🚫 风险较高,100.9,,,,,,,,
2026-08-12,ISRG,48.69,⚠️ 谨慎评估,368.3,,,,,,,,
2026-08-12,JBL,55.27,👀 综合中性,340.0,,,,,,,,
2026-08-12,KLAC,41.06,⚠️ 谨慎评估,195.4,,,,,,,,
2026-08-12,LITE,52.24,👀 综合中性,849.5,,,,,,,,
2026-08-12,LRCX,53.77,👀 综合中性,317.7,,,,,,,,
2026-08-12,LUNR,45.93,⚠️ 谨慎评估,13.96,,,,,,,,
2026-08-12,MBLY,38.57,⚠️ 谨慎评估,8.64,,,,,,,,
2026-08-12,MCHP,47.04,⚠️ 谨慎评估,80.67,,,,,,,,
2026-08-12,MDB,60.69,👀 综合中性,380.0,,,,,,,,
2026-08-12,META,56.43,👀 综合中性,587.9,,,,,,,,
2026-08-12,MRVL,45.18,⚠️ 谨慎评估,218.6,,,,,,,,
2026-08-12,MSFT,58.98,👀 综合中性,492.8,,,,,,,,
2026-08-12,MU,52.73,👀 综合中性,892.7,,,,,,,,
2026-08-12,NET,59.55,👀 综合中性,301.3,,,,,,,,
2026-08-12,NFLX,55.47,👀 综合中性,73.57,,,,,,,,
2026-08-12,NOW,61.61,👀 综合中性,118.1,,,,,,,,
2026-08-12,NTNX,53.51,👀 综合中性,61.5,,,,,,,,
2026-08-12,NVDA,75.29,✅ 综合良好,211.9,,,,,,,,
2026-08-12,NXPI,57.15,👀 综合中性,237.6,,,,,,,,
2026-08-12,OKTA,60.54,👀 综合中性,147.8,,,,,,,,
2026-08-12,ONTO,45.1,⚠️ 谨慎评估,287.6,,,,,,,,
2026-08-12,ORCL,36.55,⚠️ 谨慎评估,145.7,,,,,,,,
2026-08-12,P,47.93,⚠️ 谨慎评估,83.92,,,,,,,,
2026-08-12,PANW,56.92,👀 综合中性,366.3,,,,,,,,
2026-08-12,PATH,63.34,👀 综合中性,14.1,,,,,,,,
2026-08-12,PLTR,68.58,✅ 综合良好,162.7,,,,,,,,
2026-08-12,PTC,54.48,👀 综合中性,141.7,,,,,,,,
2026-08-12,QCOM,43.6,⚠️ 谨慎评估,162.7,,,,,,,,
2026-08-12,ROK,50.11,👀 综合中性,445.2,,,,,,,,
2026-08-12,RXRX,39.95,⚠️ 谨慎评估,3.31,,,,,,,,
2026-08-12,S,59.57,👀 综合中性,20.98,,,,,,,,
2026-08-12,SDGR,42.83,⚠️ 谨慎评估,15.65,,,,,,,,
2026-08-12,SMCI,56.31,👀 综合中性,31.69,,,,,,,,
2026-08-12,SNOW,51.27,👀 综合中性,316.8,,,,,,,,
2026-08-12,SNPS,57.87,👀 综合中性,403.9,,,,,,,,
2026-08-12,SOUN,41.45,⚠️ 谨慎评估,6.51,,,,,,,,
2026-08-12,TEAM,62.89,👀 综合中性,110.3,,,,,,,,
2026-08-12,TEM,34.44,🚫 风险较高,47.05,,,,,,,,
2026-08-12,TSLA,23.02,🚫 风险较高,327.4,,,,,,,,
2026-08-12,TSM,63.37,👀 综合中性,417.2,,,,,,,,
2026-08-12,TTD,44.57,⚠️ 谨慎评估,19.34,,,,,,,,
2026-08-12,TXN,56.65,👀 综合中性,283.6,,,,,,,,
2026-08-12,TYL,46.49,⚠️ 谨慎评估,313.3,,,,,,,,
2026-08-12,U,47.17,⚠️ 谨慎评估,35.22,,,,,,,,
2026-08-12,VEEV,53.41,👀 综合中性,211.9,,,,,,,,
2026-08-12,VRT,54.95,👀 综合中性,269.9,,,,,,,,
2026-08-12,WDAY,64.36,👀 综合中性,171.3,,,,,,,,
2026-08-12,ZM,58.44,👀 综合中性,102.1,,,,,,,,
2026-08-12,ZS,62.34,👀 综合中性,163.2,,,,,,,,
2026-08-13,AAPL,52.79,👀 综合中性,305.3,,,,,,,,
2026-08-13,ACLS,29.0,🚫 风险较高,143.0,,,,,,,,
2026-08-13,ACN,46.0,⚠️ 谨慎评估,178.5,,,,,,,,
2026-08-13,ADBE,57.7,👀 综合中性,270.5,,,,,,,,
2026-08-13,ADI,57.29,👀 综合中性,381.2,,,,,,,,
2026-08-13,ADSK,63.85,👀 综合中性,258.0,,,,,,,,
2026-08-13,AFRM,35.86,⚠️ 谨慎评估,78.32,,,,,,,,
2026-08-13,AI,39.74,⚠️ 谨慎评估,10.18,,,,,,,,
2026-08-13,AMAT,50.92,👀 综合中性,534.5,,,,,,,,
2026-08-13,AMBA,35.49,⚠️ 谨慎评估,81.96,,,,,,,,
2026-08-13,AMD,53.77,👀 综合中性,483.0,,,,,,,,
2026-08-13,AMZN,60.84,👀 综合中性,265.1,,,,,,,,
2026-08-13,ANET,58.65,👀 综合中性,203.6,,,,,,,,
2026-08-13,AOSL,24.3,🚫 风险较高,30.62,,,,,,,,
2026-08-13,APP,53.01,👀 综合中性,312.7,,,,,,,,
2026-08-13,ARM,36.67,⚠️ 谨慎评估,278.6,,,,,,,,
2026-08-13,ASML,45.16,⚠️ 谨慎评估,1848.0,,,,,,,,
2026-08-13,AVGO,49.87,⚠️ 谨慎评估,417.8,,,,,,,,
2026-08-13,BBAI,27.06,🚫 风险较高,3.34,,,,,,,,
2026-08-13,CDNS,57.73,👀 综合中性,323.8,,,,,,,,
2026-08-13,CLS,57.85,👀 综合中性,347.6,,,,,,,,
2026-08-13,COHR,50.61,👀 综合中性,327.2,,,,,,,,
2026-08-13,CRM,61.61,👀 综合中性,201.4,,,,,,,,
2026-08-13,CRUS,53.3,👀 综合中性,121.2,,,,,,,,
2026-08-13,CRWD,53.15,👀 综合中性,225.5,,,,,,,,
2026-08-13,CSCO,59.88,👀 综合中性,113.5,,,,,,,,
2026-08-13,DDOG,63.83,👀 综合中性,252.2,,,,,,,,
2026-08-13,DELL,48.62,⚠️ 谨慎评估,494.5,,,,,,,,
2026-08-13,DOCU,60.27,👀 综合中性,64.09,,,,,,,,
2026-08-13,DT,58.53,👀 综合中性,50.75,,,,,,,,
2026-08-13,ESTC,56.77,👀 综合中性,86.03,,,,,,,,
2026-08-13,EXLS,49.22,⚠️ 谨慎评估,35.37,,,,,,,,
2026-08-13,FN,52.95,👀 综合中性,566.5,,,,,,,,
2026-08-13,FTNT,70.24,✅ 综合良好,165.4,,,,,,,,
2026-08-13,GE,51.84,👀 综合中性,360.6,,,,,,,,
2026-08-13,GEV,45.19,⚠️ 谨慎评估,1049.0,,,,,,,,
2026-08-13,GOOGL,59.98,👀 综合中性,346.4,,,,,,,,
2026-08-13,GRMN,54.19,👀 综合中性,311.9,,,,,,,,
2026-08-13,GTLB,60.33,👀 综合中性,43.35,,,,,,,,
2026-08-13,HON,55.94,👀 综合中性,234.0,,,,,,,,
2026-08-13,HPE,51.96,👀 综合中性,59.82,,,,,,,,
2026-08-13,HUBS,60.46,👀 综合中性,240.5,,,,,,,,
2026-08-13,IBM,34.47,🚫 风险较高,237.1,,,,,,,,
2026-08-13,INTC,21.98,🚫 风险较高,104.6,,,,,,,,
2026-08-13,ISRG,45.76,⚠️ 谨慎评估,401.3,,,,,,,,
2026-08-13,JBL,53.02,👀 综合中性,370.4,,,,,,,,
2026-08-13,KLAC,41.24,⚠️ 谨慎评估,209.4,,,,,,,,
2026-08-13,LITE,54.27,👀 综合中性,880.4,,,,,,,,
2026-08-13,LRCX,53.71,👀 综合中性,337.0,,,,,,,,
2026-08-13,LUNR,46.4,⚠️ 谨慎评估,17.56,,,,,,,,
2026-08-13,MBLY,39.38,⚠️ 谨慎评估,8.9,,,,,,,,
2026-08-13,MCHP,49.06,⚠️ 谨慎评估,77.69,,,,,,,,
2026-08-13,MDB,57.36,👀 综合中性,472.3,,,,,,,,
2026-08-13,META,58.71,👀 综合中性,595.0,,,,,,,,
2026-08-13,MRVL,45.34,⚠️ 谨慎评估,222.2,,,,,,,,
2026-08-13,MSFT,59.14,👀 综合中性,496.9,,,,,,,,
2026-08-13,MU,52.76,👀 综合中性,949.8,,,,,,,,
2026-08-13,NET,58.0,👀 综合中性,330.8,,,,,,,,
2026-08-13,NFLX,54.87,👀 综合中性,78.24,,,,,,,,
2026-08-13,NOW,59.2,👀 综合中性,127.2,,,,,,,,
2026-08-13,NTNX,50.85,👀 综合中性,67.95,,,,,,,,
2026-08-13,NVDA,76.59,✅ 综合良好,225.3,,,,,,,,
2026-08-13,NXPI,56.83,👀 综合中性,231.9,,,,,,,,
2026-08-13,OKTA,58.84,👀 综合中性,154.9,,,,,,,,
2026-08-13,ONTO,54.8,👀 综合中性,337.8,,,,,,,,
2026-08-13,ORCL,34.91,🚫 风险较高,156.2,,,,,,,,
2026-08-13,P,44.76,⚠️ 谨慎评估,117.3,,,,,,,,
2026-08-13,PANW,53.07,👀 综合中性,396.0,,,,,,,,
2026-08-13,PATH,62.49,👀 综合中性,16.68,,,,,,,,
2026-08-13,PLTR,69.5,✅ 综合良好,179.0,,,,,,,,
2026-08-13,PTC,53.62,👀 综合中性,153.9,,,,,,,,
2026-08-13,QCOM,44.53,⚠️ 谨慎评估,164.8,,,,,,,,
2026-08-13,ROK,50.53,👀 综合中性,445.5,,,,,,,,
2026-08-13,RXRX,39.7,⚠️ 谨慎评估,3.31,,,,,,,,
2026-08-13,S,55.19,👀 综合中性,23.84,,,,,,,,
2026-08-13,SDGR,45.4,⚠️ 谨慎评估,18.46,,,,,,,,
2026-08-13,SMCI,57.55,👀 综合中性,39.16,,,,,,,,
2026-08-13,SNOW,49.97,⚠️ 谨慎评估,337.4,,,,,,,,
2026-08-13,SNPS,57.36,👀 综合中性,411.8,,,,,,,,
2026-08-13,SOUN,41.57,⚠️ 谨慎评估,7.48,,,,,,,,
2026-08-13,TEAM,59.31,👀 综合中性,166.0,,,,,,,,
2026-08-13,TEM,35.79,⚠️ 谨慎评估,54.29,,,,,,,,
2026-08-13,TSLA,25.16,🚫 风险较高,340.0,,,,,,,,
2026-08-13,TSM,63.97,👀 综合中性,430.5,,,,,,,,
2026-08-13,TTD,40.11,⚠️ 谨慎评估,14.56,,,,,,,,
2026-08-13,TXN,57.47,👀 综合中性,273.4,,,,,,,,
2026-08-13,TYL,47.66,⚠️ 谨慎评估,328.9,,,,,,,,
2026-08-13,U,45.04,⚠️ 谨慎评估,45.79,,,,,,,,
2026-08-13,VEEV,49.55,⚠️ 谨慎评估,252.6,,,,,,,,
2026-08-13,VRT,56.09,👀 综合中性,287.1,,,,,,,,
2026-08-13,WDAY,61.63,👀 综合中性,206.4,,,,,,,,
2026-08-13,ZM,55.38,👀 综合中性,109.8,,,,,,,,
2026-08-13,ZS,61.71,👀 综合中性,188.2,,,,,,,,
2026-08-14,AAPL,52.66,👀 综合中性,305.9,,,,,,,,
2026-08-14,ACLS,29.27,🚫 风险较高,140.2,,,,,,,,
2026-08-14,ACN,46.82,⚠️ 谨慎评估,176.9,,,,,,,,
2026-08-14,ADBE,59.14,👀 综合中性,264.0,,,,,,,,
2026-08-14,ADI,57.71,👀 综合中性,389.4,,,,,,,,
2026-08-14,ADSK,65.28,✅ 综合良好,251.7,,,,,,,,
2026-08-14,AFRM,35.74,⚠️ 谨慎评估,78.35,,,,,,,,
2026-08-14,AI,41.12,⚠️ 谨慎评估,9.93,,,,,,,,
2026-08-14,AMAT,51.38,👀 综合中性,507.2,,,,,,,,
2026-08-14,AMBA,35.5,⚠️ 谨慎评估,82.04,,,,,,,,
2026-08-14,AMD,54.1,👀 综合中性,514.4,,,,,,,,
2026-08-14,AMZN,60.89,👀 综合中性,262.6,,,,,,,,
2026-08-14,ANET,59.87,👀 综合中性,198.8,,,,,,,,
2026-08-14,AOSL,24.34,🚫 风险较高,30.77,,,,,,,,
2026-08-14,APP,52.71,👀 综合中性,315.4,,,,,,,,
2026-08-14,ARM,36.61,⚠️ 谨慎评估,279.4,,,,,,,,
2026-08-14,ASML,44.22,⚠️ 谨慎评估,1844.0,,,,,,,,
2026-08-14,AVGO,50.31,👀 综合中性,393.0,,,,,,,,
2026-08-14,BBAI,27.93,🚫 风险较高,3.27,,,,,,,,
2026-08-14,CDNS,56.9,👀 综合中性,324.8,,,,,,,,
2026-08-14,CLS,57.16,👀 综合中性,335.1,,,,,,,,
2026-08-14,COHR,50.74,👀 综合中性,325.8,,,,,,,,
2026-08-14,CRM,62.65,👀 综合中性,196.2,,,,,,,,
2026-08-14,CRUS,52.97,👀 综合中性,121.1,,,,,,,,
2026-08-14,CRWD,54.71,👀 综合中性,216.9,,,,,,,,
2026-08-14,CSCO,59.85,👀 综合中性,111.7,,,,,,,,
2026-08-14,DDOG,63.75,👀 综合中性,255.5,,,,,,,,
2026-08-14,DELL,48.69,⚠️ 谨慎评估,490.8,,,,,,,,
2026-08-14,DOCU,61.52,👀 综合中性,62.04,,,,,,,,
2026-08-14,DT,61.05,👀 综合中性,49.14,,,,,,,,
2026-08-14,ESTC,56.77,👀 综合中性,86.68,,,,,,,,
2026-08-14,EXLS,49.82,⚠️ 谨慎评估,34.81,,,,,,,,
2026-08-14,FN,52.15,👀 综合中性,570.2,,,,,,,,
2026-08-14,FTNT,71.08,✅ 综合良好,160.0,,,,,,,,
2026-08-14,GE,51.85,👀 综合中性,368.4,,,,,,,,
2026-08-14,GEV,45.36,⚠️ 谨慎评估,1063.0,,,,,,,,
2026-08-14,GOOGL,59.83,👀 综合中性,345.9,,,,,,,,
2026-08-14,GRMN,54.22,👀 综合中性,310.2,,,,,,,,
2026-08-14,GTLB,60.33,👀 综合中性,42.62,,,,,,,,
2026-08-14,HON,55.62,👀 综合中性,234.0,,,,,,,,
2026-08-14,HPE,52.77,👀 综合中性,58.71,,,,,,,,
2026-08-14,HUBS,59.34,👀 综合中性,224.1,,,,,,,,
2026-08-14,IBM,35.05,⚠️ 谨慎评估,234.3,,,,,,,,
2026-08-14,INTC,21.93,🚫 风险较高,102.5,,,,,,,,
2026-08-14,ISRG,47.59,⚠️ 谨慎评估,394.5,,,,,,,,
2026-08-14,JBL,53.68,👀 综合中性,363.1,,,,,,,,
2026-08-14,KLAC,41.29,⚠️ 谨慎评估,203.7,,,,,,,,
2026-08-14,LITE,56.71,👀 综合中性,926.1,,,,,,,,
2026-08-14,LRCX,53.96,👀 综合中性,332.4,,,,,,,,
2026-08-14,LUNR,47.26,⚠️ 谨慎评估,19.01,,,,,,,,
2026-08-14,MBLY,39.24,⚠️ 谨慎评估,8.92,,,,,,,,
2026-08-14,MCHP,49.39,⚠️ 谨慎评估,79.17,,,,,,,,
2026-08-14,MDB,57.48,👀 综合中性,460.3,,,,,,,,
2026-08-14,META,58.55,👀 综合中性,589.9,,,,,,,,
2026-08-14,MRVL,45.42,⚠️ 谨慎评估,222.0,,,,,,,,
2026-08-14,MSFT,59.12,👀 综合中性,495.4,,,,,,,,
2026-08-14,MU,52.84,👀 综合中性,971.7,,,,,,,,
2026-08-14,NET,59.65,👀 综合中性,315.8,,,,,,,,
2026-08-14,NFLX,55.01,👀 综合中性,78.16,,,,,,,,
2026-08-14,NOW,60.83,👀 综合中性,124.0,,,,,,,,
2026-08-14,NTNX,51.0,👀 综合中性,66.61,,,,,,,,
2026-08-14,NVDA,74.17,✅ 综合良好,225.2,,,,,,,,
2026-08-14,NXPI,57.26,👀 综合中性,234.7,,,,,,,,
2026-08-14,OKTA,61.24,👀 综合中性,147.4,,,,,,,,
2026-08-14,ONTO,54.9,👀 综合中性,331.7,,,,,,,,
2026-08-14,ORCL,35.63,⚠️ 谨慎评估,150.5,,,,,,,,
2026-08-14,P,44.72,⚠️ 谨慎评估,118.2,,,,,,,,
2026-08-14,PANW,54.02,👀 综合中性,384.3,,,,,,,,
2026-08-14,PATH,63.3,👀 综合中性,16.01,,,,,,,,
2026-08-14,PLTR,70.4,✅ 综合良好,174.0,,,,,,,,
2026-08-14,PTC,54.05,👀 综合中性,149.8,,,,,,,,
2026-08-14,QCOM,44.55,⚠️ 谨慎评估,165.8,,,,,,,,
2026-08-14,ROK,50.61,👀 综合中性,449.4,,,,,,,,
2026-08-14,RXRX,39.99,⚠️ 谨慎评估,3.16,,,,,,,,
2026-08-14,S,55.29,👀 综合中性,23.11,,,,,,,,
2026-08-14,SDGR,47.15,⚠️ 谨慎评估,17.59,,,,,,,,
2026-08-14,SMCI,58.08,👀 综合中性,39.84,,,,,,,,
2026-08-14,SNOW,50.04,👀 综合中性,328.9,,,,,,,,
2026-08-14,SNPS,58.0,👀 综合中性,421.5,,,,,,,,
2026-08-14,SOUN,42.17,⚠️ 谨慎评估,7.43,,,,,,,,
2026-08-14,TEAM,59.41,👀 综合中性,162.2,,,,,,,,
2026-08-14,TEM,36.35,⚠️ 谨慎评估,52.1,,,,,,,,
2026-08-14,TSLA,24.62,🚫 风险较高,342.3,,,,,,,,
2026-08-14,TSM,63.98,👀 综合中性,426.4,,,,,,,,
2026-08-14,TTD,39.72,⚠️ 谨慎评估,14.14,,,,,,,,
2026-08-14,TXN,57.52,👀 综合中性,279.6,,,,,,,,
2026-08-14,TYL,47.41,⚠️ 谨慎评估,328.6,,,,,,,,
2026-08-14,U,44.99,⚠️ 谨慎评估,46.25,,,,,,,,
2026-08-14,VEEV,49.97,⚠️ 谨慎评估,243.8,,,,,,,,
2026-08-14,VRT,56.1,👀 综合中性,293.8,,,,,,,,
2026-08-14,WDAY,63.22,👀 综合中性,198.7,,,,,,,,
2026-08-14,ZM,56.65,👀 综合中性,106.0,,,,,,,,
2026-08-14,ZS,62.11,👀 综合中性,183.6,,,,,,,,
2026-08-17,AAPL,52.48,👀 综合中性,305.6,,,,,,,,
2026-08-17,ACLS,28.04,🚫 风险较高,144.1,,,,,,,,
2026-08-17,ACN,48.09,⚠️ 谨慎评估,170.0,,,,,,,,
2026-08-17,ADBE,58.15,👀 综合中性,254.0,,,,,,,,
2026-08-17,ADI,57.9,👀 综合中性,390.3,,,,,,,,
2026-08-17,ADSK,65.37,✅ 综合良好,241.6,,,,,,,,
2026-08-17,AFRM,35.44,⚠️ 谨慎评估,74.52,,,,,,,,
2026-08-17,AI,41.88,⚠️ 谨慎评估,9.7,,,,,,,,
2026-08-17,AMAT,54.57,👀 综合中性,535.3,,,,,,,,
2026-08-17,AMBA,36.48,⚠️ 谨慎评估,78.54,,,,,,,,
2026-08-17,AMD,54.43,👀 综合中性,506.0,,,,,,,,
2026-08-17,AMZN,60.88,👀 综合中性,261.3,,,,,,,,
2026-08-17,ANET,58.64,👀 综合中性,201.8,,,,,,,,
2026-08-17,AOSL,21.96,🚫 风险较高,31.07,,,,,,,,
2026-08-17,APP,52.64,👀 综合中性,312.0,,,,,,,,
2026-08-17,ARM,36.8,⚠️ 谨慎评估,271.4,,,,,,,,
2026-08-17,ASML,42.08,⚠️ 谨慎评估,1883.0,,,,,,,,
2026-08-17,AVGO,50.32,👀 综合中性,392.4,,,,,,,,
2026-08-17,BBAI,27.94,🚫 风险较高,3.21,,,,,,,,
2026-08-17,CDNS,55.98,👀 综合中性,323.5,,,,,,,,
2026-08-17,CLS,57.15,👀 综合中性,340.4,,,,,,,,
2026-08-17,COHR,51.47,👀 综合中性,351.2,,,,,,,,
2026-08-17,CRM,62.94,👀 综合中性,191.0,,,,,,,,
2026-08-17,CRUS,52.77,👀 综合中性,119.9,,,,,,,,
2026-08-17,CRWD,55.36,👀 综合中性,213.9,,,,,,,,
2026-08-17,CSCO,62.29,👀 综合中性,112.9,,,,,,,,
2026-08-17,DDOG,63.82,👀 综合中性,247.3,,,,,,,,
2026-08-17,DELL,48.01,⚠️ 谨慎评估,479.8,,,,,,,,
2026-08-17,DOCU,61.72,👀 综合中性,59.82,,,,,,,,
2026-08-17,DT,62.35,👀 综合中性,47.61,,,,,,,,
2026-08-17,ESTC,56.77,👀 综合中性,83.44,,,,,,,,
2026-08-17,EXLS,50.71,👀 综合中性,34.56,,,,,,,,
2026-08-17,FN,51.49,👀 综合中性,598.6,,,,,,,,
2026-08-17,FTNT,71.16,✅ 综合良好,155.8,,,,,,,,
2026-08-17,GE,51.8,👀 综合中性,369.4,,,,,,,,
2026-08-17,GEV,43.17,⚠️ 谨慎评估,1079.0,,,,,,,,
2026-08-17,GOOGL,59.54,👀 综合中性,344.0,,,,,,,,
2026-08-17,GRMN,54.28,👀 综合中性,307.5,,,,,,,,
2026-08-17,GTLB,62.38,👀 综合中性,40.52,,,,,,,,
2026-08-17,HON,54.99,👀 综合中性,229.4,,,,,,,,
2026-08-17,HPE,52.06,👀 综合中性,57.61,,,,,,,,
2026-08-17,HUBS,58.92,👀 综合中性,215.2,,,,,,,,
2026-08-17,IBM,35.86,⚠️ 谨慎评估,228.8,,,,,,,,
2026-08-17,INTC,20.82,🚫 风险较高,103.5,,,,,,,,
2026-08-17,ISRG,48.39,⚠️ 谨慎评估,390.3,,,,,,,,
2026-08-17,JBL,52.59,👀 综合中性,369.9,,,,,,,,
2026-08-17,KLAC,41.63,⚠️ 谨慎评估,205.8,,,,,,,,
2026-08-17,LITE,54.74,👀 综合中性,968.9,,,,,,,,
2026-08-17,LRCX,51.71,👀 综合中性,343.8,,,,,,,,
2026-08-17,LUNR,47.27,⚠️ 谨慎评估,20.38,,,,,,,,
2026-08-17,MBLY,40.03,⚠️ 谨慎评估,9.23,,,,,,,,
2026-08-17,MCHP,49.7,⚠️ 谨慎评估,80.26,,,,,,,,
2026-08-17,MDB,58.39,👀 综合中性,438.7,,,,,,,,
2026-08-17,META,57.72,👀 综合中性,569.0,,,,,,,,
2026-08-17,MRVL,43.48,⚠️ 谨慎评估,234.3,,,,,,,,
2026-08-17,MSFT,59.72,👀 综合中性,480.4,,,,,,,,
2026-08-17,MU,52.05,👀 综合中性,1012.0,,,,,,,,
2026-08-17,NET,60.3,👀 综合中性,307.0,,,,,,,,
2026-08-17,NFLX,56.59,👀 综合中性,76.02,,,,,,,,
2026-08-17,NOW,61.66,👀 综合中性,117.7,,,,,,,,
2026-08-17,NTNX,52.45,👀 综合中性,65.66,,,,,,,,
2026-08-17,NVDA,74.23,✅ 综合良好,225.0,,,,,,,,
2026-08-17,NXPI,57.39,👀 综合中性,232.7,,,,,,,,
2026-08-17,OKTA,61.32,👀 综合中性,143.2,,,,,,,,
2026-08-17,ONTO,52.71,👀 综合中性,351.2,,,,,,,,
2026-08-17,ORCL,35.91,⚠️ 谨慎评估,146.7,,,,,,,,
2026-08-17,P,44.78,⚠️ 谨慎评估,117.0,,,,,,,,
2026-08-17,PANW,55.05,👀 综合中性,375.8,,,,,,,,
2026-08-17,PATH,63.6,👀 综合中性,15.99,,,,,,,,
2026-08-17,PLTR,69.37,✅ 综合良好,172.6,,,,,,,,
2026-08-17,PTC,54.88,👀 综合中性,146.0,,,,,,,,
2026-08-17,QCOM,44.35,⚠️ 谨慎评估,162.2,,,,,,,,
2026-08-17,ROK,50.02,👀 综合中性,444.6,,,,,,,,
2026-08-17,RXRX,39.65,⚠️ 谨慎评估,3.11,,,,,,,,
2026-08-17,S,57.73,👀 综合中性,21.82,,,,,,,,
2026-08-17,SDGR,47.77,⚠️ 谨慎评估,17.4,,,,,,,,
2026-08-17,SMCI,58.18,👀 综合中性,38.28,,,,,,,,
2026-08-17,SNOW,50.03,👀 综合中性,330.1,,,,,,,,
2026-08-17,SNPS,58.1,👀 综合中性,413.2,,,,,,,,
2026-08-17,SOUN,41.66,⚠️ 谨慎评估,7.04,,,,,,,,
2026-08-17,TEAM,61.58,👀 综合中性,158.3,,,,,,,,
2026-08-17,TEM,36.46,⚠️ 谨慎评估,51.64,,,,,,,,
2026-08-17,TSLA,24.68,🚫 风险较高,339.3,,,,,,,,
2026-08-17,TSM,62.21,👀 综合中性,431.0,,,,,,,,
2026-08-17,TTD,39.21,⚠️ 谨慎评估,13.4,,,,,,,,
2026-08-17,TXN,57.59,👀 综合中性,282.9,,,,,,,,
2026-08-17,TYL,46.54,⚠️ 谨慎评估,320.5,,,,,,,,
2026-08-17,U,45.08,⚠️ 谨慎评估,45.45,,,,,,,,
2026-08-17,VEEV,51.84,👀 综合中性,238.3,,,,,,,,
2026-08-17,VRT,56.39,👀 综合中性,292.4,,,,,,,,
2026-08-17,WDAY,64.61,👀 综合中性,191.2,,,,,,,,
2026-08-17,ZM,57.22,👀 综合中性,105.6,,,,,,,,
2026-08-17,ZS,62.45,👀 综合中性,184.4,,,,,,,,
2026-08-18,AAPL,52.86,👀 综合中性,310.0,,,,,,,,
2026-08-18,ACLS,28.65,🚫 风险较高,135.4,,,,,,,,
2026-08-18,ACN,48.08,⚠️ 谨慎评估,172.9,,,,,,,,
2026-08-18,ADBE,58.6,👀 综合中性,263.1,,,,,,,,
2026-08-18,ADI,57.25,👀 综合中性,376.6,,,,,,,,
2026-08-18,ADSK,65.65,✅ 综合良好,246.8,,,,,,,,
2026-08-18,AFRM,35.38,⚠️ 谨慎评估,73.56,,,,,,,,
2026-08-18,AI,42.31,⚠️ 谨慎评估,9.87,,,,,,,,
2026-08-18,AMAT,55.06,👀 综合中性,514.3,,,,,,,,
2026-08-18,AMBA,35.45,⚠️ 谨慎评估,74.82,,,,,,,,
2026-08-18,AMD,54.62,👀 综合中性,484.4,,,,,,,,
2026-08-18,AMZN,60.51,👀 综合中性,259.4,,,,,,,,
2026-08-18,ANET,58.75,👀 综合中性,193.2,,,,,,,,
2026-08-18,AOSL,21.11,🚫 风险较高,28.38,,,,,,,,
2026-08-18,APP,52.69,👀 综合中性,307.3,,,,,,,,
2026-08-18,ARM,36.9,⚠️ 谨慎评估,253.3,,,,,,,,
2026-08-18,ASML,43.7,⚠️ 谨慎评估,1803.0,,,,,,,,
2026-08-18,AVGO,50.02,👀 综合中性,380.0,,,,,,,,
2026-08-18,BBAI,27.13,🚫 风险较高,3.12,,,,,,,,
2026-08-18,CDNS,55.97,👀 综合中性,316.5,,,,,,,,
2026-08-18,CLS,55.96,👀 综合中性,310.6,,,,,,,,
2026-08-18,COHR,53.24,👀 综合中性,306.4,,,,,,,,
2026-08-18,CRM,63.36,👀 综合中性,196.1,,,,,,,,
2026-08-18,CRUS,52.31,👀 综合中性,116.9,,,,,,,,
2026-08-18,CRWD,55.16,👀 综合中性,212.9,,,,,,,,
2026-08-18,CSCO,62.45,👀 综合中性,111.6,,,,,,,,
2026-08-18,DDOG,63.61,👀 综合中性,246.0,,,,,,,,
2026-08-18,DELL,47.72,⚠️ 谨慎评估,468.6,,,,,,,,
2026-08-18,DOCU,61.65,👀 综合中性,60.01,,,,,,,,
2026-08-18,DT,61.58,👀 综合中性,49.26,,,,,,,,
2026-08-18,ESTC,56.77,👀 综合中性,85.01,,,,,,,,
2026-08-18,EXLS,51.16,👀 综合中性,35.47,,,,,,,,
2026-08-18,FN,51.7,👀 综合中性,482.6,,,,,,,,
2026-08-18,FTNT,71.04,✅ 综合良好,158.0,,,,,,,,
2026-08-18,GE,50.81,👀 综合中性,375.1,,,,,,,,
2026-08-18,GEV,44.71,⚠️ 谨慎评估,1005.0,,,,,,,,
2026-08-18,GOOGL,59.48,👀 综合中性,344.2,,,,,,,,
2026-08-18,GRMN,57.8,👀 综合中性,297.4,,,,,,,,
2026-08-18,GTLB,62.4,👀 综合中性,41.5,,,,,,,,
2026-08-18,HON,55.2,👀 综合中性,227.7,,,,,,,,
2026-08-18,HPE,52.66,👀 综合中性,55.69,,,,,,,,
2026-08-18,HUBS,59.25,👀 综合中性,226.2,,,,,,,,
2026-08-18,IBM,36.18,⚠️ 谨慎评估,232.7,,,,,,,,
2026-08-18,INTC,21.29,🚫 风险较高,96.69,,,,,,,,
2026-08-18,ISRG,47.16,⚠️ 谨慎评估,391.2,,,,,,,,
2026-08-18,JBL,54.39,👀 综合中性,338.6,,,,,,,,
2026-08-18,KLAC,40.83,⚠️ 谨慎评估,194.8,,,,,,,,
2026-08-18,LITE,55.69,👀 综合中性,873.3,,,,,,,,
2026-08-18,LRCX,52.02,👀 综合中性,327.9,,,,,,,,
2026-08-18,LUNR,46.29,⚠️ 谨慎评估,19.31,,,,,,,,
2026-08-18,MBLY,39.22,⚠️ 谨慎评估,8.87,,,,,,,,
2026-08-18,MCHP,49.48,⚠️ 谨慎评估,78.19,,,,,,,,
2026-08-18,MDB,58.84,👀 综合中性,434.6,,,,,,,,
2026-08-18,META,56.68,👀 综合中性,543.7,,,,,,,,
2026-08-18,MRVL,44.23,⚠️ 谨慎评估,216.0,,,,,,,,
2026-08-18,MSFT,59.54,👀 综合中性,481.6,,,,,,,,
2026-08-18,MU,51.98,👀 综合中性,940.8,,,,,,,,
2026-08-18,NET,61.05,👀 综合中性,301.4,,,,,,,,
2026-08-18,NFLX,56.94,👀 综合中性,77.77,,,,,,,,
2026-08-18,NOW,61.78,👀 综合中性,119.5,,,,,,,,
2026-08-18,NTNX,52.95,👀 综合中性,65.83,,,,,,,,
2026-08-18,NVDA,73.47,✅ 综合良好,219.7,,,,,,,,
2026-08-18,NXPI,57.82,👀 综合中性,228.6,,,,,,,,
2026-08-18,OKTA,61.36,👀 综合中性,143.9,,,,,,,,
2026-08-18,ONTO,53.6,👀 综合中性,315.4,,,,,,,,
2026-08-18,ORCL,35.87,⚠️ 谨慎评估,142.8,,,,,,,,
2026-08-18,P,44.78,⚠️ 谨慎评估,117.1,,,,,,,,
2026-08-18,PANW,54.77,👀 综合中性,374.1,,,,,,,,
2026-08-18,PATH,64.53,👀 综合中性,15.58,,,,,,,,
2026-08-18,PLTR,69.34,✅ 综合良好,171.5,,,,,,,,
2026-08-18,PTC,55.48,👀 综合中性,146.5,,,,,,,,
2026-08-18,QCOM,44.38,⚠️ 谨慎评估,160.2,,,,,,,,
2026-08-18,ROK,49.86,⚠️ 谨慎评估,433.7,,,,,,,,
2026-08-18,RXRX,39.73,⚠️ 谨慎评估,3.09,,,,,,,,
2026-08-18,S,57.27,👀 综合中性,22.49,,,,,,,,
2026-08-18,SDGR,47.56,⚠️ 谨慎评估,17.67,,,,,,,,
2026-08-18,SMCI,57.17,👀 综合中性,37.41,,,,,,,,
2026-08-18,SNOW,51.41,👀 综合中性,325.3,,,,,,,,
2026-08-18,SNPS,57.72,👀 综合中性,404.4,,,,,,,,
2026-08-18,SOUN,40.97,⚠️ 谨慎评估,6.99,,,,,,,,
2026-08-18,TEAM,61.51,👀 综合中性,163.0,,,,,,,,
2026-08-18,TEM,36.31,⚠️ 谨慎评估,49.36,,,,,,,,
2026-08-18,TSLA,23.62,🚫 风险较高,336.9,,,,,,,,
2026-08-18,TSM,62.01,👀 综合中性,413.4,,,,,,,,
2026-08-18,TTD,39.16,⚠️ 谨慎评估,13.42,,,,,,,,
2026-08-18,TXN,57.7,👀 综合中性,272.2,,,,,,,,
2026-08-18,TYL,47.25,⚠️ 谨慎评估,332.2,,,,,,,,
2026-08-18,U,44.92,⚠️ 谨慎评估,46.74,,,,,,,,
2026-08-18,VEEV,51.75,👀 综合中性,242.8,,,,,,,,
2026-08-18,VRT,54.1,👀 综合中性,272.5,,,,,,,,
2026-08-18,WDAY,65.37,✅ 综合良好,190.6,,,,,,,,
2026-08-18,ZM,57.64,👀 综合中性,104.7,,,,,,,,
2026-08-18,ZS,62.67,👀 综合中性,185.7,,,,,,,,
2026-08-19,AAPL,53.98,👀 综合中性,316.8,,,,,,,,
2026-08-19,ACLS,28.95,🚫 风险较高,126.4,,,,,,,,
2026-08-19,ACN,47.08,⚠️ 谨慎评估,183.2,,,,,,,,
2026-08-19,ADBE,59.76,👀 综合中性,272.5,,,,,,,,
2026-08-19,ADI,56.69,👀 综合中性,373.3,,,,,,,,
2026-08-19,ADSK,66.43,✅ 综合良好,251.3,,,,,,,,
2026-08-19,AFRM,35.72,⚠️ 谨慎评估,77.33,,,,,,,,
2026-08-19,AI,41.97,⚠️ 谨慎评估,10.38,,,,,,,,
2026-08-19,AMAT,54.72,👀 综合中性,496.2,,,,,,,,
2026-08-19,AMBA,35.16,⚠️ 谨慎评估,74.59,,,,,,,,
2026-08-19,AMD,54.11,👀 综合中性,466.4,,,,,,,,
2026-08-19,AMZN,61.0,👀 综合中性,265.8,,,,,,,,
2026-08-19,ANET,60.3,👀 综合中性,186.4,,,,,,,,
2026-08-19,AOSL,20.14,🚫 风险较高,27.14,,,,,,,,
2026-08-19,APP,52.68,👀 综合中性,310.8,,,,,,,,
2026-08-19,ARM,36.69,⚠️ 谨慎评估,249.3,,,,,,,,
2026-08-19,ASML,45.95,⚠️ 谨慎评估,1752.0,,,,,,,,
2026-08-19,AVGO,48.8,⚠️ 谨慎评估,362.5,,,,,,,,
2026-08-19,BBAI,27.9,🚫 风险较高,3.17,,,,,,,,
2026-08-19,CDNS,55.79,👀 综合中性,315.0,,,,,,,,
2026-08-19,CLS,54.89,👀 综合中性,301.4,,,,,,,,
2026-08-19,COHR,52.08,👀 综合中性,287.5,,,,,,,,
2026-08-19,CRM,63.16,👀 综合中性,206.1,,,,,,,,
2026-08-19,CRUS,52.63,👀 综合中性,118.1,,,,,,,,
2026-08-19,CRWD,57.28,👀 综合中性,201.6,,,,,,,,
2026-08-19,CSCO,62.39,👀 综合中性,110.5,,,,,,,,
2026-08-19,DDOG,63.32,👀 综合中性,233.5,,,,,,,,
2026-08-19,DELL,48.96,⚠️ 谨慎评估,437.6,,,,,,,,
2026-08-19,DOCU,61.49,👀 综合中性,62.11,,,,,,,,
2026-08-19,DT,61.51,👀 综合中性,49.6,,,,,,,,
2026-08-19,ESTC,56.77,👀 综合中性,87.34,,,,,,,,
2026-08-19,EXLS,51.24,👀 综合中性,37.02,,,,,,,,
2026-08-19,FN,51.81,👀 综合中性,454.6,,,,,,,,
2026-08-19,FTNT,71.0,✅ 综合良好,152.8,,,,,,,,
2026-08-19,GE,51.52,👀 综合中性,356.2,,,,,,,,
2026-08-19,GEV,45.2,⚠️ 谨慎评估,987.5,,,,,,,,
2026-08-19,GOOGL,59.57,👀 综合中性,344.7,,,,,,,,
2026-08-19,GRMN,57.69,👀 综合中性,295.7,,,,,,,,
2026-08-19,GTLB,61.94,👀 综合中性,42.6,,,,,,,,
2026-08-19,HON,54.34,👀 综合中性,221.7,,,,,,,,
2026-08-19,HPE,55.36,👀 综合中性,53.13,,,,,,,,
2026-08-19,HUBS,60.16,👀 综合中性,241.7,,,,,,,,
2026-08-19,IBM,35.4,⚠️ 谨慎评估,237.2,,,,,,,,
2026-08-19,INTC,21.68,🚫 风险较高,92.8,,,,,,,,
2026-08-19,ISRG,46.93,⚠️ 谨慎评估,397.7,,,,,,,,
2026-08-19,JBL,55.03,👀 综合中性,322.8,,,,,,,,
2026-08-19,KLAC,40.97,⚠️ 谨慎评估,187.3,,,,,,,,
2026-08-19,LITE,56.82,👀 综合中性,827.6,,,,,,,,
2026-08-19,LRCX,54.28,👀 综合中性,307.2,,,,,,,,
2026-08-19,LUNR,46.49,⚠️ 谨慎评估,18.52,,,,,,,,
2026-08-19,MBLY,38.71,⚠️ 谨慎评估,9.1,,,,,,,,
2026-08-19,MCHP,49.06,⚠️ 谨慎评估,77.08,,,,,,,,
2026-08-19,MDB,58.77,👀 综合中性,440.5,,,,,,,,
2026-08-19,META,57.63,👀 综合中性,546.0,,,,,,,,
2026-08-19,MRVL,43.92,⚠️ 谨慎评估,237.3,,,,,,,,
2026-08-19,MSFT,61.6,👀 综合中性,484.3,,,,,,,,
2026-08-19,MU,52.94,👀 综合中性,937.1,,,,,,,,
2026-08-19,NET,60.82,👀 综合中性,291.9,,,,,,,,
2026-08-19,NFLX,56.2,👀 综合中性,80.22,,,,,,,,
2026-08-19,NOW,61.63,👀 综合中性,127.2,,,,,,,,
2026-08-19,NTNX,53.49,👀 综合中性,65.42,,,,,,,,
2026-08-19,NVDA,74.15,✅ 综合良好,217.6,,,,,,,,
2026-08-19,NXPI,57.16,👀 综合中性,226.0,,,,,,,,
2026-08-19,OKTA,61.36,👀 综合中性,141.2,,,,,,,,
2026-08-19,ONTO,55.05,👀 综合中性,299.5,,,,,,,,
2026-08-19,ORCL,36.96,⚠️ 谨慎评估,143.8,,,,,,,,
2026-08-19,P,45.03,⚠️ 谨慎评估,112.0,,,,,,,,
2026-08-19,PANW,57.33,👀 综合中性,359.8,,,,,,,,
2026-08-19,PATH,64.05,👀 综合中性,15.78,,,,,,,,
2026-08-19,PLTR,69.44,✅ 综合良好,175.2,,,,,,,,
2026-08-19,PTC,55.92,👀 综合中性,152.4,,,,,,,,
2026-08-19,QCOM,44.77,⚠️ 谨慎评估,161.9,,,,,,,,
2026-08-19,ROK,49.11,⚠️ 谨慎评估,433.3,,,,,,,,
2026-08-19,RXRX,40.96,⚠️ 谨慎评估,3.5,,,,,,,,
2026-08-19,S,59.54,👀 综合中性,21.32,,,,,,,,
2026-08-19,SDGR,46.0,⚠️ 谨慎评估,19.85,,,,,,,,
2026-08-19,SMCI,58.05,👀 综合中性,36.58,,,,,,,,
2026-08-19,SNOW,52.34,👀 综合中性,325.0,,,,,,,,
2026-08-19,SNPS,57.86,👀 综合中性,401.2,,,,,,,,
2026-08-19,SOUN,42.03,⚠️ 谨慎评估,7.16,,,,,,,,
2026-08-19,TEAM,61.32,👀 综合中性,174.2,,,,,,,,
2026-08-19,TEM,37.9,⚠️ 谨慎评估,61.25,,,,,,,,
2026-08-19,TSLA,24.06,🚫 风险较高,351.1,,,,,,,,
2026-08-19,TSM,63.37,👀 综合中性,412.1,,,,,,,,
2026-08-19,TTD,39.25,⚠️ 谨慎评估,13.54,,,,,,,,
2026-08-19,TXN,57.38,👀 综合中性,267.4,,,,,,,,
2026-08-19,TYL,48.1,⚠️ 谨慎评估,346.9,,,,,,,,
2026-08-19,U,44.94,⚠️ 谨慎评估,47.11,,,,,,,,
2026-08-19,VEEV,49.63,⚠️ 谨慎评估,251.0,,,,,,,,
2026-08-19,VRT,55.6,👀 综合中性,261.0,,,,,,,,
2026-08-19,WDAY,63.54,👀 综合中性,198.4,,,,,,,,
2026-08-19,ZM,57.22,👀 综合中性,107.5,,,,,,,,
2026-08-19,ZS,61.69,👀 综合中性,184.6,,,,,,,,
2026-08-20,AAPL,54.88,👀 综合中性,311.3,,,,,,,,
2026-08-20,ACLS,28.56,🚫 风险较高,125.0,,,,,,,,
2026-08-20,ACN,47.8,⚠️ 谨慎评估,181.3,,,,,,,,
2026-08-20,ADBE,59.71,👀 综合中性,272.2,,,,,,,,
2026-08-20,ADI,57.05,👀 综合中性,370.2,,,,,,,,
2026-08-20,ADSK,66.45,✅ 综合良好,251.0,,,,,,,,
2026-08-20,AFRM,35.57,⚠️ 谨慎评估,75.05,,,,,,,,
2026-08-20,AI,42.28,⚠️ 谨慎评估,10.31,,,,,,,,
2026-08-20,AMAT,54.66,👀 综合中性,496.2,,,,,,,,
2026-08-20,AMBA,32.66,🚫 风险较高,72.45,,,,,,,,
2026-08-20,AMD,54.21,👀 综合中性,469.5,,,,,,,,
2026-08-20,AMZN,60.45,👀 综合中性,260.1,,,,,,,,
2026-08-20,ANET,60.18,👀 综合中性,183.8,,,,,,,,
2026-08-20,AOSL,19.55,🚫 风险较高,26.22,,,,,,,,
2026-08-20,APP,52.71,👀 综合中性,308.8,,,,,,,,
2026-08-20,ARM,36.73,⚠️ 谨慎评估,250.7,,,,,,,,
2026-08-20,ASML,46.06,⚠️ 谨慎评估,1750.0,,,,,,,,
2026-08-20,AVGO,48.84,⚠️ 谨慎评估,364.0,,,,,,,,
2026-08-20,BBAI,27.83,🚫 风险较高,3.07,,,,,,,,
2026-08-20,CDNS,55.11,👀 综合中性,313.6,,,,,,,,
2026-08-20,CLS,55.37,👀 综合中性,302.0,,,,,,,,
2026-08-20,COHR,52.08,👀 综合中性,290.0,,,,,,,,
2026-08-20,CRM,63.5,👀 综合中性,205.4,,,,,,,,
2026-08-20,CRUS,52.56,👀 综合中性,116.9,,,,,,,,
2026-08-20,CRWD,57.1,👀 综合中性,190.3,,,,,,,,
2026-08-20,CSCO,61.85,👀 综合中性,109.6,,,,,,,,
2026-08-20,DDOG,63.34,👀 综合中性,232.6,,,,,,,,
2026-08-20,DELL,48.96,⚠️ 谨慎评估,434.8,,,,,,,,
2026-08-20,DOCU,61.57,👀 综合中性,62.28,,,,,,,,
2026-08-20,DT,62.34,👀 综合中性,49.18,,,,,,,,
2026-08-20,ESTC,56.77,👀 综合中性,85.9,,,,,,,,
2026-08-20,EXLS,50.64,👀 综合中性,37.05,,,,,,,,
2026-08-20,FN,51.83,👀 综合中性,444.9,,,,,,,,
2026-08-20,FTNT,70.19,✅ 综合良好,150.8,,,,,,,,
2026-08-20,GE,50.61,👀 综合中性,344.6,,,,,,,,
2026-08-20,GEV,44.59,⚠️ 谨慎评估,966.0,,,,,,,,
2026-08-20,GOOGL,58.3,👀 综合中性,340.7,,,,,,,,
2026-08-20,GRMN,57.79,👀 综合中性,293.1,,,,,,,,
2026-08-20,GTLB,62.45,👀 综合中性,42.08,,,,,,,,
2026-08-20,HON,53.83,👀 综合中性,218.3,,,,,,,,
2026-08-20,HPE,55.3,👀 综合中性,52.89,,,,,,,,
2026-08-20,HUBS,60.32,👀 综合中性,239.9,,,,,,,,
2026-08-20,IBM,36.33,⚠️ 谨慎评估,233.7,,,,,,,,
2026-08-20,INTC,21.69,🚫 风险较高,92.13,,,,,,,,
2026-08-20,ISRG,49.27,⚠️ 谨慎评估,374.5,,,,,,,,
2026-08-20,JBL,54.57,👀 综合中性,316.6,,,,,,,,
2026-08-20,KLAC,40.68,⚠️ 谨慎评估,185.9,,,,,,,,
2026-08-20,LITE,55.49,👀 综合中性,879.3,,,,,,,,
2026-08-20,LRCX,54.31,👀 综合中性,310.5,,,,,,,,
2026-08-20,LUNR,46.6,⚠️ 谨慎评估,17.93,,,,,,,,
2026-08-20,MBLY,39.43,⚠️ 谨慎评估,8.88,,,,,,,,
2026-08-20,MCHP,48.81,⚠️ 谨慎评估,75.81,,,,,,,,
2026-08-20,MDB,60.26,👀 综合中性,420.4,,,,,,,,
2026-08-20,META,57.39,👀 综合中性,545.8,,,,,,,,
2026-08-20,MRVL,43.47,⚠️ 谨慎评估,251.0,,,,,,,,
2026-08-20,MSFT,62.19,👀 综合中性,481.1,,,,,,,,
2026-08-20,MU,51.81,👀 综合中性,974.3,,,,,,,,
2026-08-20,NET,60.83,👀 综合中性,278.9,,,,,,,,
2026-08-20,NFLX,55.39,👀 综合中性,80.14,,,,,,,,
2026-08-20,NOW,61.81,👀 综合中性,129.8,,,,,,,,
2026-08-20,NTNX,52.83,👀 综合中性,66.33,,,,,,,,
2026-08-20,NVDA,74.81,✅ 综合良好,216.8,,,,,,,,
2026-08-20,NXPI,57.78,👀 综合中性,223.0,,,,,,,,
2026-08-20,OKTA,61.24,👀 综合中性,134.2,,,,,,,,
2026-08-20,ONTO,55.13,👀 综合中性,298.8,,,,,,,,
2026-08-20,ORCL,36.77,⚠️ 谨慎评估,142.1,,,,,,,,
2026-08-20,P,45.13,⚠️ 谨慎评估,110.0,,,,,,,,
2026-08-20,PANW,57.2,👀 综合中性,349.6,,,,,,,,
2026-08-20,PATH,64.2,👀 综合中性,15.92,,,,,,,,
2026-08-20,PLTR,69.6,✅ 综合良好,174.0,,,,,,,,
2026-08-20,PTC,56.03,👀 综合中性,153.5,,,,,,,,
2026-08-20,QCOM,44.82,⚠️ 谨慎评估,160.7,,,,,,,,
2026-08-20,ROK,48.6,⚠️ 谨慎评估,431.4,,,,,,,,
2026-08-20,RXRX,41.19,⚠️ 谨慎评估,3.34,,,,,,,,
2026-08-20,S,59.5,👀 综合中性,20.94,,,,,,,,
2026-08-20,SDGR,46.52,⚠️ 谨慎评估,19.58,,,,,,,,
2026-08-20,SMCI,58.25,👀 综合中性,36.5,,,,,,,,
2026-08-20,SNOW,52.18,👀 综合中性,321.3,,,,,,,,
2026-08-20,SNPS,58.57,👀 综合中性,397.9,,,,,,,,
2026-08-20,SOUN,41.73,⚠️ 谨慎评估,6.97,,,,,,,,
2026-08-20,TEAM,61.31,👀 综合中性,174.9,,,,,,,,
2026-08-20,TEM,37.96,⚠️ 谨慎评估,66.65,,,,,,,,
2026-08-20,TSLA,24.82,🚫 风险较高,345.1,,,,,,,,
2026-08-20,TSM,63.6,👀 综合中性,416.0,,,,,,,,
2026-08-20,TTD,39.38,⚠️ 谨慎评估,13.32,,,,,,,,
2026-08-20,TXN,57.35,👀 综合中性,265.6,,,,,,,,
2026-08-20,TYL,46.38,⚠️ 谨慎评估,348.1,,,,,,,,
2026-08-20,U,45.0,⚠️ 谨慎评估,46.54,,,,,,,,
2026-08-20,VEEV,49.65,⚠️ 谨慎评估,250.5,,,,,,,,
2026-08-20,VRT,55.56,👀 综合中性,264.6,,,,,,,,
2026-08-20,WDAY,63.8,👀 综合中性,197.3,,,,,,,,
2026-08-20,ZM,57.66,👀 综合中性,106.3,,,,,,,,
2026-08-20,ZS,63.22,👀 综合中性,174.9,,,,,,,,
2026-08-22,AAPL,54.97,👀 综合中性,309.4,,,,,,,,
2026-08-22,ACLS,28.76,🚫 风险较高,127.1,,,,,,,,
2026-08-22,ACN,47.6,⚠️ 谨慎评估,185.3,,,,,,,,
2026-08-22,ADBE,59.95,👀 综合中性,275.3,,,,,,,,
2026-08-22,ADI,56.8,👀 综合中性,373.1,,,,,,,,
2026-08-22,ADSK,66.7,✅ 综合良好,253.8,,,,,,,,
2026-08-22,AFRM,35.6,⚠️ 谨慎评估,77.03,,,,,,,,
2026-08-22,AI,42.91,⚠️ 谨慎评估,10.3,,,,,,,,
2026-08-22,AMAT,54.46,👀 综合中性,492.3,,,,,,,,
2026-08-22,AMBA,33.36,🚫 风险较高,73.73,,,,,,,,
2026-08-22,AMD,54.13,👀 综合中性,473.2,,,,,,,,
2026-08-22,AMZN,59.02,👀 综合中性,258.6,,,,,,,,
2026-08-22,ANET,59.92,👀 综合中性,188.7,,,,,,,,
2026-08-22,AOSL,19.68,🚫 风险较高,26.39,,,,,,,,
2026-08-22,APP,52.57,👀 综合中性,305.8,,,,,,,,
2026-08-22,ARM,36.68,⚠️ 谨慎评估,243.3,,,,,,,,
2026-08-22,ASML,46.05,⚠️ 谨慎评估,1764.0,,,,,,,,
2026-08-22,AVGO,49.0,⚠️ 谨慎评估,368.4,,,,,,,,
2026-08-22,BBAI,27.89,🚫 风险较高,3.22,,,,,,,,
2026-08-22,CDNS,55.89,👀 综合中性,319.0,,,,,,,,
2026-08-22,CLS,54.67,👀 综合中性,296.6,,,,,,,,
2026-08-22,COHR,51.84,👀 综合中性,289.5,,,,,,,,
2026-08-22,CRM,63.68,👀 综合中性,209.2,,,,,,,,
2026-08-22,CRUS,52.36,👀 综合中性,115.3,,,,,,,,
2026-08-22,CRWD,56.66,👀 综合中性,191.9,,,,,,,,
2026-08-22,CSCO,62.09,👀 综合中性,111.0,,,,,,,,
2026-08-22,DDOG,63.18,👀 综合中性,235.6,,,,,,,,
2026-08-22,DELL,48.8,⚠️ 谨慎评估,442.1,,,,,,,,
2026-08-22,DOCU,61.8,👀 综合中性,62.0,,,,,,,,
2026-08-22,DT,62.33,👀 综合中性,49.3,,,,,,,,
2026-08-22,ESTC,57.46,👀 综合中性,85.94,,,,,,,,
2026-08-22,EXLS,50.65,👀 综合中性,37.53,,,,,,,,
2026-08-22,FN,51.51,👀 综合中性,436.7,,,,,,,,
2026-08-22,FTNT,70.28,✅ 综合良好,153.5,,,,,,,,
2026-08-22,GE,50.31,👀 综合中性,348.4,,,,,,,,
2026-08-22,GEV,43.88,⚠️ 谨慎评估,956.9,,,,,,,,
2026-08-22,GOOGL,57.32,👀 综合中性,344.8,,,,,,,,
2026-08-22,GRMN,56.95,👀 综合中性,294.9,,,,,,,,
2026-08-22,GTLB,62.99,👀 综合中性,41.67,,,,,,,,
2026-08-22,HON,53.46,👀 综合中性,215.9,,,,,,,,
2026-08-22,HPE,55.12,👀 综合中性,53.45,,,,,,,,
2026-08-22,HUBS,60.4,👀 综合中性,240.0,,,,,,,,
2026-08-22,IBM,36.41,⚠️ 谨慎评估,235.7,,,,,,,,
2026-08-22,INTC,21.59,🚫 风险较高,90.07,,,,,,,,
2026-08-22,ISRG,48.87,⚠️ 谨慎评估,378.8,,,,,,,,
2026-08-22,JBL,54.3,👀 综合中性,313.2,,,,,,,,
2026-08-22,KLAC,40.41,⚠️ 谨慎评估,184.0,,,,,,,,
2026-08-22,LITE,55.33,👀 综合中性,866.7,,,,,,,,
2026-08-22,LRCX,54.24,👀 综合中性,314.0,,,,,,,,
2026-08-22,LUNR,47.05,⚠️ 谨慎评估,18.32,,,,,,,,
2026-08-22,MBLY,39.68,⚠️ 谨慎评估,9.03,,,,,,,,
2026-08-22,MCHP,48.8,⚠️ 谨慎评估,76.08,,,,,,,,
2026-08-22,MDB,60.41,👀 综合中性,430.8,,,,,,,,
2026-08-22,META,56.0,👀 综合中性,549.9,,,,,,,,
2026-08-22,MRVL,45.26,⚠️ 谨慎评估,237.0,,,,,,,,
2026-08-22,MSFT,61.86,👀 综合中性,483.2,,,,,,,,
2026-08-22,MU,52.05,👀 综合中性,966.8,,,,,,,,
2026-08-22,NET,60.82,👀 综合中性,293.1,,,,,,,,
2026-08-22,NFLX,56.1,👀 综合中性,79.59,,,,,,,,
2026-08-22,NOW,62.35,👀 综合中性,128.5,,,,,,,,
2026-08-22,NTNX,52.79,👀 综合中性,67.64,,,,,,,,
2026-08-22,NVDA,75.58,✅ 综合良好,214.7,,,,,,,,
2026-08-22,NXPI,58.18,👀 综合中性,225.6,,,,,,,,
2026-08-22,OKTA,61.17,👀 综合中性,135.1,,,,,,,,
2026-08-22,ONTO,55.05,👀 综合中性,293.3,,,,,,,,
2026-08-22,ORCL,36.96,⚠️ 谨慎评估,146.5,,,,,,,,
2026-08-22,P,45.92,⚠️ 谨慎评估,108.5,,,,,,,,
2026-08-22,PANW,56.98,👀 综合中性,357.9,,,,,,,,
2026-08-22,PATH,64.08,👀 综合中性,16.39,,,,,,,,
2026-08-22,PLTR,69.51,✅ 综合良好,179.9,,,,,,,,
2026-08-22,PTC,56.37,👀 综合中性,154.7,,,,,,,,
2026-08-22,QCOM,44.69,⚠️ 谨慎评估,160.8,,,,,,,,
2026-08-22,ROK,48.86,⚠️ 谨慎评估,437.1,,,,,,,,
2026-08-22,RXRX,41.95,⚠️ 谨慎评估,3.5,,,,,,,,
2026-08-22,S,59.27,👀 综合中性,21.19,,,,,,,,
2026-08-22,SDGR,46.2,⚠️ 谨慎评估,19.71,,,,,,,,
2026-08-22,SMCI,58.13,👀 综合中性,37.24,,,,,,,,
2026-08-22,SNOW,52.29,👀 综合中性,332.8,,,,,,,,
2026-08-22,SNPS,58.49,👀 综合中性,397.9,,,,,,,,
2026-08-22,SOUN,41.76,⚠️ 谨慎评估,7.32,,,,,,,,
2026-08-22,TEAM,61.36,👀 综合中性,171.8,,,,,,,,
2026-08-22,TEM,37.96,⚠️ 谨慎评估,72.69,,,,,,,,
2026-08-22,TSLA,25.23,🚫 风险较高,362.9,,,,,,,,
2026-08-22,TSM,63.73,👀 综合中性,418.9,,,,,,,,
2026-08-22,TTD,39.32,⚠️ 谨慎评估,13.18,,,,,,,,
2026-08-22,TXN,57.48,👀 综合中性,264.4,,,,,,,,
2026-08-22,TYL,45.8,⚠️ 谨慎评估,350.7,,,,,,,,
2026-08-22,U,44.96,⚠️ 谨慎评估,46.93,,,,,,,,
2026-08-22,VEEV,50.82,👀 综合中性,247.9,,,,,,,,
2026-08-22,VRT,54.99,👀 综合中性,261.9,,,,,,,,
2026-08-22,WDAY,63.9,👀 综合中性,200.0,,,,,,,,
2026-08-22,ZM,58.38,👀 综合中性,107.4,,,,,,,,
2026-08-22,ZS,63.57,👀 综合中性,181.7,,,,,,,,
2026-08-24,AAPL,54.76,👀 综合中性,310.3,,,,,,,,
2026-08-24,ACLS,27.33,🚫 风险较高,123.5,,,,,,,,
2026-08-24,ACN,48.07,⚠️ 谨慎评估,186.5,,,,,,,,
2026-08-24,ADBE,59.94,👀 综合中性,276.3,,,,,,,,
2026-08-24,ADI,55.91,👀 综合中性,371.2,,,,,,,,
2026-08-24,ADSK,66.72,✅ 综合良好,254.4,,,,,,,,
2026-08-24,AFRM,35.46,⚠️ 谨慎评估,76.88,,,,,,,,
2026-08-24,AI,42.33,⚠️ 谨慎评估,10.11,,,,,,,,
2026-08-24,AMAT,53.51,👀 综合中性,484.2,,,,,,,,
2026-08-24,AMBA,32.29,🚫 风险较高,70.0,,,,,,,,
2026-08-24,AMD,52.87,👀 综合中性,456.7,,,,,,,,
2026-08-24,AMZN,59.81,👀 综合中性,262.1,,,,,,,,
2026-08-24,ANET,59.79,👀 综合中性,188.2,,,,,,,,
2026-08-24,AOSL,18.86,🚫 风险较高,25.89,,,,,,,,
2026-08-24,APP,52.33,👀 综合中性,298.6,,,,,,,,
2026-08-24,ARM,35.21,⚠️ 谨慎评估,238.8,,,,,,,,
2026-08-24,ASML,45.8,⚠️ 谨慎评估,1740.0,,,,,,,,
2026-08-24,AVGO,47.7,⚠️ 谨慎评估,358.8,,,,,,,,
2026-08-24,BBAI,27.44,🚫 风险较高,3.07,,,,,,,,
2026-08-24,CDNS,55.32,👀 综合中性,315.9,,,,,,,,
2026-08-24,CLS,53.58,👀 综合中性,294.6,,,,,,,,
2026-08-24,COHR,50.56,👀 综合中性,275.5,,,,,,,,
2026-08-24,CRM,64.9,👀 综合中性,209.1,,,,,,,,
2026-08-24,CRUS,51.11,👀 综合中性,111.6,,,,,,,,
2026-08-24,CRWD,55.8,👀 综合中性,190.7,,,,,,,,
2026-08-24,CSCO,60.75,👀 综合中性,110.2,,,,,,,,
2026-08-24,DDOG,62.52,👀 综合中性,225.8,,,,,,,,
2026-08-24,DELL,48.34,⚠️ 谨慎评估,433.2,,,,,,,,
2026-08-24,DOCU,62.64,👀 综合中性,62.56,,,,,,,,
2026-08-24,DT,62.21,👀 综合中性,49.05,,,,,,,,
2026-08-24,ESTC,58.87,👀 综合中性,83.24,,,,,,,,
2026-08-24,EXLS,50.7,👀 综合中性,37.66,,,,,,,,
2026-08-24,FN,50.2,👀 综合中性,421.1,,,,,,,,
2026-08-24,FTNT,69.46,✅ 综合良好,152.0,,,,,,,,
2026-08-24,GE,49.25,⚠️ 谨慎评估,341.8,,,,,,,,
2026-08-24,GEV,43.06,⚠️ 谨慎评估,942.1,,,,,,,,
2026-08-24,GOOGL,57.42,👀 综合中性,348.1,,,,,,,,
2026-08-24,GRMN,56.35,👀 综合中性,291.2,,,,,,,,
2026-08-24,GTLB,63.15,👀 综合中性,42.03,,,,,,,,
2026-08-24,HON,53.26,👀 综合中性,214.8,,,,,,,,
2026-08-24,HPE,54.89,👀 综合中性,52.43,,,,,,,,
2026-08-24,HUBS,60.63,👀 综合中性,244.2,,,,,,,,
2026-08-24,IBM,35.77,⚠️ 谨慎评估,231.0,,,,,,,,
2026-08-24,INTC,20.28,🚫 风险较高,87.26,,,,,,,,
2026-08-24,ISRG,49.02,⚠️ 谨慎评估,373.6,,,,,,,,
2026-08-24,JBL,52.87,👀 综合中性,304.9,,,,,,,,
2026-08-24,KLAC,39.25,⚠️ 谨慎评估,181.6,,,,,,,,
2026-08-24,LITE,55.12,👀 综合中性,830.2,,,,,,,,
2026-08-24,LRCX,53.93,👀 综合中性,310.2,,,,,,,,
2026-08-24,LUNR,47.49,⚠️ 谨慎评估,16.66,,,,,,,,
2026-08-24,MBLY,39.7,⚠️ 谨慎评估,8.64,,,,,,,,
2026-08-24,MCHP,47.74,⚠️ 谨慎评估,74.21,,,,,,,,
2026-08-24,MDB,61.41,👀 综合中性,402.7,,,,,,,,
2026-08-24,META,56.9,👀 综合中性,559.0,,,,,,,,
2026-08-24,MRVL,45.05,⚠️ 谨慎评估,229.3,,,,,,,,
2026-08-24,MSFT,61.98,👀 综合中性,487.3,,,,,,,,
2026-08-24,MU,52.81,👀 综合中性,910.4,,,,,,,,
2026-08-24,NET,60.41,👀 综合中性,280.4,,,,,,,,
2026-08-24,NFLX,56.14,👀 综合中性,80.01,,,,,,,,
2026-08-24,NOW,63.29,👀 综合中性,128.1,,,,,,,,
2026-08-24,NTNX,53.74,👀 综合中性,66.68,,,,,,,,
2026-08-24,NVDA,74.5,✅ 综合良好,208.5,,,,,,,,
2026-08-24,NXPI,56.6,👀 综合中性,222.4,,,,,,,,
2026-08-24,OKTA,60.2,👀 综合中性,131.0,,,,,,,,
2026-08-24,ONTO,54.92,👀 综合中性,282.9,,,,,,,,
2026-08-24,ORCL,36.45,⚠️ 谨慎评估,142.4,,,,,,,,
2026-08-24,P,48.54,⚠️ 谨慎评估,100.4,,,,,,,,
2026-08-24,PANW,56.47,👀 综合中性,350.9,,,,,,,,
2026-08-24,PATH,64.68,👀 综合中性,16.57,,,,,,,,
2026-08-24,PLTR,72.4,✅ 综合良好,175.9,,,,,,,,
2026-08-24,PTC,56.66,👀 综合中性,154.3,,,,,,,,
2026-08-24,QCOM,43.82,⚠️ 谨慎评估,158.5,,,,,,,,
2026-08-24,ROK,49.8,⚠️ 谨慎评估,429.7,,,,,,,,
2026-08-24,RXRX,40.32,⚠️ 谨慎评估,3.25,,,,,,,,
2026-08-24,S,59.13,👀 综合中性,20.82,,,,,,,,
2026-08-24,SDGR,47.79,⚠️ 谨慎评估,18.77,,,,,,,,
2026-08-24,SMCI,59.25,👀 综合中性,35.17,,,,,,,,
2026-08-24,SNOW,53.48,👀 综合中性,322.8,,,,,,,,
2026-08-24,SNPS,57.76,👀 综合中性,394.5,,,,,,,,
2026-08-24,SOUN,41.71,⚠️ 谨慎评估,7.0,,,,,,,,
2026-08-24,TEAM,61.37,👀 综合中性,171.3,,,,,,,,
2026-08-24,TEM,39.55,⚠️ 谨慎评估,66.17,,,,,,,,
2026-08-24,TSLA,26.52,🚫 风险较高,348.9,,,,,,,,
2026-08-24,TSM,62.69,👀 综合中性,410.1,,,,,,,,
2026-08-24,TTD,39.03,⚠️ 谨慎评估,13.27,,,,,,,,
2026-08-24,TXN,55.49,👀 综合中性,258.9,,,,,,,,
2026-08-24,TYL,46.07,⚠️ 谨慎评估,355.8,,,,,,,,
2026-08-24,U,45.04,⚠️ 谨慎评估,46.16,,,,,,,,
2026-08-24,VEEV,51.05,👀 综合中性,248.5,,,,,,,,
2026-08-24,VRT,54.15,👀 综合中性,255.0,,,,,,,,
2026-08-24,WDAY,64.39,👀 综合中性,199.2,,,,,,,,
2026-08-24,ZM,59.07,👀 综合中性,104.8,,,,,,,,
2026-08-24,ZS,64.85,👀 综合中性,176.1,,,,,,,,
2026-08-27,AAPL,54.01,👀 综合中性,309.4,,,,,,,,
2026-08-27,ACLS,25.21,🚫 风险较高,139.7,,,,,,,,
2026-08-27,ACN,45.93,⚠️ 谨慎评估,170.4,,,,,,,,
2026-08-27,ADBE,58.6,👀 综合中性,257.5,,,,,,,,
2026-08-27,ADI,57.11,👀 综合中性,380.3,,,,,,,,
2026-08-27,ADSK,61.81,👀 综合中性,237.2,,,,,,,,
2026-08-27,AFRM,35.22,⚠️ 谨慎评估,78.12,,,,,,,,
2026-08-27,AI,41.23,⚠️ 谨慎评估,10.05,,,,,,,,
2026-08-27,AMAT,50.46,👀 综合中性,546.6,,,,,,,,
2026-08-27,AMBA,37.08,⚠️ 谨慎评估,82.23,,,,,,,,
2026-08-27,AMD,50.71,👀 综合中性,518.6,,,,,,,,
2026-08-27,AMZN,62.32,👀 综合中性,277.4,,,,,,,,
2026-08-27,ANET,57.51,👀 综合中性,190.5,,,,,,,,
2026-08-27,AOSL,26.4,🚫 风险较高,33.78,,,,,,,,
2026-08-27,APP,53.79,👀 综合中性,419.7,,,,,,,,
2026-08-27,ARM,36.51,⚠️ 谨慎评估,280.6,,,,,,,,
2026-08-27,ASML,45.1,⚠️ 谨慎评估,1712.0,,,,,,,,
2026-08-27,AVGO,51.14,👀 综合中性,418.2,,,,,,,,
2026-08-27,BBAI,27.54,🚫 风险较高,3.15,,,,,,,,
2026-08-27,CDNS,59.53,👀 综合中性,340.6,,,,,,,,
2026-08-27,CLS,59.13,👀 综合中性,371.1,,,,,,,,
2026-08-27,COHR,49.19,⚠️ 谨慎评估,323.7,,,,,,,,
2026-08-27,CRM,62.16,👀 综合中性,191.0,,,,,,,,
2026-08-27,CRUS,54.46,👀 综合中性,133.6,,,,,,,,
2026-08-27,CRWD,56.79,👀 综合中性,211.2,,,,,,,,
2026-08-27,CSCO,57.81,👀 综合中性,121.7,,,,,,,,
2026-08-27,DDOG,62.32,👀 综合中性,288.1,,,,,,,,
2026-08-27,DELL,48.8,⚠️ 谨慎评估,467.3,,,,,,,,
2026-08-27,DOCU,61.05,👀 综合中性,57.54,,,,,,,,
2026-08-27,DT,61.92,👀 综合中性,45.71,,,,,,,,
2026-08-27,DUOL,46.52,⚠️ 谨慎评估,146.0,,,,,,,,
2026-08-27,ESTC,58.09,👀 综合中性,71.06,,,,,,,,
2026-08-27,EXLS,49.37,⚠️ 谨慎评估,34.39,,,,,,,,
2026-08-27,FN,52.15,👀 综合中性,531.0,,,,,,,,
2026-08-27,FTNT,66.56,✅ 综合良好,168.3,,,,,,,,
2026-08-27,GE,51.8,👀 综合中性,377.3,,,,,,,,
2026-08-27,GEV,44.94,⚠️ 谨慎评估,1019.0,,,,,,,,
2026-08-27,GOOGL,61.31,👀 综合中性,377.6,,,,,,,,
2026-08-27,GRMN,54.25,👀 综合中性,307.4,,,,,,,,
2026-08-27,GTLB,63.83,👀 综合中性,36.48,,,,,,,,
2026-08-27,HON,55.2,👀 综合中性,248.8,,,,,,,,
2026-08-27,HPE,55.34,👀 综合中性,52.39,,,,,,,,
2026-08-27,HUBS,59.73,👀 综合中性,248.9,,,,,,,,
2026-08-27,IBM,35.32,⚠️ 谨慎评估,235.2,,,,,,,,
2026-08-27,INTC,20.91,🚫 风险较高,100.9,,,,,,,,
2026-08-27,ISRG,48.69,⚠️ 谨慎评估,368.3,,,,,,,,
2026-08-27,JBL,55.27,👀 综合中性,340.0,,,,,,,,
2026-08-27,KLAC,41.06,⚠️ 谨慎评估,195.4,,,,,,,,
2026-08-27,LITE,52.24,👀 综合中性,849.5,,,,,,,,
2026-08-27,LRCX,53.77,👀 综合中性,317.7,,,,,,,,
2026-08-27,LUNR,45.93,⚠️ 谨慎评估,13.96,,,,,,,,
2026-08-27,MBLY,38.57,⚠️ 谨慎评估,8.64,,,,,,,,
2026-08-27,MCHP,47.04,⚠️ 谨慎评估,80.67,,,,,,,,
2026-08-27,MDB,60.69,👀 综合中性,380.0,,,,,,,,
2026-08-27,META,56.43,👀 综合中性,587.9,,,,,,,,
2026-08-27,MRVL,45.18,⚠️ 谨慎评估,218.6,,,,,,,,
2026-08-27,MSFT,58.98,👀 综合中性,492.8,,,,,,,,
2026-08-27,MU,52.73,👀 综合中性,892.7,,,,,,,,
2026-08-27,NET,59.55,👀 综合中性,301.3,,,,,,,,
2026-08-27,NFLX,55.47,👀 综合中性,73.57,,,,,,,,
2026-08-27,NOW,61.61,👀 综合中性,118.1,,,,,,,,
2026-08-27,NTNX,53.51,👀 综合中性,61.5,,,,,,,,
2026-08-27,NVDA,75.29,✅ 综合良好,211.9,,,,,,,,
2026-08-27,NXPI,57.15,👀 综合中性,237.6,,,,,,,,
2026-08-27,OKTA,60.54,👀 综合中性,147.8,,,,,,,,
2026-08-27,ONTO,45.1,⚠️ 谨慎评估,287.6,,,,,,,,
2026-08-27,ORCL,36.55,⚠️ 谨慎评估,145.7,,,,,,,,
2026-08-27,P,47.93,⚠️ 谨慎评估,83.92,,,,,,,,
2026-08-27,PANW,56.92,👀 综合中性,366.3,,,,,,,,
2026-08-27,PATH,63.34,👀 综合中性,14.1,,,,,,,,
2026-08-27,PLTR,68.58,✅ 综合良好,162.7,,,,,,,,
2026-08-27,PTC,54.48,👀 综合中性,141.7,,,,,,,,
2026-08-27,QCOM,43.6,⚠️ 谨慎评估,162.7,,,,,,,,
2026-08-27,ROK,50.11,👀 综合中性,445.2,,,,,,,,
2026-08-27,RXRX,39.95,⚠️ 谨慎评估,3.31,,,,,,,,
2026-08-27,S,59.57,👀 综合中性,20.98,,,,,,,,
2026-08-27,SDGR,42.83,⚠️ 谨慎评估,15.65,,,,,,,,
2026-08-27,SMCI,56.31,👀 综合中性,31.69,,,,,,,,
2026-08-27,SNOW,51.27,👀 综合中性,316.8,,,,,,,,
2026-08-27,SNPS,57.87,👀 综合中性,403.9,,,,,,,,
2026-08-27,SOUN,41.45,⚠️ 谨慎评估,6.51,,,,,,,,
2026-08-27,TEAM,62.89,👀 综合中性,110.3,,,,,,,,
2026-08-27,TEM,34.44,🚫 风险较高,47.05,,,,,,,,
2026-08-27,TSLA,23.02,🚫 风险较高,327.4,,,,,,,,
2026-08-27,TSM,63.37,👀 综合中性,417.2,,,,,,,,
2026-08-27,TTD,44.57,⚠️ 谨慎评估,19.34,,,,,,,,
2026-08-27,TXN,56.65,👀 综合中性,283.6,,,,,,,,
2026-08-27,TYL,46.49,⚠️ 谨慎评估,313.3,,,,,,,,
2026-08-27,U,47.17,⚠️ 谨慎评估,35.22,,,,,,,,
2026-08-27,VEEV,53.41,👀 综合中性,211.9,,,,,,,,
2026-08-27,VRT,54.95,👀 综合中性,269.9,,,,,,,,
2026-08-27,WDAY,64.36,👀 综合中性,171.3,,,,,,,,
2026-08-27,ZM,58.44,👀 综合中性,102.1,,,,,,,,
2026-08-27,ZS,62.34,👀 综合中性,163.2,,,,,,,,
2026-08-28,AAPL,54.01,👀 综合中性,309.4,,,,,,,,
2026-08-28,ACLS,25.21,🚫 风险较高,139.7,,,,,,,,
2026-08-28,ACN,45.93,⚠️ 谨慎评估,170.4,,,,,,,,
2026-08-28,ADBE,58.6,👀 综合中性,257.5,,,,,,,,
2026-08-28,ADI,57.11,👀 综合中性,380.3,,,,,,,,
2026-08-28,ADSK,61.81,👀 综合中性,237.2,,,,,,,,
2026-08-28,AFRM,35.22,⚠️ 谨慎评估,78.12,,,,,,,,
2026-08-28,AI,41.23,⚠️ 谨慎评估,10.05,,,,,,,,
2026-08-28,AMAT,50.46,👀 综合中性,546.6,,,,,,,,
2026-08-28,AMBA,37.08,⚠️ 谨慎评估,82.23,,,,,,,,
2026-08-28,AMD,50.71,👀 综合中性,518.6,,,,,,,,
2026-08-28,AMZN,62.32,👀 综合中性,277.4,,,,,,,,
2026-08-28,ANET,57.51,👀 综合中性,190.5,,,,,,,,
2026-08-28,AOSL,26.4,🚫 风险较高,33.78,,,,,,,,
2026-08-28,APP,53.79,👀 综合中性,419.7,,,,,,,,
2026-08-28,ARM,36.51,⚠️ 谨慎评估,280.6,,,,,,,,
2026-08-28,ASML,45.1,⚠️ 谨慎评估,1712.0,,,,,,,,
2026-08-28,AVGO,51.14,👀 综合中性,418.2,,,,,,,,
2026-08-28,BBAI,27.54,🚫 风险较高,3.15,,,,,,,,
2026-08-28,CDNS,59.53,👀 综合中性,340.6,,,,,,,,
2026-08-28,CLS,59.13,👀 综合中性,371.1,,,,,,,,
2026-08-28,COHR,49.19,⚠️ 谨慎评估,323.7,,,,,,,,
2026-08-28,CRM,62.16,👀 综合中性,191.0,,,,,,,,
2026-08-28,CRUS,54.46,👀 综合中性,133.6,,,,,,,,
2026-08-28,CRWD,56.79,👀 综合中性,211.2,,,,,,,,
2026-08-28,CSCO,57.81,👀 综合中性,121.7,,,,,,,,
2026-08-28,DDOG,62.32,👀 综合中性,288.1,,,,,,,,
2026-08-28,DELL,48.8,⚠️ 谨慎评估,467.3,,,,,,,,
2026-08-28,DOCU,61.05,👀 综合中性,57.54,,,,,,,,
2026-08-28,DT,61.92,👀 综合中性,45.71,,,,,,,,
2026-08-28,DUOL,47.39,⚠️ 谨慎评估,146.0,,,,,,,,
2026-08-28,ESTC,58.09,👀 综合中性,71.06,,,,,,,,
2026-08-28,EXLS,49.37,⚠️ 谨慎评估,34.39,,,,,,,,
2026-08-28,FN,52.15,👀 综合中性,531.0,,,,,,,,
2026-08-28,FTNT,66.56,✅ 综合良好,168.3,,,,,,,,
2026-08-28,GE,51.8,👀 综合中性,377.3,,,,,,,,
2026-08-28,GEV,44.94,⚠️ 谨慎评估,1019.0,,,,,,,,
2026-08-28,GOOGL,61.31,👀 综合中性,377.6,,,,,,,,
2026-08-28,GRMN,54.25,👀 综合中性,307.4,,,,,,,,
2026-08-28,GTLB,63.83,👀 综合中性,36.48,,,,,,,,
2026-08-28,HON,55.2,👀 综合中性,248.8,,,,,,,,
2026-08-28,HPE,55.34,👀 综合中性,52.39,,,,,,,,
2026-08-28,HUBS,59.73,👀 综合中性,248.9,,,,,,,,
2026-08-28,IBM,35.32,⚠️ 谨慎评估,235.2,,,,,,,,
2026-08-28,INTC,20.91,🚫 风险较高,100.9,,,,,,,,
2026-08-28,ISRG,48.69,⚠️ 谨慎评估,368.3,,,,,,,,
2026-08-28,JBL,55.27,👀 综合中性,340.0,,,,,,,,
2026-08-28,KLAC,41.06,⚠️ 谨慎评估,195.4,,,,,,,,
2026-08-28,LITE,52.24,👀 综合中性,849.5,,,,,,,,
2026-08-28,LRCX,53.77,👀 综合中性,317.7,,,,,,,,
2026-08-28,LUNR,45.93,⚠️ 谨慎评估,13.96,,,,,,,,
2026-08-28,MBLY,38.57,⚠️ 谨慎评估,8.64,,,,,,,,
2026-08-28,MCHP,47.04,⚠️ 谨慎评估,80.67,,,,,,,,
2026-08-28,MDB,60.69,👀 综合中性,380.0,,,,,,,,
2026-08-28,META,56.43,👀 综合中性,587.9,,,,,,,,
2026-08-28,MRVL,45.18,⚠️ 谨慎评估,218.6,,,,,,,,
2026-08-28,MSFT,58.98,👀 综合中性,492.8,,,,,,,,
2026-08-28,MU,52.73,👀 综合中性,892.7,,,,,,,,
2026-08-28,NET,59.55,👀 综合中性,301.3,,,,,,,,
2026-08-28,NFLX,55.47,👀 综合中性,73.57,,,,,,,,
2026-08-28,NOW,61.61,👀 综合中性,118.1,,,,,,,,
2026-08-28,NTNX,53.51,👀 综合中性,61.5,,,,,,,,
2026-08-28,NVDA,75.29,✅ 综合良好,211.9,,,,,,,,
2026-08-28,NXPI,57.15,👀 综合中性,237.6,,,,,,,,
2026-08-28,OKTA,60.54,👀 综合中性,147.8,,,,,,,,
2026-08-28,ONTO,45.1,⚠️ 谨慎评估,287.6,,,,,,,,
2026-08-28,ORCL,36.55,⚠️ 谨慎评估,145.7,,,,,,,,
2026-08-28,P,47.93,⚠️ 谨慎评估,83.92,,,,,,,,
2026-08-28,PANW,56.92,👀 综合中性,366.3,,,,,,,,
2026-08-28,PATH,63.34,👀 综合中性,14.1,,,,,,,,
2026-08-28,PLTR,68.58,✅ 综合良好,162.7,,,,,,,,
2026-08-28,PTC,54.48,👀 综合中性,141.7,,,,,,,,
2026-08-28,QCOM,43.6,⚠️ 谨慎评估,162.7,,,,,,,,
2026-08-28,ROK,50.11,👀 综合中性,445.2,,,,,,,,
2026-08-28,RXRX,39.95,⚠️ 谨慎评估,3.31,,,,,,,,
2026-08-28,S,59.57,👀 综合中性,20.98,,,,,,,,
2026-08-28,SDGR,42.83,⚠️ 谨慎评估,15.65,,,,,,,,
2026-08-28,SMCI,56.31,👀 综合中性,31.69,,,,,,,,
2026-08-28,SNOW,51.27,👀 综合中性,316.8,,,,,,,,
2026-08-28,SNPS,57.87,👀 综合中性,403.9,,,,,,,,
2026-08-28,SOUN,41.45,⚠️ 谨慎评估,6.51,,,,,,,,
2026-08-28,TEAM,62.89,👀 综合中性,110.3,,,,,,,,
2026-08-28,TEM,34.44,🚫 风险较高,47.05,,,,,,,,
2026-08-28,TSLA,23.02,🚫 风险较高,327.4,,,,,,,,
2026-08-28,TSM,63.37,👀 综合中性,417.2,,,,,,,,
2026-08-28,TTD,44.57,⚠️ 谨慎评估,19.34,,,,,,,,
2026-08-28,TXN,56.65,👀 综合中性,283.6,,,,,,,,
2026-08-28,TYL,46.49,⚠️ 谨慎评估,313.3,,,,,,,,
2026-08-28,U,47.17,⚠️ 谨慎评估,35.22,,,,,,,,
2026-08-28,VEEV,53.41,👀 综合中性,211.9,,,,,,,,
2026-08-28,VRT,54.95,👀 综合中性,269.9,,,,,,,,
2026-08-28,WDAY,64.36,👀 综合中性,171.3,,,,,,,,
2026-08-28,ZM,58.44,👀 综合中性,102.1,,,,,,,,
2026-08-28,ZS,62.34,👀 综合中性,163.2,,,,,,,,
2026-08-29,AAPL,54.01,👀 综合中性,309.4,,,,,,,,
2026-08-29,ACLS,25.21,🚫 风险较高,139.7,,,,,,,,
2026-08-29,ACN,45.93,⚠️ 谨慎评估,170.4,,,,,,,,
2026-08-29,ADBE,58.6,👀 综合中性,257.5,,,,,,,,
2026-08-29,ADI,57.11,👀 综合中性,380.3,,,,,,,,
2026-08-29,ADSK,61.81,👀 综合中性,237.2,,,,,,,,
2026-08-29,AFRM,35.22,⚠️ 谨慎评估,78.12,,,,,,,,
2026-08-29,AI,41.23,⚠️ 谨慎评估,10.05,,,,,,,,
2026-08-29,AMAT,50.46,👀 综合中性,546.6,,,,,,,,
2026-08-29,AMBA,37.08,⚠️ 谨慎评估,82.23,,,,,,,,
2026-08-29,AMD,50.71,👀 综合中性,518.6,,,,,,,,
2026-08-29,AMZN,62.32,👀 综合中性,277.4,,,,,,,,
2026-08-29,ANET,57.51,👀 综合中性,190.5,,,,,,,,
2026-08-29,AOSL,26.4,🚫 风险较高,33.78,,,,,,,,
2026-08-29,APP,53.79,👀 综合中性,419.7,,,,,,,,
2026-08-29,ARM,36.51,⚠️ 谨慎评估,280.6,,,,,,,,
2026-08-29,ASML,45.1,⚠️ 谨慎评估,1712.0,,,,,,,,
2026-08-29,AVGO,51.14,👀 综合中性,418.2,,,,,,,,
2026-08-29,BBAI,27.54,🚫 风险较高,3.15,,,,,,,,
2026-08-29,CDNS,59.53,👀 综合中性,340.6,,,,,,,,
2026-08-29,CLS,59.13,👀 综合中性,371.1,,,,,,,,
2026-08-29,COHR,49.19,⚠️ 谨慎评估,323.7,,,,,,,,
2026-08-29,CRM,62.16,👀 综合中性,191.0,,,,,,,,
2026-08-29,CRUS,54.46,👀 综合中性,133.6,,,,,,,,
2026-08-29,CRWD,56.79,👀 综合中性,211.2,,,,,,,,
2026-08-29,CSCO,57.81,👀 综合中性,121.7,,,,,,,,
2026-08-29,DDOG,62.32,👀 综合中性,288.1,,,,,,,,
2026-08-29,DELL,48.8,⚠️ 谨慎评估,467.3,,,,,,,,
2026-08-29,DOCU,61.05,👀 综合中性,57.54,,,,,,,,
2026-08-29,DT,61.92,👀 综合中性,45.71,,,,,,,,
2026-08-29,DUOL,54.54,👀 综合中性,146.0,,,,,,,,
2026-08-29,ESTC,58.09,👀 综合中性,71.06,,,,,,,,
2026-08-29,EXLS,49.37,⚠️ 谨慎评估,34.39,,,,,,,,
2026-08-29,FN,52.15,👀 综合中性,531.0,,,,,,,,
2026-08-29,FTNT,66.56,✅ 综合良好,168.3,,,,,,,,
2026-08-29,GE,51.8,👀 综合中性,377.3,,,,,,,,
2026-08-29,GEV,44.94,⚠️ 谨慎评估,1019.0,,,,,,,,
2026-08-29,GOOGL,61.31,👀 综合中性,377.6,,,,,,,,
2026-08-29,GRMN,54.25,👀 综合中性,307.4,,,,,,,,
2026-08-29,GTLB,63.83,👀 综合中性,36.48,,,,,,,,
2026-08-29,HON,55.2,👀 综合中性,248.8,,,,,,,,
2026-08-29,HPE,55.34,👀 综合中性,52.39,,,,,,,,
2026-08-29,HUBS,59.73,👀 综合中性,248.9,,,,,,,,
2026-08-29,IBM,35.32,⚠️ 谨慎评估,235.2,,,,,,,,
2026-08-29,INTC,20.91,🚫 风险较高,100.9,,,,,,,,
2026-08-29,ISRG,48.69,⚠️ 谨慎评估,368.3,,,,,,,,
2026-08-29,JBL,55.27,👀 综合中性,340.0,,,,,,,,
2026-08-29,KLAC,41.06,⚠️ 谨慎评估,195.4,,,,,,,,
2026-08-29,LITE,52.24,👀 综合中性,849.5,,,,,,,,
2026-08-29,LRCX,53.77,👀 综合中性,317.7,,,,,,,,
2026-08-29,LUNR,45.93,⚠️ 谨慎评估,13.96,,,,,,,,
2026-08-29,MBLY,38.57,⚠️ 谨慎评估,8.64,,,,,,,,
2026-08-29,MCHP,47.04,⚠️ 谨慎评估,80.67,,,,,,,,
2026-08-29,MDB,60.69,👀 综合中性,380.0,,,,,,,,
2026-08-29,META,56.43,👀 综合中性,587.9,,,,,,,,
2026-08-29,MRVL,45.18,⚠️ 谨慎评估,218.6,,,,,,,,
2026-08-29,MSFT,58.98,👀 综合中性,492.8,,,,,,,,
2026-08-29,MU,52.73,👀 综合中性,892.7,,,,,,,,
2026-08-29,NET,59.55,👀 综合中性,301.3,,,,,,,,
2026-08-29,NFLX,55.47,👀 综合中性,73.57,,,,,,,,
2026-08-29,NOW,61.61,👀 综合中性,118.1,,,,,,,,
2026-08-29,NTNX,53.51,👀 综合中性,61.5,,,,,,,,
2026-08-29,NVDA,75.29,✅ 综合良好,211.9,,,,,,,,
2026-08-29,NXPI,57.15,👀 综合中性,237.6,,,,,,,,
2026-08-29,OKTA,60.54,👀 综合中性,147.8,,,,,,,,
2026-08-29,ONTO,45.1,⚠️ 谨慎评估,287.6,,,,,,,,
2026-08-29,ORCL,36.55,⚠️ 谨慎评估,145.7,,,,,,,,
2026-08-29,P,47.93,⚠️ 谨慎评估,83.92,,,,,,,,
2026-08-29,PANW,56.92,👀 综合中性,366.3,,,,,,,,
2026-08-29,PATH,63.34,👀 综合中性,14.1,,,,,,,,
2026-08-29,PLTR,68.58,✅ 综合良好,162.7,,,,,,,,
2026-08-29,PTC,54.48,👀 综合中性,141.7,,,,,,,,
2026-08-29,QCOM,43.6,⚠️ 谨慎评估,162.7,,,,,,,,
2026-08-29,ROK,50.11,👀 综合中性,445.2,,,,,,,,
2026-08-29,RXRX,39.95,⚠️ 谨慎评估,3.31,,,,,,,,
2026-08-29,S,59.57,👀 综合中性,20.98,,,,,,,,
2026-08-29,SDGR,42.83,⚠️ 谨慎评估,15.65,,,,,,,,
2026-08-29,SMCI,56.31,👀 综合中性,31.69,,,,,,,,
2026-08-29,SNOW,51.27,👀 综合中性,316.8,,,,,,,,
2026-08-29,SNPS,57.87,👀 综合中性,403.9,,,,,,,,
2026-08-29,SOUN,41.45,⚠️ 谨慎评估,6.51,,,,,,,,
2026-08-29,TEAM,62.89,👀 综合中性,110.3,,,,,,,,
2026-08-29,TEM,34.44,🚫 风险较高,47.05,,,,,,,,
2026-08-29,TSLA,23.02,🚫 风险较高,327.4,,,,,,,,
2026-08-29,TSM,63.37,👀 综合中性,417.2,,,,,,,,
2026-08-29,TTD,44.57,⚠️ 谨慎评估,19.34,,,,,,,,
2026-08-29,TXN,56.65,👀 综合中性,283.6,,,,,,,,
2026-08-29,TYL,46.49,⚠️ 谨慎评估,313.3,,,,,,,,
2026-08-29,U,47.17,⚠️ 谨慎评估,35.22,,,,,,,,
2026-08-29,VEEV,53.41,👀 综合中性,211.9,,,,,,,,
2026-08-29,VRT,54.95,👀 综合中性,269.9,,,,,,,,
2026-08-29,WDAY,64.36,👀 综合中性,171.3,,,,,,,,
2026-08-29,ZM,58.44,👀 综合中性,102.1,,,,,,,,
2026-08-29,ZS,62.34,👀 综合中性,163.2,,,,,,,,
2026-08-31,AAPL,54.01,👀 综合中性,309.4,,,,,,,,
2026-08-31,ACLS,25.21,🚫 风险较高,139.7,,,,,,,,
2026-08-31,ACN,45.93,⚠️ 谨慎评估,170.4,,,,,,,,
2026-08-31,ADBE,58.6,👀 综合中性,257.5,,,,,,,,
2026-08-31,ADI,57.11,👀 综合中性,380.3,,,,,,,,
2026-08-31,ADSK,61.81,👀 综合中性,237.2,,,,,,,,
2026-08-31,AFRM,35.22,⚠️ 谨慎评估,78.12,,,,,,,,
2026-08-31,AI,41.23,⚠️ 谨慎评估,10.05,,,,,,,,
2026-08-31,AMAT,50.46,👀 综合中性,546.6,,,,,,,,
2026-08-31,AMBA,37.08,⚠️ 谨慎评估,82.23,,,,,,,,
2026-08-31,AMD,50.71,👀 综合中性,518.6,,,,,,,,
2026-08-31,AMZN,62.32,👀 综合中性,277.4,,,,,,,,
2026-08-31,ANET,57.51,👀 综合中性,190.5,,,,,,,,
2026-08-31,AOSL,26.4,🚫 风险较高,33.78,,,,,,,,
2026-08-31,APP,53.79,👀 综合中性,419.7,,,,,,,,
2026-08-31,ARM,36.51,⚠️ 谨慎评估,280.6,,,,,,,,
2026-08-31,ASML,45.1,⚠️ 谨慎评估,1712.0,,,,,,,,
2026-08-31,AVGO,51.14,👀 综合中性,418.2,,,,,,,,
2026-08-31,BBAI,27.54,🚫 风险较高,3.15,,,,,,,,
2026-08-31,CDNS,59.53,👀 综合中性,340.6,,,,,,,,
2026-08-31,CLS,59.13,👀 综合中性,371.1,,,,,,,,
2026-08-31,COHR,49.19,⚠️ 谨慎评估,323.7,,,,,,,,
2026-08-31,CRM,62.16,👀 综合中性,191.0,,,,,,,,
2026-08-31,CRUS,54.46,👀 综合中性,133.6,,,,,,,,
2026-08-31,CRWD,56.79,👀 综合中性,211.2,,,,,,,,
2026-08-31,CSCO,57.81,👀 综合中性,121.7,,,,,,,,
2026-08-31,DDOG,62.32,👀 综合中性,288.1,,,,,,,,
2026-08-31,DELL,48.8,⚠️ 谨慎评估,467.3,,,,,,,,
2026-08-31,DOCU,61.05,👀 综合中性,57.54,,,,,,,,
2026-08-31,DT,61.92,👀 综合中性,45.71,,,,,,,,
2026-08-31,DUOL,54.54,👀 综合中性,146.0,,,,,,,,
2026-08-31,ESTC,58.09,👀 综合中性,71.06,,,,,,,,
2026-08-31,EXLS,49.37,⚠️ 谨慎评估,34.39,,,,,,,,
2026-08-31,FN,52.15,👀 综合中性,531.0,,,,,,,,
2026-08-31,FTNT,66.56,✅ 综合良好,168.3,,,,,,,,
2026-08-31,GE,51.8,👀 综合中性,377.3,,,,,,,,
2026-08-31,GEV,44.94,⚠️ 谨慎评估,1019.0,,,,,,,,
2026-08-31,GOOGL,61.31,👀 综合中性,377.6,,,,,,,,
2026-08-31,GRMN,54.25,👀 综合中性,307.4,,,,,,,,
2026-08-31,GTLB,63.83,👀 综合中性,36.48,,,,,,,,
2026-08-31,HON,55.2,👀 综合中性,248.8,,,,,,,,
2026-08-31,HPE,55.34,👀 综合中性,52.39,,,,,,,,
2026-08-31,HUBS,59.73,👀 综合中性,248.9,,,,,,,,
2026-08-31,IBM,35.32,⚠️ 谨慎评估,235.2,,,,,,,,
2026-08-31,INTC,20.91,🚫 风险较高,100.9,,,,,,,,
2026-08-31,ISRG,48.69,⚠️ 谨慎评估,368.3,,,,,,,,
2026-08-31,JBL,55.27,👀 综合中性,340.0,,,,,,,,
2026-08-31,KLAC,41.06,⚠️ 谨慎评估,195.4,,,,,,,,
2026-08-31,LITE,52.24,👀 综合中性,849.5,,,,,,,,
2026-08-31,LRCX,53.77,👀 综合中性,317.7,,,,,,,,
2026-08-31,LUNR,45.93,⚠️ 谨慎评估,13.96,,,,,,,,
2026-08-31,MBLY,38.57,⚠️ 谨慎评估,8.64,,,,,,,,
2026-08-31,MCHP,47.04,⚠️ 谨慎评估,80.67,,,,,,,,
2026-08-31,MDB,60.69,👀 综合中性,380.0,,,,,,,,
2026-08-31,META,56.43,👀 综合中性,587.9,,,,,,,,
2026-08-31,MRVL,39.96,⚠️ 谨慎评估,211.5,,,,,,,,
2026-08-31,MSFT,58.98,👀 综合中性,492.8,,,,,,,,
2026-08-31,MU,52.73,👀 综合中性,892.7,,,,,,,,
2026-08-31,NET,59.55,👀 综合中性,301.3,,,,,,,,
2026-08-31,NFLX,55.47,👀 综合中性,73.57,,,,,,,,
2026-08-31,NOW,61.61,👀 综合中性,118.1,,,,,,,,
2026-08-31,NTNX,53.51,👀 综合中性,61.5,,,,,,,,
2026-08-31,NVDA,75.29,✅ 综合良好,211.9,,,,,,,,
2026-08-31,NXPI,57.15,👀 综合中性,237.6,,,,,,,,
2026-08-31,OKTA,60.54,👀 综合中性,147.8,,,,,,,,
2026-08-31,ONTO,45.1,⚠️ 谨慎评估,287.6,,,,,,,,
2026-08-31,ORCL,36.55,⚠️ 谨慎评估,145.7,,,,,,,,
2026-08-31,P,47.93,⚠️ 谨慎评估,83.92,,,,,,,,
2026-08-31,PANW,56.92,👀 综合中性,366.3,,,,,,,,
2026-08-31,PATH,63.34,👀 综合中性,14.1,,,,,,,,
2026-08-31,PLTR,68.58,✅ 综合良好,162.7,,,,,,,,
2026-08-31,PTC,54.48,👀 综合中性,141.7,,,,,,,,
2026-08-31,QCOM,43.6,⚠️ 谨慎评估,162.7,,,,,,,,
2026-08-31,ROK,50.11,👀 综合中性,445.2,,,,,,,,
2026-08-31,RXRX,39.95,⚠️ 谨慎评估,3.31,,,,,,,,
2026-08-31,S,59.57,👀 综合中性,20.98,,,,,,,,
2026-08-31,SDGR,42.83,⚠️ 谨慎评估,15.65,,,,,,,,
2026-08-31,SMCI,56.31,👀 综合中性,31.69,,,,,,,,
2026-08-31,SNOW,51.27,👀 综合中性,316.8,,,,,,,,
2026-08-31,SNPS,57.87,👀 综合中性,403.9,,,,,,,,
2026-08-31,SOUN,41.45,⚠️ 谨慎评估,6.51,,,,,,,,
2026-08-31,TEAM,62.89,👀 综合中性,110.3,,,,,,,,
2026-08-31,TEM,34.44,🚫 风险较高,47.05,,,,,,,,
2026-08-31,TSLA,23.02,🚫 风险较高,327.4,,,,,,,,
2026-08-31,TSM,63.37,👀 综合中性,417.2,,,,,,,,
2026-08-31,TTD,44.57,⚠️ 谨慎评估,19.34,,,,,,,,
2026-08-31,TXN,56.65,👀 综合中性,283.6,,,,,,,,
2026-08-31,TYL,46.49,⚠️ 谨慎评估,313.3,,,,,,,,
2026-08-31,U,47.17,⚠️ 谨慎评估,35.22,,,,,,,,
2026-08-31,VEEV,53.41,👀 综合中性,211.9,,,,,,,,
2026-08-31,VRT,54.95,👀 综合中性,269.9,,,,,,,,
2026-08-31,WDAY,64.36,👀 综合中性,171.3,,,,,,,,
2026-08-31,ZM,58.44,👀 综合中性,102.1,,,,,,,,
2026-08-31,ZS,62.34,👀 综合中性,163.2,,,,,,,,
2026-09-05,A,45.64,⚠️ 谨慎评估,150.9,,,,,,,,
2026-09-05,AADX,37.66,⚠️ 谨慎评估,12.93,,,,,,,,
2026-09-05,AAPL,45.87,⚠️ 谨慎评估,320.0,,,,,,,,
2026-09-05,ABT,42.68,⚠️ 谨慎评估,108.3,,,,,,,,
2026-09-05,ACHR,18.09,🚫 风险较高,5.71,,,,,,,,
2026-09-05,ACIW,56.99,👀 综合中性,52.95,,,,,,,,
2026-09-05,ACLS,24.85,🚫 风险较高,115.1,,,,,,,,
2026-09-05,ACMR,44.54,⚠️ 谨慎评估,74.44,,,,,,,,
2026-09-05,ACN,47.12,⚠️ 谨慎评估,186.7,,,,,,,,
2026-09-05,ADBE,53.88,👀 综合中性,266.5,,,,,,,,
2026-09-05,ADI,54.02,👀 综合中性,362.2,,,,,,,,
2026-09-05,ADIG,32.95,🚫 风险较高,20.65,,,,,,,,
2026-09-05,ADPT,41.11,⚠️ 谨慎评估,24.28,,,,,,,,
2026-09-05,ADSE,39.82,⚠️ 谨慎评估,11.56,,,,,,,,
2026-09-05,ADSK,56.82,👀 综合中性,217.9,,,,,,,,
2026-09-05,ADVB,30.66,🚫 风险较高,9.335,,,,,,,,
2026-09-05,AEHR,22.0,🚫 风险较高,86.26,,,,,,,,
2026-09-05,AEIS,44.49,⚠️ 谨慎评估,280.9,,,,,,,,
2026-09-05,AFRM,39.87,⚠️ 谨慎评估,72.35,,,,,,,,
2026-09-05,AHCO,31.12,🚫 风险较高,6.49,,,,,,,,
2026-09-05,AI,43.82,⚠️ 谨慎评估,10.46,,,,,,,,
2026-09-05,AIP,46.86,⚠️ 谨慎评估,21.37,,,,,,,,
2026-09-05,AIR,45.06,⚠️ 谨慎评估,126.5,,,,,,,,
2026-09-05,AKAM,40.15,⚠️ 谨慎评估,105.2,,,,,,,,
2026-09-05,ALAB,34.34,🚫 风险较高,310.4,,,,,,,,
2026-09-05,ALGM,31.1,🚫 风险较高,36.61,,,,,,,,
2026-09-05,ALMR,66.23,✅ 综合良好,30.8,,,,,,,,
2026-09-05,ALMU,22.87,🚫 风险较高,12.94,,,,,,,,
2026-09-05,ALOT,34.72,🚫 风险较高,28.99,,,,,,,,
2026-09-05,AMAT,44.32,⚠️ 谨慎评估,454.7,,,,,,,,
2026-09-05,AMBA,25.73,🚫 风险较高,62.89,,,,,,,,
2026-09-05,AMBQ,53.79,👀 综合中性,57.45,,,,,,,,
2026-09-05,AMD,49.29,⚠️ 谨慎评估,477.6,,,,,,,,
2026-09-05,AME,43.22,⚠️ 谨慎评估,237.7,,,,,,,,
2026-09-05,AMKR,26.22,🚫 风险较高,47.77,,,,,,,,
2026-09-05,AMPX,27.05,🚫 风险较高,9.89,,,,,,,,
2026-09-05,AMSC,15.19,🚫 风险较高,29.55,,,,,,,,
2026-09-05,AMWL,31.47,🚫 风险较高,12.99,,,,,,,,
2026-09-05,AMZN,55.1,👀 综合中性,258.5,,,,,,,,
2026-09-05,ANET,50.86,👀 综合中性,193.8,,,,,,,,
2026-09-05,AORT,26.94,🚫 风险较高,25.57,,,,,,,,
2026-09-05,AOS,36.1,⚠️ 谨慎评估,60.48,,,,,,,,
2026-09-05,AOSL,14.78,🚫 风险较高,25.2,,,,,,,,
2026-09-05,APP,51.57,👀 综合中性,320.6,,,,,,,,
2026-09-05,ARM,30.17,🚫 风险较高,252.1,,,,,,,,
2026-09-05,ARXS,50.84,👀 综合中性,53.62,,,,,,,,
2026-09-05,ASML,38.31,⚠️ 谨慎评估,1715.0,,,,,,,,
2026-09-05,ASYS,42.45,⚠️ 谨慎评估,14.95,,,,,,,,
2026-09-05,ATEC,39.99,⚠️ 谨慎评估,9.45,,,,,,,,
2026-09-05,ATKR,38.71,⚠️ 谨慎评估,93.76,,,,,,,,
2026-09-05,ATRO,50.97,👀 综合中性,76.26,,,,,,,,
2026-09-05,AVAV,40.87,⚠️ 谨慎评估,144.7,,,,,,,,
2026-09-05,AVGO,46.18,⚠️ 谨慎评估,357.9,,,,,,,,
2026-09-05,AVNS,31.45,🚫 风险较高,24.99,,,,,,,,
2026-09-05,AVR,46.57,⚠️ 谨慎评估,9.04,,,,,,,,
2026-09-05,AXGN,47.07,⚠️ 谨慎评估,48.28,,,,,,,,
2026-09-05,AXON,30.82,🚫 风险较高,515.7,,,,,,,,
2026-09-05,AXTI,38.5,⚠️ 谨慎评估,61.64,,,,,,,,
2026-09-05,AYI,40.35,⚠️ 谨慎评估,334.1,,,,,,,,
2026-09-05,BA,34.13,🚫 风险较高,212.2,,,,,,,,
2026-09-05,BBAI,23.0,🚫 风险较高,2.92,,,,,,,,
2026-09-05,BBNX,41.24,⚠️ 谨慎评估,19.42,,,,,,,,
2026-09-05,BDSX,62.04,👀 综合中性,26.18,,,,,,,,
2026-09-05,BE,33.37,🚫 风险较高,252.9,,,,,,,,
2026-09-05,BETA,45.43,⚠️ 谨慎评估,22.2,,,,,,,,
2026-09-05,BFLY,46.46,⚠️ 谨慎评估,7.36,,,,,,,,
2026-09-05,BIAF,36.24,⚠️ 谨慎评估,15.27,,,,,,,,
2026-09-05,BIO,36.98,⚠️ 谨慎评估,386.1,,,,,,,,
2026-09-05,BIOQ,38.52,⚠️ 谨慎评估,33.0,,,,,,,,
2026-09-05,BKFG,29.36,🚫 风险较高,94.0,,,,,,,,
2026-09-05,BLLN,48.73,⚠️ 谨慎评估,99.39,,,,,,,,
2026-09-05,BLSH,46.26,⚠️ 谨慎评估,36.0,,,,,,,,
2026-09-05,BOX,49.35,⚠️ 谨慎评估,35.19,,,,,,,,
2026-09-05,BRAI,24.5,🚫 风险较高,5.63,,,,,,,,
2026-09-05,BRKR,36.73,⚠️ 谨慎评估,58.5,,,,,,,,
2026-09-05,BSX,40.57,⚠️ 谨慎评估,47.8,,,,,,,,
2026-09-05,BTSG,55.86,👀 综合中性,60.73,,,,,,,,
2026-09-05,BVS,59.93,👀 综合中性,14.07,,,,,,,,
2026-09-05,BW,51.8,👀 综合中性,7.1,,,,,,,,
2026-09-05,BWXT,33.9,🚫 风险较高,157.6,,,,,,,,
2026-09-05,CAMT,19.97,🚫 风险较高,145.7,,,,,,,,
2026-09-05,CARL,55.19,👀 综合中性,15.6,,,,,,,,
2026-09-05,CBLL,52.42,👀 综合中性,24.72,,,,,,,,
2026-09-05,CBRS,45.19,⚠️ 谨慎评估,210.1,,,,,,,,
2026-09-05,CDNA,54.68,👀 综合中性,50.88,,,,,,,,
2026-09-05,CDNS,55.35,👀 综合中性,292.7,,,,,,,,
2026-09-05,CDRE,38.66,⚠️ 谨慎评估,29.76,,,,,,,,
2026-09-05,CERT,28.68,🚫 风险较高,7.94,,,,,,,,
2026-09-05,CEVA,30.95,🚫 风险较高,26.95,,,,,,,,
2026-09-05,CHKP,37.58,⚠️ 谨慎评估,137.1,,,,,,,,
2026-09-05,CLS,49.28,⚠️ 谨慎评估,312.4,,,,,,,,
2026-09-05,CMI,32.37,🚫 风险较高,560.8,,,,,,,,
2026-09-05,CMPD,31.61,🚫 风险较高,6.99,,,,,,,,
2026-09-05,CNMD,40.76,⚠️ 谨慎评估,49.32,,,,,,,,
2026-09-05,COHR,46.05,⚠️ 谨慎评估,281.9,,,,,,,,
2026-09-05,COHU,43.14,⚠️ 谨慎评估,50.72,,,,,,,,
2026-09-05,CORZ,35.22,⚠️ 谨慎评估,17.89,,,,,,,,
2026-09-05,CPAY,62.78,👀 综合中性,416.4,,,,,,,,
2026-09-05,CR,43.65,⚠️ 谨慎评估,204.7,,,,,,,,
2026-09-05,CRCT,46.94,⚠️ 谨慎评估,5.54,,,,,,,,
2026-09-05,CRDO,34.2,🚫 风险较高,170.6,,,,,,,,
2026-09-05,CRL,39.46,⚠️ 谨慎评估,288.5,,,,,,,,
2026-09-05,CRM,57.69,👀 综合中性,259.2,,,,,,,,
2026-09-05,CRSR,30.8,🚫 风险较高,12.72,,,,,,,,
2026-09-05,CRUS,46.77,⚠️ 谨慎评估,113.2,,,,,,,,
2026-09-05,CRWD,53.85,👀 综合中性,213.1,,,,,,,,
2026-09-05,CRWV,44.77,⚠️ 谨慎评估,89.36,,,,,,,,
2026-09-05,CSCO,51.73,👀 综合中性,109.2,,,,,,,,
2026-09-05,CSTL,49.88,⚠️ 谨慎评估,32.91,,,,,,,,
2026-09-05,CSW,48.18,⚠️ 谨慎评估,308.5,,,,,,,,
2026-09-05,CTEV,45.85,⚠️ 谨慎评估,38.43,,,,,,,,
2026-09-05,CUAI,34.08,🚫 风险较高,5.24,,,,,,,,
2026-09-05,CW,34.09,🚫 风险较高,566.8,,,,,,,,
2026-09-05,CXT,49.37,⚠️ 谨慎评估,50.06,,,,,,,,
2026-09-05,DBX,43.33,⚠️ 谨慎评估,34.83,,,,,,,,
2026-09-05,DCI,40.77,⚠️ 谨慎评估,91.03,,,,,,,,
2026-09-05,DCO,45.61,⚠️ 谨慎评估,168.3,,,,,,,,
2026-09-05,DCTH,50.18,👀 综合中性,16.48,,,,,,,,
2026-09-05,DDOG,60.36,👀 综合中性,212.9,,,,,,,,
2026-09-05,DELL,42.65,⚠️ 谨慎评估,524.1,,,,,,,,
2026-09-05,DGX,55.59,👀 综合中性,237.1,,,,,,,,
2026-09-05,DHR,53.41,👀 综合中性,207.7,,,,,,,,
2026-09-05,DIOD,33.7,🚫 风险较高,91.79,,,,,,,,
2026-09-05,DLO,66.5,✅ 综合良好,15.52,,,,,,,,
2026-09-05,DOCN,38.52,⚠️ 谨慎评估,112.5,,,,,,,,
2026-09-05,DOCS,43.55,⚠️ 谨慎评估,26.35,,,,,,,,
2026-09-05,DOCU,57.1,👀 综合中性,68.41,,,,,,,,
2026-09-05,DOV,38.76,⚠️ 谨慎评估,192.9,,,,,,,,
2026-09-05,DOX,39.0,⚠️ 谨慎评估,62.21,,,,,,,,
2026-09-05,DPC,41.37,⚠️ 谨慎评估,44.88,,,,,,,,
2026-09-05,DRIO,22.26,🚫 风险较高,7.24,,,,,,,,
2026-09-05,DRS,43.27,⚠️ 谨慎评估,36.6,,,,,,,,
2026-09-05,DT,60.22,👀 综合中性,51.9,,,,,,,,
2026-09-05,DUOL,51.91,👀 综合中性,154.5,,,,,,,,
2026-09-05,DXCM,48.7,⚠️ 谨慎评估,87.9,,,,,,,,
2026-09-05,EAF,15.61,🚫 风险较高,6.2,,,,,,,,
2026-09-05,EMR,44.79,⚠️ 谨慎评估,152.8,,,,,,,,
2026-09-05,ENOV,29.38,🚫 风险较高,18.56,,,,,,,,
2026-09-05,ENR,36.83,⚠️ 谨慎评估,21.23,,,,,,,,
2026-09-05,ENS,47.98,⚠️ 谨慎评估,181.9,,,,,,,,
2026-09-05,ENTG,42.61,⚠️ 谨慎评估,138.7,,,,,,,,
2026-09-05,EPAC,50.03,👀 综合中性,37.34,,,,,,,,
2026-09-05,ESP,49.5,⚠️ 谨慎评估,63.35,,,,,,,,
2026-09-05,ESTA,49.14,⚠️ 谨慎评估,74.29,,,,,,,,
2026-09-05,ESTC,59.7,👀 综合中性,91.81,,,,,,,,
2026-09-05,ETN,37.7,⚠️ 谨慎评估,410.9,,,,,,,,
2026-09-05,EW,47.22,⚠️ 谨慎评估,89.9,,,,,,,,
2026-09-05,EXLS,52.98,👀 综合中性,36.63,,,,,,,,
2026-09-05,FAC,31.11,🚫 风险较高,5.21,,,,,,,,
2026-09-05,FCEL,14.27,🚫 风险较高,14.95,,,,,,,,
2026-09-05,FCX,40.55,⚠️ 谨慎评估,72.73,,,,,,,,
2026-09-05,FELE,40.01,⚠️ 谨慎评估,99.76,,,,,,,,
2026-09-05,FFIV,54.72,👀 综合中性,390.5,,,,,,,,
2026-09-05,FLGT,33.02,🚫 风险较高,19.73,,,,,,,,
2026-09-05,FLS,38.48,⚠️ 谨慎评估,76.64,,,,,,,,
2026-09-05,FLY,37.87,⚠️ 谨慎评估,21.67,,,,,,,,
2026-09-05,FN,44.6,⚠️ 谨慎评估,407.4,,,,,,,,
2026-09-05,FORM,46.42,⚠️ 谨慎评估,103.9,,,,,,,,
2026-09-05,FOUR,44.2,⚠️ 谨慎评估,45.94,,,,,,,,
2026-09-05,FPS,37.48,⚠️ 谨慎评估,31.35,,,,,,,,
2026-09-05,FRNM,61.92,👀 综合中性,16.31,,,,,,,,
2026-09-05,FTAI,32.72,🚫 风险较高,196.3,,,,,,,,
2026-09-05,FTNT,64.17,👀 综合中性,156.3,,,,,,,,
2026-09-05,GD,43.6,⚠️ 谨慎评估,359.4,,,,,,,,
2026-09-05,GDDY,49.6,⚠️ 谨慎评估,101.3,,,,,,,,
2026-09-05,GE,41.11,⚠️ 谨慎评估,337.1,,,,,,,,
2026-09-05,GEHC,41.92,⚠️ 谨慎评估,68.86,,,,,,,,
2026-09-05,GEN,56.84,👀 综合中性,30.65,,,,,,,,
2026-09-05,GEV,45.72,⚠️ 谨慎评估,942.0,,,,,,,,
2026-09-05,GFS,24.76,🚫 风险较高,45.21,,,,,,,,
2026-09-05,GGG,40.47,⚠️ 谨慎评估,77.88,,,,,,,,
2026-09-05,GH,58.73,👀 综合中性,161.4,,,,,,,,
2026-09-05,GHM,31.29,🚫 风险较高,87.78,,,,,,,,
2026-09-05,GKOS,60.06,👀 综合中性,177.5,,,,,,,,
2026-09-05,GMED,43.56,⚠️ 谨慎评估,78.29,,,,,,,,
2026-09-05,GNRC,37.06,⚠️ 谨慎评估,187.3,,,,,,,,
2026-09-05,GOOGL,58.54,👀 综合中性,338.5,,,,,,,,
2026-09-05,GRAL,25.53,🚫 风险较高,80.34,,,,,,,,
2026-09-05,GRC,39.45,⚠️ 谨慎评估,75.34,,,,,,,,
2026-09-05,GRMN,48.52,⚠️ 谨慎评估,277.0,,,,,,,,
2026-09-05,GSIT,10.39,🚫 风险较高,5.35,,,,,,,,
2026-09-05,GTES,49.53,⚠️ 谨慎评估,25.95,,,,,,,,
2026-09-05,GTLB,60.76,👀 综合中性,49.83,,,,,,,,
2026-09-05,GTLS,28.14,🚫 风险较高,209.9,,,,,,,,
2026-09-05,HAE,42.57,⚠️ 谨慎评估,102.9,,,,,,,,
2026-09-05,HAWK,42.39,⚠️ 谨慎评估,17.36,,,,,,,,
2026-09-05,HAYW,38.04,⚠️ 谨慎评估,13.92,,,,,,,,
2026-09-05,HII,38.69,⚠️ 谨慎评估,285.9,,,,,,,,
2026-09-05,HLIO,47.67,⚠️ 谨慎评估,71.62,,,,,,,,
2026-09-05,HNGE,62.79,👀 综合中性,92.37,,,,,,,,
2026-09-05,HON,46.62,⚠️ 谨慎评估,209.6,,,,,,,,
2026-09-05,HONA,23.49,🚫 风险较高,161.0,,,,,,,,
2026-09-05,HPE,54.79,👀 综合中性,52.0,,,,,,,,
2026-09-05,HPQ,38.42,⚠️ 谨慎评估,32.64,,,,,,,,
2026-09-05,HQY,53.12,👀 综合中性,96.07,,,,,,,,
2026-09-05,HSTM,55.8,👀 综合中性,29.2,,,,,,,,
2026-09-05,HTFL,53.29,👀 综合中性,48.91,,,,,,,,
2026-09-05,HUBB,38.7,⚠️ 谨慎评估,460.7,,,,,,,,
2026-09-05,HUBS,58.68,👀 综合中性,247.6,,,,,,,,
2026-09-05,HWM,41.62,⚠️ 谨慎评估,259.3,,,,,,,,
2026-09-05,HXL,48.39,⚠️ 谨慎评估,91.98,,,,,,,,
2026-09-05,IART,35.04,⚠️ 谨慎评估,16.72,,,,,,,,
2026-09-05,IBM,29.82,🚫 风险较高,234.9,,,,,,,,
2026-09-05,ICHR,30.87,🚫 风险较高,56.38,,,,,,,,
2026-09-05,ICLR,34.0,🚫 风险较高,164.8,,,,,,,,
2026-09-05,IDXGD,42.06,⚠️ 谨慎评估,6.913,,,,,,,,
2026-09-05,IDXX,40.41,⚠️ 谨慎评估,535.4,,,,,,,,
2026-09-05,IE,24.13,🚫 风险较高,9.99,,,,,,,,
2026-09-05,IEX,41.08,⚠️ 谨慎评估,223.7,,,,,,,,
2026-09-05,ILMN,43.34,⚠️ 谨慎评估,218.2,,,,,,,,
2026-09-05,INFQ,48.9,⚠️ 谨慎评估,12.85,,,,,,,,
2026-09-05,INIO,31.23,🚫 风险较高,20.77,,,,,,,,
2026-09-05,INMD,42.04,⚠️ 谨慎评估,14.91,,,,,,,,
2026-09-05,INSP,31.93,🚫 风险较高,63.08,,,,,,,,
2026-09-05,INTC,20.99,🚫 风险较高,95.8,,,,,,,,
2026-09-05,INTT,38.11,⚠️ 谨慎评估,11.16,,,,,,,,
2026-09-05,IONQ,30.02,🚫 风险较高,39.52,,,,,,,,
2026-09-05,IOT,52.47,👀 综合中性,40.2,,,,,,,,
2026-09-05,IPGP,25.87,🚫 风险较高,78.0,,,,,,,,
2026-09-05,IQV,44.19,⚠️ 谨慎评估,267.8,,,,,,,,
2026-09-05,IR,38.17,⚠️ 谨慎评估,76.36,,,,,,,,
2026-09-05,IRMD,30.55,🚫 风险较高,83.45,,,,,,,,
2026-09-05,IRTC,36.67,⚠️ 谨慎评估,123.1,,,,,,,,
2026-09-05,ISRG,42.1,⚠️ 谨慎评估,366.7,,,,,,,,
2026-09-05,ITGR,30.5,🚫 风险较高,126.5,,,,,,,,
2026-09-05,ITT,44.84,⚠️ 谨慎评估,204.3,,,,,,,,
2026-09-05,ITW,38.77,⚠️ 谨慎评估,270.1,,,,,,,,
2026-09-05,JBL,44.48,⚠️ 谨慎评估,310.6,,,,,,,,
2026-09-05,JBTM,48.04,⚠️ 谨慎评估,117.7,,,,,,,,
2026-09-05,KAI,43.45,⚠️ 谨慎评估,298.8,,,,,,,,
2026-09-05,KE,39.68,⚠️ 谨慎评估,25.03,,,,,,,,
2026-09-05,KIDS,48.6,⚠️ 谨慎评估,22.41,,,,,,,,
2026-09-05,KLAC,38.71,⚠️ 谨慎评估,185.6,,,,,,,,
2026-09-05,KLIC,51.87,👀 综合中性,81.61,,,,,,,,
2026-09-05,KRMN,32.38,🚫 风险较高,39.98,,,,,,,,
2026-09-05,KTOS,22.44,🚫 风险较高,47.82,,,,,,,,
2026-09-05,LASR,21.66,🚫 风险较高,40.06,,,,,,,,
2026-09-05,LH,54.56,👀 综合中性,326.9,,,,,,,,
2026-09-05,LHX,45.62,⚠️ 谨慎评估,256.4,,,,,,,,
2026-09-05,LITE,45.41,⚠️ 谨慎评估,881.3,,,,,,,,
2026-09-05,LIVN,59.29,👀 综合中性,81.92,,,,,,,,
2026-09-05,LMRI,22.7,🚫 风险较高,12.18,,,,,,,,
2026-09-05,LMT,51.04,👀 综合中性,525.3,,,,,,,,
2026-09-05,LOAR,40.93,⚠️ 谨慎评估,67.85,,,,,,,,
2026-09-05,LRCX,43.44,⚠️ 谨慎评估,307.6,,,,,,,,
2026-09-05,LSCC,56.59,👀 综合中性,115.9,,,,,,,,
2026-09-05,LTBR,12.92,🚫 风险较高,7.58,,,,,,,,
2026-09-05,LUNR,43.04,⚠️ 谨慎评估,14.81,,,,,,,,
2026-09-05,LYNX,41.22,⚠️ 谨慎评估,12.67,,,,,,,,
2026-09-05,MBGL,46.42,⚠️ 谨慎评估,20.58,,,,,,,,
2026-09-05,MBLY,35.99,⚠️ 谨慎评估,8.56,,,,,,,,
2026-09-05,MCHP,41.3,⚠️ 谨慎评估,74.17,,,,,,,,
2026-09-05,MDB,54.63,👀 综合中性,368.7,,,,,,,,
2026-09-05,MDT,56.07,👀 综合中性,94.17,,,,,,,,
2026-09-05,MEDP,56.98,👀 综合中性,591.3,,,,,,,,
2026-09-05,META,58.71,👀 综合中性,616.8,,,,,,,,
2026-09-05,MFP,26.45,🚫 风险较高,45.21,,,,,,,,
2026-09-05,MFPVV,41.28,⚠️ 谨慎评估,35.05,,,,,,,,
2026-09-05,MIDD,38.11,⚠️ 谨慎评估,111.8,,,,,,,,
2026-09-05,MIR,37.3,⚠️ 谨慎评估,16.93,,,,,,,,
2026-09-05,MPWR,47.36,⚠️ 谨慎评估,1224.0,,,,,,,,
2026-09-05,MRAM,40.03,⚠️ 谨慎评估,16.37,,,,,,,,
2026-09-05,MRCY,23.65,🚫 风险较高,82.42,,,,,,,,
2026-09-05,MRVL,43.24,⚠️ 谨慎评估,223.6,,,,,,,,
2026-09-05,MSFT,57.66,👀 综合中性,499.7,,,,,,,,
2026-09-05,MTD,41.02,⚠️ 谨慎评估,1345.0,,,,,,,,
2026-09-05,MTSI,43.68,⚠️ 谨慎评估,268.9,,,,,,,,
2026-09-05,MU,49.75,⚠️ 谨慎评估,1017.0,,,,,,,,
2026-09-05,MWA,41.47,⚠️ 谨慎评估,23.95,,,,,,,,
2026-09-05,MXL,34.96,🚫 风险较高,62.74,,,,,,,,
2026-09-05,NDRA,41.96,⚠️ 谨慎评估,6.05,,,,,,,,
2026-09-05,NDSN,50.92,👀 综合中性,318.4,,,,,,,,
2026-09-05,NEO,35.54,⚠️ 谨慎评估,17.38,,,,,,,,
2026-09-05,NEOG,31.71,🚫 风险较高,11.83,,,,,,,,
2026-09-05,NET,57.64,👀 综合中性,278.9,,,,,,,,
2026-09-05,NFLX,51.47,👀 综合中性,78.25,,,,,,,,
2026-09-05,NNE,17.63,🚫 风险较高,17.72,,,,,,,,
2026-09-05,NOC,31.83,🚫 风险较高,515.0,,,,,,,,
2026-09-05,NOW,59.82,👀 综合中性,141.3,,,,,,,,
2026-09-05,NPK,50.03,👀 综合中性,147.7,,,,,,,,
2026-09-05,NPO,32.6,🚫 风险较高,296.9,,,,,,,,
2026-09-05,NRC,44.07,⚠️ 谨慎评估,21.53,,,,,,,,
2026-09-05,NTAP,63.07,👀 综合中性,185.6,,,,,,,,
2026-09-05,NTNX,64.16,👀 综合中性,68.06,,,,,,,,
2026-09-05,NTRA,59.04,👀 综合中性,328.2,,,,,,,,
2026-09-05,NTSK,43.5,⚠️ 谨慎评估,13.94,,,,,,,,
2026-09-05,NVCR,50.49,👀 综合中性,17.94,,,,,,,,
2026-09-05,NVDA,76.3,✅ 综合良好,230.4,,,,,,,,
2026-09-05,NVEC,62.91,👀 综合中性,100.4,,,,,,,,
2026-09-05,NVMI,24.83,🚫 风险较高,372.1,,,,,,,,
2026-09-05,NVT,56.72,👀 综合中性,156.0,,,,,,,,
2026-09-05,NVTS,8.83,🚫 风险较高,11.8,,,,,,,,
2026-09-05,NXPI,50.94,👀 综合中性,227.8,,,,,,,,
2026-09-05,OESX,43.9,⚠️ 谨慎评估,25.0,,,,,,,,
2026-09-05,OKTA,59.63,👀 综合中性,170.6,,,,,,,,
2026-09-05,OMCL,49.21,⚠️ 谨慎评估,34.37,,,,,,,,
2026-09-05,OMDA,44.63,⚠️ 谨慎评估,22.77,,,,,,,,
2026-09-05,ON,35.85,⚠️ 谨慎评估,74.38,,,,,,,,
2026-09-05,ONTO,48.31,⚠️ 谨慎评估,268.0,,,,,,,,
2026-09-05,OPRX,36.37,⚠️ 谨慎评估,7.87,,,,,,,,
2026-09-05,ORCL,34.45,🚫 风险较高,158.8,,,,,,,,
2026-09-05,OSS,48.05,⚠️ 谨慎评估,9.97,,,,,,,,
2026-09-05,OTIS,42.55,⚠️ 谨慎评估,71.21,,,,,,,,
2026-09-05,P,41.56,⚠️ 谨慎评估,99.51,,,,,,,,
2026-09-05,PANW,60.3,👀 综合中性,333.3,,,,,,,,
2026-09-05,PATH,65.5,✅ 综合良好,15.19,,,,,,,,
2026-09-05,PAY,56.81,👀 综合中性,36.19,,,,,,,,
2026-09-05,PEN,35.57,⚠️ 谨慎评估,322.2,,,,,,,,
2026-09-05,PH,39.58,⚠️ 谨慎评估,962.6,,,,,,,,
2026-09-05,PHR,50.43,👀 综合中性,10.94,,,,,,,,
2026-09-05,PI,22.86,🚫 风险较高,172.6,,,,,,,,
2026-09-05,PINC,56.45,👀 综合中性,,,,,,,,,
2026-09-05,PL,41.01,⚠️ 谨慎评估,18.12,,,,,,,,
2026-09-05,PLAB,31.97,🚫 风险较高,29.13,,,,,,,,
2026-09-05,PLPC,49.16,⚠️ 谨慎评估,398.4,,,,,,,,
2026-09-05,PLTR,71.88,✅ 综合良好,174.3,,,,,,,,
2026-09-05,PNR,32.22,🚫 风险较高,60.21,,,,,,,,
2026-09-05,PODD,50.34,👀 综合中性,147.5,,,,,,,,
2026-09-05,POET,49.23,⚠️ 谨慎评估,7.92,,,,,,,,
2026-09-05,POWI,34.46,🚫 风险较高,50.45,,,,,,,,
2026-09-05,POWL,28.16,🚫 风险较高,181.2,,,,,,,,
2026-09-05,PRCT,42.04,⚠️ 谨慎评估,22.76,,,,,,,,
2026-09-05,PRPO,50.6,👀 综合中性,27.4,,,,,,,,
2026-09-05,PRVA,54.99,👀 综合中性,20.66,,,,,,,,
2026-09-05,PSNL,29.15,🚫 风险较高,17.2,,,,,,,,
2026-09-05,PSQL,21.36,🚫 风险较高,7.96,,,,,,,,
2026-09-05,PTC,50.3,👀 综合中性,141.0,,,,,,,,
2026-09-05,PXLW,41.02,⚠️ 谨慎评估,7.12,,,,,,,,
2026-09-05,Q,35.09,⚠️ 谨慎评估,120.5,,,,,,,,
2026-09-05,QBTS,18.81,🚫 风险较高,16.58,,,,,,,,
2026-09-05,QCOM,38.26,⚠️ 谨慎评估,168.7,,,,,,,,
2026-09-05,QDEL,31.92,🚫 风险较高,13.97,,,,,,,,
2026-09-05,QGEN,40.46,⚠️ 谨慎评估,43.47,,,,,,,,
2026-09-05,QLYS,56.24,👀 综合中性,171.7,,,,,,,,
2026-09-05,QMCO,22.18,🚫 风险较高,24.73,,,,,,,,
2026-09-05,QRVO,50.32,👀 综合中性,102.8,,,,,,,,
2026-09-05,QUBT,29.83,🚫 风险较高,8.01,,,,,,,,
2026-09-05,QUIK,44.68,⚠️ 谨慎评估,10.76,,,,,,,,
2026-09-05,RBCN,22.99,🚫 风险较高,6.26,,,,,,,,
2026-09-05,RBRK,62.64,👀 综合中性,93.67,,,,,,,,
2026-09-05,RCAT,46.47,⚠️ 谨慎评估,8.37,,,,,,,,
2026-09-05,RDNT,43.29,⚠️ 谨慎评估,73.71,,,,,,,,
2026-09-05,RDW,30.76,🚫 风险较高,10.53,,,,,,,,
2026-09-05,RELY,61.44,👀 综合中性,26.17,,,,,,,,
2026-09-05,RFIL,30.19,🚫 风险较高,10.51,,,,,,,,
2026-09-05,RGTI,39.39,⚠️ 谨慎评估,15.2,,,,,,,,
2026-09-05,RKLB,24.14,🚫 风险较高,64.26,,,,,,,,
2026-09-05,RMBS,34.31,🚫 风险较高,85.46,,,,,,,,
2026-09-05,ROK,42.53,⚠️ 谨慎评估,433.8,,,,,,,,
2026-09-05,RRX,39.94,⚠️ 谨慎评估,162.9,,,,,,,,
2026-09-05,RTX,46.07,⚠️ 谨慎评估,200.8,,,,,,,,
2026-09-05,RVTY,34.12,🚫 风险较高,130.2,,,,,,,,
2026-09-05,RXRX,40.37,⚠️ 谨慎评估,3.63,,,,,,,,
2026-09-05,S,57.61,👀 综合中性,19.88,,,,,,,,
2026-09-05,SAIL,37.98,⚠️ 谨慎评估,18.82,,,,,,,,
2026-09-05,SARO,38.47,⚠️ 谨慎评估,24.81,,,,,,,,
2026-09-05,SCCO,62.96,👀 综合中性,198.8,,,,,,,,
2026-09-05,SCIA,65.56,✅ 综合良好,9.3,,,,,,,,
2026-09-05,SDGR,45.42,⚠️ 谨慎评估,20.09,,,,,,,,
2026-09-05,SHC,49.74,⚠️ 谨慎评估,18.9,,,,,,,,
2026-09-05,SIBN,48.14,⚠️ 谨慎评估,18.5,,,,,,,,
2026-09-05,SITM,29.61,🚫 风险较高,612.1,,,,,,,,
2026-09-05,SKHY,67.97,✅ 综合良好,177.0,,,,,,,,
2026-09-05,SKYT,48.45,⚠️ 谨慎评估,32.46,,,,,,,,
2026-09-05,SLAB,42.02,⚠️ 谨慎评估,220.6,,,,,,,,
2026-09-05,SLP,37.55,⚠️ 谨慎评估,18.43,,,,,,,,
2026-09-05,SMCI,57.17,👀 综合中性,39.59,,,,,,,,
2026-09-05,SMR,10.01,🚫 风险较高,9.7,,,,,,,,
2026-09-05,SMTC,28.53,🚫 风险较高,147.9,,,,,,,,
2026-09-05,SNDK,58.65,👀 综合中性,1740.0,,,,,,,,
2026-09-05,SNOW,53.09,👀 综合中性,337.2,,,,,,,,
2026-09-05,SNPS,62.26,👀 综合中性,393.8,,,,,,,,
2026-09-05,SOPH,55.76,👀 综合中性,8.09,,,,,,,,
2026-09-05,SOUN,40.82,⚠️ 谨慎评估,6.74,,,,,,,,
2026-09-05,SPCX,43.09,⚠️ 谨慎评估,147.9,,,,,,,,
2026-09-05,SPOK,43.37,⚠️ 谨慎评估,10.71,,,,,,,,
2026-09-05,SSYS,18.72,🚫 风险较高,8.0,,,,,,,,
2026-09-05,STE,43.32,⚠️ 谨慎评估,224.6,,,,,,,,
2026-09-05,STI,61.32,👀 综合中性,7.69,,,,,,,,
2026-09-05,STX,45.2,⚠️ 谨慎评估,849.3,,,,,,,,
2026-09-05,SWKS,25.41,🚫 风险较高,74.02,,,,,,,,
2026-09-05,SXI,41.38,⚠️ 谨慎评估,275.8,,,,,,,,
2026-09-05,SYK,53.21,👀 综合中性,303.1,,,,,,,,
2026-09-05,SYM,28.06,🚫 风险较高,42.94,,,,,,,,
2026-09-05,SYNA,29.95,🚫 风险较高,98.99,,,,,,,,
2026-09-05,TACT,32.04,🚫 风险较高,5.14,,,,,,,,
2026-09-05,TALK,41.49,⚠️ 谨慎评估,5.25,,,,,,,,
2026-09-05,TBRG,40.25,⚠️ 谨慎评估,26.24,,,,,,,,
2026-09-05,TDG,47.19,⚠️ 谨慎评估,1162.0,,,,,,,,
2026-09-05,TDOC,28.1,🚫 风险较高,6.28,,,,,,,,
2026-09-05,TEAM,60.12,👀 综合中性,189.6,,,,,,,,
2026-09-05,TEM,36.06,⚠️ 谨慎评估,64.62,,,,,,,,
2026-09-05,TENB,49.84,⚠️ 谨慎评估,34.25,,,,,,,,
2026-09-05,TER,52.6,👀 综合中性,357.0,,,,,,,,
2026-09-05,TMDX,30.91,🚫 风险较高,89.98,,,,,,,,
2026-09-05,TMO,48.53,⚠️ 谨慎评估,613.8,,,,,,,,
2026-09-05,TNC,33.92,🚫 风险较高,71.97,,,,,,,,
2026-09-05,TNDM,31.01,🚫 风险较高,19.9,,,,,,,,
2026-09-05,TOST,49.62,⚠️ 谨慎评估,33.95,,,,,,,,
2026-09-05,TRT,44.44,⚠️ 谨慎评估,10.51,,,,,,,,
2026-09-05,TSLA,22.22,🚫 风险较高,354.1,,,,,,,,
2026-09-05,TSM,63.84,👀 综合中性,428.9,,,,,,,,
2026-09-05,TTD,38.38,⚠️ 谨慎评估,14.43,,,,,,,,
2026-09-05,TWLO,52.26,👀 综合中性,233.0,,,,,,,,
2026-09-05,TWST,32.48,🚫 风险较高,124.7,,,,,,,,
2026-09-05,TXG,25.9,🚫 风险较高,62.65,,,,,,,,
2026-09-05,TXN,44.03,⚠️ 谨慎评估,258.4,,,,,,,,
2026-09-05,TXT,39.52,⚠️ 谨慎评估,79.07,,,,,,,,
2026-09-05,TYL,49.88,⚠️ 谨慎评估,364.0,,,,,,,,
2026-09-05,U,39.95,⚠️ 谨慎评估,41.66,,,,,,,,
2026-09-05,UCTT,35.04,⚠️ 谨慎评估,72.43,,,,,,,,
2026-09-05,UFPT,40.74,⚠️ 谨慎评估,288.8,,,,,,,,
2026-09-05,ULBI,49.45,⚠️ 谨慎评估,6.13,,,,,,,,
2026-09-05,UMAC,41.67,⚠️ 谨慎评估,23.76,,,,,,,,
2026-09-05,VCYT,42.22,⚠️ 谨慎评估,42.53,,,,,,,,
2026-09-05,VECO,34.89,🚫 风险较高,44.67,,,,,,,,
2026-09-05,VEEV,57.34,👀 综合中性,275.1,,,,,,,,
2026-09-05,VELO,38.69,⚠️ 谨慎评估,11.61,,,,,,,,
2026-09-05,VOYG,31.89,🚫 风险较高,33.94,,,,,,,,
2026-09-05,VREX,33.63,🚫 风险较高,18.51,,,,,,,,
2026-09-05,VRNS,50.05,👀 综合中性,46.09,,,,,,,,
2026-09-05,VRSN,50.54,👀 综合中性,292.1,,,,,,,,
2026-09-05,VRT,45.76,⚠️ 谨慎评估,280.5,,,,,,,,
2026-09-05,VSEC,54.83,👀 综合中性,203.9,,,,,,,,
2026-09-05,VSH,40.44,⚠️ 谨慎评估,31.8,,,,,,,,
2026-09-05,VVX,48.49,⚠️ 谨慎评估,74.18,,,,,,,,
2026-09-05,WAT,59.05,👀 综合中性,409.4,,,,,,,,
2026-09-05,WAY,58.73,👀 综合中性,25.07,,,,,,,,
2026-09-05,WDAY,58.5,👀 综合中性,195.8,,,,,,,,
2026-09-05,WDC,45.05,⚠️ 谨慎评估,467.5,,,,,,,,
2026-09-05,WEAV,44.14,⚠️ 谨慎评估,7.33,,,,,,,,
2026-09-05,WEX,64.63,👀 综合中性,193.9,,,,,,,,
2026-09-05,WGS,28.57,🚫 风险较高,85.99,,,,,,,,
2026-09-05,WIX,52.39,👀 综合中性,76.21,,,,,,,,
2026-09-05,WOLF,36.82,⚠️ 谨慎评估,28.35,,,,,,,,
2026-09-05,WTS,42.63,⚠️ 谨慎评估,363.1,,,,,,,,
2026-09-05,WWD,44.55,⚠️ 谨慎评估,346.2,,,,,,,,
2026-09-05,XE,54.91,👀 综合中性,17.71,,,,,,,,
2026-09-05,XGN,32.04,🚫 风险较高,7.58,,,,,,,,
2026-09-05,XPON,33.33,🚫 风险较高,5.86,,,,,,,,
2026-09-05,XYL,38.56,⚠️ 谨慎评估,105.7,,,,,,,,
2026-09-05,XYZ,22.55,🚫 风险较高,82.76,,,,,,,,
2026-09-05,YSS,35.38,⚠️ 谨慎评估,8.96,,,,,,,,
2026-09-05,ZBH,53.62,👀 综合中性,98.07,,,,,,,,
2026-09-05,ZETA,59.36,👀 综合中性,31.35,,,,,,,,
2026-09-05,ZM,54.69,👀 综合中性,101.3,,,,,,,,
2026-09-05,ZS,59.98,👀 综合中性,169.8,,,,,,,,
2026-09-07,A,46.14,⚠️ 谨慎评估,150.9,,,,,,,,
2026-09-07,AADX,37.94,⚠️ 谨慎评估,12.93,,,,,,,,
2026-09-07,AAPL,46.04,⚠️ 谨慎评估,320.0,,,,,,,,
2026-09-07,ABT,43.28,⚠️ 谨慎评估,108.3,,,,,,,,
2026-09-07,ACHR,18.09,🚫 风险较高,5.71,,,,,,,,
2026-09-07,ACIW,57.48,👀 综合中性,52.95,,,,,,,,
2026-09-07,ACLS,24.85,🚫 风险较高,115.1,,,,,,,,
2026-09-07,ACMR,44.54,⚠️ 谨慎评估,74.44,,,,,,,,
2026-09-07,ACN,47.49,⚠️ 谨慎评估,186.7,,,,,,,,
2026-09-07,ADBE,54.21,👀 综合中性,266.5,,,,,,,,
2026-09-07,ADI,54.41,👀 综合中性,362.2,,,,,,,,
2026-09-07,ADIG,33.74,🚫 风险较高,20.65,,,,,,,,
2026-09-07,ADPT,41.58,⚠️ 谨慎评估,24.28,,,,,,,,
2026-09-07,ADSE,39.82,⚠️ 谨慎评估,11.56,,,,,,,,
2026-09-07,ADSK,57.16,👀 综合中性,217.9,,,,,,,,
2026-09-07,ADVB,30.66,🚫 风险较高,9.335,,,,,,,,
2026-09-07,AEHR,22.0,🚫 风险较高,86.26,,,,,,,,
2026-09-07,AEIS,44.49,⚠️ 谨慎评估,280.9,,,,,,,,
2026-09-07,AFRM,40.12,⚠️ 谨慎评估,72.35,,,,,,,,
2026-09-07,AHCO,31.63,🚫 风险较高,6.49,,,,,,,,
2026-09-07,AI,43.82,⚠️ 谨慎评估,10.46,,,,,,,,
2026-09-07,AIP,46.86,⚠️ 谨慎评估,21.37,,,,,,,,
2026-09-07,AIR,45.59,⚠️ 谨慎评估,126.5,,,,,,,,
2026-09-07,AKAM,40.64,⚠️ 谨慎评估,105.2,,,,,,,,
2026-09-07,ALAB,34.34,🚫 风险较高,310.4,,,,,,,,
2026-09-07,ALGM,31.1,🚫 风险较高,36.61,,,,,,,,
2026-09-07,ALMR,66.23,✅ 综合良好,30.8,,,,,,,,
2026-09-07,ALMU,23.47,🚫 风险较高,12.94,,,,,,,,
2026-09-07,ALOT,34.91,🚫 风险较高,28.99,,,,,,,,
2026-09-07,AMAT,44.32,⚠️ 谨慎评估,454.7,,,,,,,,
2026-09-07,AMBA,25.73,🚫 风险较高,62.89,,,,,,,,
2026-09-07,AMBQ,53.79,👀 综合中性,57.45,,,,,,,,
2026-09-07,AMD,49.31,⚠️ 谨慎评估,477.6,,,,,,,,
2026-09-07,AME,43.62,⚠️ 谨慎评估,237.7,,,,,,,,
2026-09-07,AMKR,26.22,🚫 风险较高,47.77,,,,,,,,
2026-09-07,AMPX,27.05,🚫 风险较高,9.89,,,,,,,,
2026-09-07,AMSC,15.19,🚫 风险较高,29.55,,,,,,,,
2026-09-07,AMWL,31.47,🚫 风险较高,12.99,,,,,,,,
2026-09-07,AMZN,55.1,👀 综合中性,258.5,,,,,,,,
2026-09-07,ANET,50.86,👀 综合中性,193.8,,,,,,,,
2026-09-07,AORT,27.08,🚫 风险较高,25.57,,,,,,,,
2026-09-07,AOS,36.69,⚠️ 谨慎评估,60.48,,,,,,,,
2026-09-07,AOSL,14.78,🚫 风险较高,25.2,,,,,,,,
2026-09-07,APP,51.82,👀 综合中性,320.6,,,,,,,,
2026-09-07,ARM,30.17,🚫 风险较高,252.1,,,,,,,,
2026-09-07,ARXS,50.84,👀 综合中性,53.62,,,,,,,,
2026-09-07,ASML,38.71,⚠️ 谨慎评估,1715.0,,,,,,,,
2026-09-07,ASYS,42.45,⚠️ 谨慎评估,14.95,,,,,,,,
2026-09-07,ATEC,39.99,⚠️ 谨慎评估,9.45,,,,,,,,
2026-09-07,ATKR,39.11,⚠️ 谨慎评估,93.76,,,,,,,,
2026-09-07,ATRO,51.11,👀 综合中性,76.26,,,,,,,,
2026-09-07,AVAV,40.87,⚠️ 谨慎评估,144.7,,,,,,,,
2026-09-07,AVGO,46.18,⚠️ 谨慎评估,357.9,,,,,,,,
2026-09-07,AVNS,31.45,🚫 风险较高,24.99,,,,,,,,
2026-09-07,AVR,46.57,⚠️ 谨慎评估,9.04,,,,,,,,
2026-09-07,AXGN,47.07,⚠️ 谨慎评估,48.28,,,,,,,,
2026-09-07,AXON,30.83,🚫 风险较高,515.7,,,,,,,,
2026-09-07,AXTI,38.5,⚠️ 谨慎评估,61.64,,,,,,,,
2026-09-07,AYI,40.83,⚠️ 谨慎评估,334.1,,,,,,,,
2026-09-07,BA,34.1,🚫 风险较高,212.2,,,,,,,,
2026-09-07,BBAI,23.0,🚫 风险较高,2.92,,,,,,,,
2026-09-07,BBNX,41.24,⚠️ 谨慎评估,19.42,,,,,,,,
2026-09-07,BDSX,62.54,👀 综合中性,26.18,,,,,,,,
2026-09-07,BE,33.32,🚫 风险较高,252.9,,,,,,,,
2026-09-07,BETA,45.43,⚠️ 谨慎评估,22.2,,,,,,,,
2026-09-07,BFLY,46.46,⚠️ 谨慎评估,7.36,,,,,,,,
2026-09-07,BIAF,36.24,⚠️ 谨慎评估,15.27,,,,,,,,
2026-09-07,BIO,37.15,⚠️ 谨慎评估,386.1,,,,,,,,
2026-09-07,BIOQ,38.52,⚠️ 谨慎评估,33.0,,,,,,,,
2026-09-07,BKFG,29.95,🚫 风险较高,94.0,,,,,,,,
2026-09-07,BLLN,49.24,⚠️ 谨慎评估,99.39,,,,,,,,
2026-09-07,BLSH,46.77,⚠️ 谨慎评估,36.0,,,,,,,,
2026-09-07,BOX,49.86,⚠️ 谨慎评估,35.19,,,,,,,,
2026-09-07,BRAI,24.5,🚫 风险较高,5.63,,,,,,,,
2026-09-07,BRKR,36.88,⚠️ 谨慎评估,58.5,,,,,,,,
2026-09-07,BSX,41.14,⚠️ 谨慎评估,47.8,,,,,,,,
2026-09-07,BTSG,56.36,👀 综合中性,60.73,,,,,,,,
2026-09-07,BVS,60.5,👀 综合中性,14.07,,,,,,,,
2026-09-07,BW,51.89,👀 综合中性,7.1,,,,,,,,
2026-09-07,BWXT,34.34,🚫 风险较高,157.6,,,,,,,,
2026-09-07,CAMT,19.78,🚫 风险较高,145.7,,,,,,,,
2026-09-07,CARL,55.46,👀 综合中性,15.6,,,,,,,,
2026-09-07,CBLL,52.42,👀 综合中性,24.72,,,,,,,,
2026-09-07,CBRS,45.19,⚠️ 谨慎评估,210.1,,,,,,,,
2026-09-07,CDNA,54.95,👀 综合中性,50.88,,,,,,,,
2026-09-07,CDNS,55.68,👀 综合中性,292.7,,,,,,,,
2026-09-07,CDRE,39.13,⚠️ 谨慎评估,29.76,,,,,,,,
2026-09-07,CERT,29.19,🚫 风险较高,7.94,,,,,,,,
2026-09-07,CEVA,30.88,🚫 风险较高,26.95,,,,,,,,
2026-09-07,CHKP,38.09,⚠️ 谨慎评估,137.1,,,,,,,,
2026-09-07,CLS,49.28,⚠️ 谨慎评估,312.4,,,,,,,,
2026-09-07,CMI,32.78,🚫 风险较高,560.8,,,,,,,,
2026-09-07,CMPD,31.61,🚫 风险较高,6.99,,,,,,,,
2026-09-07,CNMD,41.31,⚠️ 谨慎评估,49.32,,,,,,,,
2026-09-07,COHR,46.05,⚠️ 谨慎评估,281.9,,,,,,,,
2026-09-07,COHU,43.14,⚠️ 谨慎评估,50.72,,,,,,,,
2026-09-07,CORZ,35.22,⚠️ 谨慎评估,17.89,,,,,,,,
2026-09-07,CPAY,63.27,👀 综合中性,416.4,,,,,,,,
2026-09-07,CR,44.0,⚠️ 谨慎评估,204.7,,,,,,,,
2026-09-07,CRCT,47.53,⚠️ 谨慎评估,5.54,,,,,,,,
2026-09-07,CRDO,34.2,🚫 风险较高,170.6,,,,,,,,
2026-09-07,CRL,39.95,⚠️ 谨慎评估,288.5,,,,,,,,
2026-09-07,CRM,58.02,👀 综合中性,259.2,,,,,,,,
2026-09-07,CRSR,30.8,🚫 风险较高,12.72,,,,,,,,
2026-09-07,CRUS,47.19,⚠️ 谨慎评估,113.2,,,,,,,,
2026-09-07,CRWD,54.26,👀 综合中性,213.1,,,,,,,,
2026-09-07,CRWV,45.23,⚠️ 谨慎评估,89.36,,,,,,,,
2026-09-07,CSCO,52.04,👀 综合中性,109.2,,,,,,,,
2026-09-07,CSTL,50.39,👀 综合中性,32.91,,,,,,,,
2026-09-07,CSW,48.72,⚠️ 谨慎评估,308.5,,,,,,,,
2026-09-07,CTEV,46.27,⚠️ 谨慎评估,38.43,,,,,,,,
2026-09-07,CUAI,34.08,🚫 风险较高,5.24,,,,,,,,
2026-09-07,CW,34.54,🚫 风险较高,566.8,,,,,,,,
2026-09-07,CXT,49.93,⚠️ 谨慎评估,50.06,,,,,,,,
2026-09-07,DBX,43.81,⚠️ 谨慎评估,34.83,,,,,,,,
2026-09-07,DCI,41.36,⚠️ 谨慎评估,91.03,,,,,,,,
2026-09-07,DCO,45.92,⚠️ 谨慎评估,168.3,,,,,,,,
2026-09-07,DCTH,50.48,👀 综合中性,16.48,,,,,,,,
2026-09-07,DDOG,60.7,👀 综合中性,212.9,,,,,,,,
2026-09-07,DELL,42.65,⚠️ 谨慎评估,524.1,,,,,,,,
2026-09-07,DGX,56.09,👀 综合中性,237.1,,,,,,,,
2026-09-07,DHR,53.91,👀 综合中性,207.7,,,,,,,,
2026-09-07,DIOD,33.7,🚫 风险较高,91.79,,,,,,,,
2026-09-07,DLO,67.01,✅ 综合良好,15.52,,,,,,,,
2026-09-07,DOCN,39.02,⚠️ 谨慎评估,112.5,,,,,,,,
2026-09-07,DOCS,44.06,⚠️ 谨慎评估,26.35,,,,,,,,
2026-09-07,DOCU,57.42,👀 综合中性,68.41,,,,,,,,
2026-09-07,DOV,39.26,⚠️ 谨慎评估,192.9,,,,,,,,
2026-09-07,DOX,39.5,⚠️ 谨慎评估,62.21,,,,,,,,
2026-09-07,DPC,41.37,⚠️ 谨慎评估,44.88,,,,,,,,
2026-09-07,DRIO,22.26,🚫 风险较高,7.24,,,,,,,,
2026-09-07,DRS,43.87,⚠️ 谨慎评估,36.6,,,,,,,,
2026-09-07,DT,60.56,👀 综合中性,51.9,,,,,,,,
2026-09-07,DUOL,52.28,👀 综合中性,154.5,,,,,,,,
2026-09-07,DXCM,48.7,⚠️ 谨慎评估,87.9,,,,,,,,
2026-09-07,EAF,15.61,🚫 风险较高,6.2,,,,,,,,
2026-09-07,EMR,45.11,⚠️ 谨慎评估,152.8,,,,,,,,
2026-09-07,ENOV,29.43,🚫 风险较高,18.56,,,,,,,,
2026-09-07,ENR,37.34,⚠️ 谨慎评估,21.23,,,,,,,,
2026-09-07,ENS,48.57,⚠️ 谨慎评估,181.9,,,,,,,,
2026-09-07,ENTG,42.87,⚠️ 谨慎评估,138.7,,,,,,,,
2026-09-07,EPAC,50.62,👀 综合中性,37.34,,,,,,,,
2026-09-07,ESP,50.1,👀 综合中性,63.35,,,,,,,,
2026-09-07,ESTA,49.14,⚠️ 谨慎评估,74.29,,,,,,,,
2026-09-07,ESTC,59.7,👀 综合中性,91.81,,,,,,,,
2026-09-07,ETN,37.82,⚠️ 谨慎评估,410.9,,,,,,,,
2026-09-07,EW,47.7,⚠️ 谨慎评估,89.9,,,,,,,,
2026-09-07,EXLS,53.34,👀 综合中性,36.63,,,,,,,,
2026-09-07,FAC,31.11,🚫 风险较高,5.21,,,,,,,,
2026-09-07,FCEL,14.27,🚫 风险较高,14.95,,,,,,,,
2026-09-07,FCX,40.98,⚠️ 谨慎评估,72.73,,,,,,,,
2026-09-07,FELE,40.6,⚠️ 谨慎评估,99.76,,,,,,,,
2026-09-07,FFIV,55.23,👀 综合中性,390.5,,,,,,,,
2026-09-07,FLGT,33.02,🚫 风险较高,19.73,,,,,,,,
2026-09-07,FLS,38.91,⚠️ 谨慎评估,76.64,,,,,,,,
2026-09-07,FLY,37.87,⚠️ 谨慎评估,21.67,,,,,,,,
2026-09-07,FN,44.74,⚠️ 谨慎评估,407.4,,,,,,,,
2026-09-07,FORM,46.42,⚠️ 谨慎评估,103.9,,,,,,,,
2026-09-07,FOUR,44.65,⚠️ 谨慎评估,45.94,,,,,,,,
2026-09-07,FPS,37.48,⚠️ 谨慎评估,31.35,,,,,,,,
2026-09-07,FRNM,62.58,👀 综合中性,16.31,,,,,,,,
2026-09-07,FTAI,32.8,🚫 风险较高,196.3,,,,,,,,
2026-09-07,FTNT,64.64,👀 综合中性,156.3,,,,,,,,
2026-09-07,GD,44.19,⚠️ 谨慎评估,359.4,,,,,,,,
2026-09-07,GDDY,50.1,👀 综合中性,101.3,,,,,,,,
2026-09-07,GE,41.12,⚠️ 谨慎评估,337.1,,,,,,,,
2026-09-07,GEHC,42.49,⚠️ 谨慎评估,68.86,,,,,,,,
2026-09-07,GEN,57.32,👀 综合中性,30.65,,,,,,,,
2026-09-07,GEV,46.11,⚠️ 谨慎评估,942.0,,,,,,,,
2026-09-07,GFS,24.75,🚫 风险较高,45.21,,,,,,,,
2026-09-07,GGG,41.06,⚠️ 谨慎评估,77.88,,,,,,,,
2026-09-07,GH,59.23,👀 综合中性,161.4,,,,,,,,
2026-09-07,GHM,31.29,🚫 风险较高,87.78,,,,,,,,
2026-09-07,GKOS,60.06,👀 综合中性,177.5,,,,,,,,
2026-09-07,GMED,44.15,⚠️ 谨慎评估,78.29,,,,,,,,
2026-09-07,GNRC,37.06,⚠️ 谨慎评估,187.3,,,,,,,,
2026-09-07,GOOGL,58.54,👀 综合中性,338.5,,,,,,,,
2026-09-07,GRAL,25.53,🚫 风险较高,80.34,,,,,,,,
2026-09-07,GRC,39.81,⚠️ 谨慎评估,75.34,,,,,,,,
2026-09-07,GRMN,48.88,⚠️ 谨慎评估,277.0,,,,,,,,
2026-09-07,GSIT,10.39,🚫 风险较高,5.35,,,,,,,,
2026-09-07,GTES,50.1,👀 综合中性,25.95,,,,,,,,
2026-09-07,GTLB,61.1,👀 综合中性,49.83,,,,,,,,
2026-09-07,GTLS,28.53,🚫 风险较高,209.9,,,,,,,,
2026-09-07,HAE,43.15,⚠️ 谨慎评估,102.9,,,,,,,,
2026-09-07,HAWK,42.39,⚠️ 谨慎评估,17.36,,,,,,,,
2026-09-07,HAYW,38.62,⚠️ 谨慎评估,13.92,,,,,,,,
2026-09-07,HII,39.27,⚠️ 谨慎评估,285.9,,,,,,,,
2026-09-07,HLIO,47.95,⚠️ 谨慎评估,71.62,,,,,,,,
2026-09-07,HNGE,63.14,👀 综合中性,92.37,,,,,,,,
2026-09-07,HON,47.02,⚠️ 谨慎评估,209.6,,,,,,,,
2026-09-07,HONA,24.24,🚫 风险较高,161.0,,,,,,,,
2026-09-07,HPE,54.81,👀 综合中性,52.0,,,,,,,,
2026-09-07,HPQ,38.88,⚠️ 谨慎评估,32.64,,,,,,,,
2026-09-07,HQY,53.63,👀 综合中性,96.07,,,,,,,,
2026-09-07,HSTM,56.31,👀 综合中性,29.2,,,,,,,,
2026-09-07,HTFL,53.8,👀 综合中性,48.91,,,,,,,,
2026-09-07,HUBB,39.28,⚠️ 谨慎评估,460.7,,,,,,,,
2026-09-07,HUBS,59.01,👀 综合中性,247.6,,,,,,,,
2026-09-07,HWM,41.71,⚠️ 谨慎评估,259.3,,,,,,,,
2026-09-07,HXL,48.65,⚠️ 谨慎评估,91.98,,,,,,,,
2026-09-07,IART,35.33,⚠️ 谨慎评估,16.72,,,,,,,,
2026-09-07,IBM,30.12,🚫 风险较高,234.9,,,,,,,,
2026-09-07,ICHR,30.87,🚫 风险较高,56.38,,,,,,,,
2026-09-07,ICLR,34.5,🚫 风险较高,164.8,,,,,,,,
2026-09-07,IDXGD,42.57,⚠️ 谨慎评估,6.913,,,,,,,,
2026-09-07,IDXX,40.92,⚠️ 谨慎评估,535.4,,,,,,,,
2026-09-07,IE,24.13,🚫 风险较高,9.99,,,,,,,,
2026-09-07,IEX,41.59,⚠️ 谨慎评估,223.7,,,,,,,,
2026-09-07,ILMN,43.74,⚠️ 谨慎评估,218.2,,,,,,,,
2026-09-07,INFQ,49.65,⚠️ 谨慎评估,12.85,,,,,,,,
2026-09-07,INIO,31.42,🚫 风险较高,20.77,,,,,,,,
2026-09-07,INMD,42.64,⚠️ 谨慎评估,14.91,,,,,,,,
2026-09-07,INSP,32.52,🚫 风险较高,63.08,,,,,,,,
2026-09-07,INTC,20.99,🚫 风险较高,95.8,,,,,,,,
2026-09-07,INTT,38.11,⚠️ 谨慎评估,11.16,,,,,,,,
2026-09-07,IONQ,30.02,🚫 风险较高,39.52,,,,,,,,
2026-09-07,IOT,52.98,👀 综合中性,40.2,,,,,,,,
2026-09-07,IPGP,25.95,🚫 风险较高,78.0,,,,,,,,
2026-09-07,IQV,44.67,⚠️ 谨慎评估,267.8,,,,,,,,
2026-09-07,IR,38.63,⚠️ 谨慎评估,76.36,,,,,,,,
2026-09-07,IRMD,30.91,🚫 风险较高,83.45,,,,,,,,
2026-09-07,IRTC,36.67,⚠️ 谨慎评估,123.1,,,,,,,,
2026-09-07,ISRG,42.1,⚠️ 谨慎评估,366.7,,,,,,,,
2026-09-07,ITGR,31.01,🚫 风险较高,126.5,,,,,,,,
2026-09-07,ITT,45.08,⚠️ 谨慎评估,204.3,,,,,,,,
2026-09-07,ITW,39.35,⚠️ 谨慎评估,270.1,,,,,,,,
2026-09-07,JBL,44.7,⚠️ 谨慎评估,310.6,,,,,,,,
2026-09-07,JBTM,48.52,⚠️ 谨慎评估,117.7,,,,,,,,
2026-09-07,KAI,43.85,⚠️ 谨慎评估,298.8,,,,,,,,
2026-09-07,KE,40.27,⚠️ 谨慎评估,25.03,,,,,,,,
2026-09-07,KIDS,48.6,⚠️ 谨慎评估,22.41,,,,,,,,
2026-09-07,KLAC,38.71,⚠️ 谨慎评估,185.6,,,,,,,,
2026-09-07,KLIC,51.87,👀 综合中性,81.61,,,,,,,,
2026-09-07,KRMN,32.44,🚫 风险较高,39.98,,,,,,,,
2026-09-07,KTOS,22.44,🚫 风险较高,47.82,,,,,,,,
2026-09-07,LASR,21.66,🚫 风险较高,40.06,,,,,,,,
2026-09-07,LH,55.05,👀 综合中性,326.9,,,,,,,,
2026-09-07,LHX,46.51,⚠️ 谨慎评估,256.4,,,,,,,,
2026-09-07,LITE,45.41,⚠️ 谨慎评估,881.3,,,,,,,,
2026-09-07,LIVN,59.88,👀 综合中性,81.92,,,,,,,,
2026-09-07,LMRI,23.11,🚫 风险较高,12.18,,,,,,,,
2026-09-07,LMT,51.62,👀 综合中性,525.3,,,,,,,,
2026-09-07,LOAR,41.45,⚠️ 谨慎评估,67.85,,,,,,,,
2026-09-07,LRCX,43.44,⚠️ 谨慎评估,307.6,,,,,,,,
2026-09-07,LSCC,56.59,👀 综合中性,115.9,,,,,,,,
2026-09-07,LTBR,12.92,🚫 风险较高,7.58,,,,,,,,
2026-09-07,LUNR,43.04,⚠️ 谨慎评估,14.81,,,,,,,,
2026-09-07,LYNX,41.37,⚠️ 谨慎评估,12.67,,,,,,,,
2026-09-07,MBGL,47.13,⚠️ 谨慎评估,20.58,,,,,,,,
2026-09-07,MBLY,35.99,⚠️ 谨慎评估,8.56,,,,,,,,
2026-09-07,MCHP,41.3,⚠️ 谨慎评估,74.17,,,,,,,,
2026-09-07,MDB,54.96,👀 综合中性,368.7,,,,,,,,
2026-09-07,MDT,56.65,👀 综合中性,94.17,,,,,,,,
2026-09-07,MEDP,57.49,👀 综合中性,591.3,,,,,,,,
2026-09-07,META,58.97,👀 综合中性,616.8,,,,,,,,
2026-09-07,MFP,26.77,🚫 风险较高,45.21,,,,,,,,
2026-09-07,MFPVV,41.72,⚠️ 谨慎评估,35.05,,,,,,,,
2026-09-07,MIDD,38.67,⚠️ 谨慎评估,111.8,,,,,,,,
2026-09-07,MIR,37.44,⚠️ 谨慎评估,16.93,,,,,,,,
2026-09-07,MPWR,47.36,⚠️ 谨慎评估,1224.0,,,,,,,,
2026-09-07,MRAM,40.03,⚠️ 谨慎评估,16.37,,,,,,,,
2026-09-07,MRCY,23.67,🚫 风险较高,82.42,,,,,,,,
2026-09-07,MRVL,43.24,⚠️ 谨慎评估,223.6,,,,,,,,
2026-09-07,MSFT,57.99,👀 综合中性,499.7,,,,,,,,
2026-09-07,MTD,41.52,⚠️ 谨慎评估,1345.0,,,,,,,,
2026-09-07,MTSI,43.68,⚠️ 谨慎评估,268.9,,,,,,,,
2026-09-07,MU,49.76,⚠️ 谨慎评估,1017.0,,,,,,,,
2026-09-07,MWA,42.07,⚠️ 谨慎评估,23.95,,,,,,,,
2026-09-07,MXL,34.96,🚫 风险较高,62.74,,,,,,,,
2026-09-07,NDRA,41.96,⚠️ 谨慎评估,6.05,,,,,,,,
2026-09-07,NDSN,51.4,👀 综合中性,318.4,,,,,,,,
2026-09-07,NEO,36.04,⚠️ 谨慎评估,17.38,,,,,,,,
2026-09-07,NEOG,31.71,🚫 风险较高,11.83,,,,,,,,
2026-09-07,NET,57.98,👀 综合中性,278.9,,,,,,,,
2026-09-07,NFLX,51.83,👀 综合中性,78.25,,,,,,,,
2026-09-07,NNE,17.63,🚫 风险较高,17.72,,,,,,,,
2026-09-07,NOC,32.56,🚫 风险较高,515.0,,,,,,,,
2026-09-07,NOW,60.17,👀 综合中性,141.3,,,,,,,,
2026-09-07,NPK,50.63,👀 综合中性,147.7,,,,,,,,
2026-09-07,NPO,32.6,🚫 风险较高,296.9,,,,,,,,
2026-09-07,NRC,44.56,⚠️ 谨慎评估,21.53,,,,,,,,
2026-09-07,NTAP,63.58,👀 综合中性,185.6,,,,,,,,
2026-09-07,NTNX,64.5,👀 综合中性,68.06,,,,,,,,
2026-09-07,NTRA,59.56,👀 综合中性,328.2,,,,,,,,
2026-09-07,NTSK,43.5,⚠️ 谨慎评估,13.94,,,,,,,,
2026-09-07,NVCR,50.49,👀 综合中性,17.94,,,,,,,,
2026-09-07,NVDA,76.3,✅ 综合良好,230.4,,,,,,,,
2026-09-07,NVEC,63.05,👀 综合中性,100.4,,,,,,,,
2026-09-07,NVMI,24.83,🚫 风险较高,372.1,,,,,,,,
2026-09-07,NVT,56.74,👀 综合中性,156.0,,,,,,,,
2026-09-07,NVTS,8.83,🚫 风险较高,11.8,,,,,,,,
2026-09-07,NXPI,50.98,👀 综合中性,227.8,,,,,,,,
2026-09-07,OESX,43.9,⚠️ 谨慎评估,25.0,,,,,,,,
2026-09-07,OKTA,60.1,👀 综合中性,170.6,,,,,,,,
2026-09-07,OMCL,49.72,⚠️ 谨慎评估,34.37,,,,,,,,
2026-09-07,OMDA,45.15,⚠️ 谨慎评估,22.77,,,,,,,,
2026-09-07,ON,35.85,⚠️ 谨慎评估,74.38,,,,,,,,
2026-09-07,ONTO,48.31,⚠️ 谨慎评估,268.0,,,,,,,,
2026-09-07,OPRX,36.88,⚠️ 谨慎评估,7.87,,,,,,,,
2026-09-07,ORCL,34.69,🚫 风险较高,158.8,,,,,,,,
2026-09-07,OSS,48.05,⚠️ 谨慎评估,9.97,,,,,,,,
2026-09-07,OTIS,43.12,⚠️ 谨慎评估,71.21,,,,,,,,
2026-09-07,P,41.56,⚠️ 谨慎评估,99.51,,,,,,,,
2026-09-07,PANW,60.77,👀 综合中性,333.3,,,,,,,,
2026-09-07,PATH,65.83,✅ 综合良好,15.19,,,,,,,,
2026-09-07,PAY,57.33,👀 综合中性,36.19,,,,,,,,
2026-09-07,PEN,35.94,⚠️ 谨慎评估,322.2,,,,,,,,
2026-09-07,PH,39.93,⚠️ 谨慎评估,962.6,,,,,,,,
2026-09-07,PHR,50.94,👀 综合中性,10.94,,,,,,,,
2026-09-07,PI,22.86,🚫 风险较高,172.6,,,,,,,,
2026-09-07,PINC,56.45,👀 综合中性,,,,,,,,,
2026-09-07,PL,41.01,⚠️ 谨慎评估,18.12,,,,,,,,
2026-09-07,PLAB,32.57,🚫 风险较高,29.13,,,,,,,,
2026-09-07,PLPC,49.52,⚠️ 谨慎评估,398.4,,,,,,,,
2026-09-07,PLTR,71.88,✅ 综合良好,174.3,,,,,,,,
2026-09-07,PNR,32.8,🚫 风险较高,60.21,,,,,,,,
2026-09-07,PODD,50.81,👀 综合中性,147.5,,,,,,,,
2026-09-07,POET,49.23,⚠️ 谨慎评估,7.92,,,,,,,,
2026-09-07,POWI,34.46,🚫 风险较高,50.45,,,,,,,,
2026-09-07,POWL,28.43,🚫 风险较高,181.2,,,,,,,,
2026-09-07,PRCT,42.04,⚠️ 谨慎评估,22.76,,,,,,,,
2026-09-07,PRPO,50.6,👀 综合中性,27.4,,,,,,,,
2026-09-07,PRVA,55.5,👀 综合中性,20.66,,,,,,,,
2026-09-07,PSNL,29.15,🚫 风险较高,17.2,,,,,,,,
2026-09-07,PSQL,21.36,🚫 风险较高,7.96,,,,,,,,
2026-09-07,PTC,50.7,👀 综合中性,141.0,,,,,,,,
2026-09-07,PXLW,41.02,⚠️ 谨慎评估,7.12,,,,,,,,
2026-09-07,Q,35.37,⚠️ 谨慎评估,120.5,,,,,,,,
2026-09-07,QBTS,18.81,🚫 风险较高,16.58,,,,,,,,
2026-09-07,QCOM,38.46,⚠️ 谨慎评估,168.7,,,,,,,,
2026-09-07,QDEL,32.42,🚫 风险较高,13.97,,,,,,,,
2026-09-07,QGEN,40.97,⚠️ 谨慎评估,43.47,,,,,,,,
2026-09-07,QLYS,56.76,👀 综合中性,171.7,,,,,,,,
2026-09-07,QMCO,22.18,🚫 风险较高,24.73,,,,,,,,
2026-09-07,QRVO,50.62,👀 综合中性,102.8,,,,,,,,
2026-09-07,QUBT,29.83,🚫 风险较高,8.01,,,,,,,,
2026-09-07,QUIK,44.68,⚠️ 谨慎评估,10.76,,,,,,,,
2026-09-07,RBCN,22.99,🚫 风险较高,6.26,,,,,,,,
2026-09-07,RBRK,63.15,👀 综合中性,93.67,,,,,,,,
2026-09-07,RCAT,46.47,⚠️ 谨慎评估,8.37,,,,,,,,
2026-09-07,RDNT,43.77,⚠️ 谨慎评估,73.71,,,,,,,,
2026-09-07,RDW,30.76,🚫 风险较高,10.53,,,,,,,,
2026-09-07,RELY,61.95,👀 综合中性,26.17,,,,,,,,
2026-09-07,RFIL,30.21,🚫 风险较高,10.51,,,,,,,,
2026-09-07,RGTI,39.39,⚠️ 谨慎评估,15.2,,,,,,,,
2026-09-07,RKLB,24.14,🚫 风险较高,64.26,,,,,,,,
2026-09-07,RMBS,34.31,🚫 风险较高,85.46,,,,,,,,
2026-09-07,ROK,42.53,⚠️ 谨慎评估,433.8,,,,,,,,
2026-09-07,RRX,40.51,⚠️ 谨慎评估,162.9,,,,,,,,
2026-09-07,RTX,46.65,⚠️ 谨慎评估,200.8,,,,,,,,
2026-09-07,RVTY,34.61,🚫 风险较高,130.2,,,,,,,,
2026-09-07,RXRX,40.37,⚠️ 谨慎评估,3.63,,,,,,,,
2026-09-07,S,57.97,👀 综合中性,19.88,,,,,,,,
2026-09-07,SAIL,38.49,⚠️ 谨慎评估,18.82,,,,,,,,
2026-09-07,SARO,39.03,⚠️ 谨慎评估,24.81,,,,,,,,
2026-09-07,SCCO,63.37,👀 综合中性,198.8,,,,,,,,
2026-09-07,SCIA,66.16,✅ 综合良好,9.3,,,,,,,,
2026-09-07,SDGR,45.42,⚠️ 谨慎评估,20.09,,,,,,,,
2026-09-07,SHC,50.23,👀 综合中性,18.9,,,,,,,,
2026-09-07,SIBN,48.14,⚠️ 谨慎评估,18.5,,,,,,,,
2026-09-07,SITM,29.61,🚫 风险较高,612.1,,,,,,,,
2026-09-07,SKHY,67.98,✅ 综合良好,177.0,,,,,,,,
2026-09-07,SKYT,48.45,⚠️ 谨慎评估,32.46,,,,,,,,
2026-09-07,SLAB,42.02,⚠️ 谨慎评估,220.6,,,,,,,,
2026-09-07,SLP,38.06,⚠️ 谨慎评估,18.43,,,,,,,,
2026-09-07,SMCI,57.53,👀 综合中性,39.59,,,,,,,,
2026-09-07,SMR,10.01,🚫 风险较高,9.7,,,,,,,,
2026-09-07,SMTC,28.53,🚫 风险较高,147.9,,,,,,,,
2026-09-07,SNDK,59.07,👀 综合中性,1740.0,,,,,,,,
2026-09-07,SNOW,53.43,👀 综合中性,337.2,,,,,,,,
2026-09-07,SNPS,62.59,👀 综合中性,393.8,,,,,,,,
2026-09-07,SOPH,55.91,👀 综合中性,8.09,,,,,,,,
2026-09-07,SOUN,40.82,⚠️ 谨慎评估,6.74,,,,,,,,
2026-09-07,SPCX,43.09,⚠️ 谨慎评估,147.9,,,,,,,,
2026-09-07,SPOK,43.88,⚠️ 谨慎评估,10.71,,,,,,,,
2026-09-07,SSYS,18.72,🚫 风险较高,8.0,,,,,,,,
2026-09-07,STE,42.87,⚠️ 谨慎评估,224.6,,,,,,,,
2026-09-07,STI,61.32,👀 综合中性,7.69,,,,,,,,
2026-09-07,STX,50.33,👀 综合中性,849.3,,,,,,,,
2026-09-07,SWKS,28.39,🚫 风险较高,74.02,,,,,,,,
2026-09-07,SXI,40.34,⚠️ 谨慎评估,275.8,,,,,,,,
2026-09-07,SYK,49.48,⚠️ 谨慎评估,303.1,,,,,,,,
2026-09-07,SYM,24.95,🚫 风险较高,42.94,,,,,,,,
2026-09-07,SYNA,31.63,🚫 风险较高,98.99,,,,,,,,
2026-09-07,TACT,33.52,🚫 风险较高,5.14,,,,,,,,
2026-09-07,TALK,42.0,⚠️ 谨慎评估,5.25,,,,,,,,
2026-09-07,TBRG,40.73,⚠️ 谨慎评估,26.24,,,,,,,,
2026-09-07,TDG,44.82,⚠️ 谨慎评估,1162.0,,,,,,,,
2026-09-07,TDOC,27.84,🚫 风险较高,6.28,,,,,,,,
2026-09-07,TEAM,62.16,👀 综合中性,189.6,,,,,,,,
2026-09-07,TEM,39.7,⚠️ 谨慎评估,64.62,,,,,,,,
2026-09-07,TENB,49.53,⚠️ 谨慎评估,34.25,,,,,,,,
2026-09-07,TER,55.32,👀 综合中性,357.0,,,,,,,,
2026-09-07,TMDX,27.86,🚫 风险较高,89.98,,,,,,,,
2026-09-07,TMO,50.94,👀 综合中性,613.8,,,,,,,,
2026-09-07,TNC,32.59,🚫 风险较高,71.97,,,,,,,,
2026-09-07,TNDM,28.01,🚫 风险较高,19.9,,,,,,,,
2026-09-07,TOST,52.7,👀 综合中性,33.95,,,,,,,,
2026-09-07,TRT,46.01,⚠️ 谨慎评估,10.51,,,,,,,,
2026-09-07,TSLA,22.95,🚫 风险较高,354.1,,,,,,,,
2026-09-07,TSM,64.15,👀 综合中性,428.9,,,,,,,,
2026-09-07,TTD,39.52,⚠️ 谨慎评估,14.43,,,,,,,,
2026-09-07,TWLO,57.75,👀 综合中性,233.0,,,,,,,,
2026-09-07,TWST,41.17,⚠️ 谨慎评估,124.7,,,,,,,,
2026-09-07,TXG,33.6,🚫 风险较高,62.65,,,,,,,,
2026-09-07,TXN,45.45,⚠️ 谨慎评估,258.4,,,,,,,,
2026-09-07,TXT,36.25,⚠️ 谨慎评估,79.07,,,,,,,,
2026-09-07,TYL,49.18,⚠️ 谨慎评估,364.0,,,,,,,,
2026-09-07,U,43.01,⚠️ 谨慎评估,41.66,,,,,,,,
2026-09-07,UCTT,34.66,🚫 风险较高,72.43,,,,,,,,
2026-09-07,UFPT,41.29,⚠️ 谨慎评估,288.8,,,,,,,,
2026-09-07,ULBI,45.35,⚠️ 谨慎评估,6.13,,,,,,,,
2026-09-07,UMAC,34.26,🚫 风险较高,23.76,,,,,,,,
2026-09-07,VCYT,45.16,⚠️ 谨慎评估,42.53,,,,,,,,
2026-09-07,VECO,31.67,🚫 风险较高,44.67,,,,,,,,
2026-09-07,VEEV,58.18,👀 综合中性,275.1,,,,,,,,
2026-09-07,VELO,26.71,🚫 风险较高,11.61,,,,,,,,
2026-09-07,VOYG,24.53,🚫 风险较高,33.94,,,,,,,,
2026-09-07,VREX,36.02,⚠️ 谨慎评估,18.51,,,,,,,,
2026-09-07,VRNS,47.92,⚠️ 谨慎评估,46.09,,,,,,,,
2026-09-07,VRSN,50.95,👀 综合中性,292.1,,,,,,,,
2026-09-07,VRT,49.1,⚠️ 谨慎评估,280.5,,,,,,,,
2026-09-07,VSEC,54.27,👀 综合中性,203.9,,,,,,,,
2026-09-07,VSH,40.55,⚠️ 谨慎评估,31.8,,,,,,,,
2026-09-07,VVX,48.01,⚠️ 谨慎评估,74.18,,,,,,,,
2026-09-07,WAT,62.28,👀 综合中性,409.4,,,,,,,,
2026-09-07,WAY,53.88,👀 综合中性,25.07,,,,,,,,
2026-09-07,WDAY,61.91,👀 综合中性,195.8,,,,,,,,
2026-09-07,WDC,49.3,⚠️ 谨慎评估,467.5,,,,,,,,
2026-09-07,WEAV,44.23,⚠️ 谨慎评估,7.33,,,,,,,,
2026-09-07,WEX,66.74,✅ 综合良好,193.9,,,,,,,,
2026-09-07,WGS,28.74,🚫 风险较高,85.99,,,,,,,,
2026-09-07,WIX,48.53,⚠️ 谨慎评估,76.21,,,,,,,,
2026-09-07,WOLF,26.75,🚫 风险较高,28.35,,,,,,,,
2026-09-07,WTS,46.69,⚠️ 谨慎评估,363.1,,,,,,,,
2026-09-07,WWD,42.98,⚠️ 谨慎评估,346.2,,,,,,,,
2026-09-07,XE,42.45,⚠️ 谨慎评估,17.71,,,,,,,,
2026-09-07,XGN,34.41,🚫 风险较高,7.58,,,,,,,,
2026-09-07,XPON,24.47,🚫 风险较高,5.86,,,,,,,,
2026-09-07,XYL,34.31,🚫 风险较高,105.7,,,,,,,,
2026-09-07,XYZ,23.07,🚫 风险较高,82.76,,,,,,,,
2026-09-07,YSS,21.95,🚫 风险较高,8.96,,,,,,,,
2026-09-07,ZBH,55.2,👀 综合中性,98.07,,,,,,,,
2026-09-07,ZETA,62.92,👀 综合中性,31.35,,,,,,,,
2026-09-07,ZM,59.02,👀 综合中性,101.3,,,,,,,,
2026-09-07,ZS,60.14,👀 综合中性,169.8,,,,,,,,
2026-09-08,A,45.57,⚠️ 谨慎评估,146.8,,,,,,,,
2026-09-08,AADX,38.13,⚠️ 谨慎评估,12.39,,,,,,,,
2026-09-08,AAPL,45.63,⚠️ 谨慎评估,316.2,,,,,,,,
2026-09-08,ABT,41.68,⚠️ 谨慎评估,105.5,,,,,,,,
2026-09-08,ACHR,18.77,🚫 风险较高,5.83,,,,,,,,
2026-09-08,ACIW,56.89,👀 综合中性,51.98,,,,,,,,
2026-09-08,ACLS,25.81,🚫 风险较高,119.2,,,,,,,,
2026-09-08,ACMR,45.01,⚠️ 谨慎评估,76.91,,,,,,,,
2026-09-08,ACN,47.75,⚠️ 谨慎评估,179.0,,,,,,,,
2026-09-08,ADBE,53.28,👀 综合中性,257.3,,,,,,,,
2026-09-08,ADI,55.25,👀 综合中性,363.2,,,,,,,,
2026-09-08,ADIG,34.17,🚫 风险较高,20.89,,,,,,,,
2026-09-08,ADPT,41.66,⚠️ 谨慎评估,24.34,,,,,,,,
2026-09-08,ADSE,40.02,⚠️ 谨慎评估,11.59,,,,,,,,
2026-09-08,ADSK,56.18,👀 综合中性,212.2,,,,,,,,
2026-09-08,ADVB,30.34,🚫 风险较高,8.98,,,,,,,,
2026-09-08,AEHR,22.16,🚫 风险较高,90.79,,,,,,,,
2026-09-08,AEIS,45.82,⚠️ 谨慎评估,288.7,,,,,,,,
2026-09-08,AFRM,40.11,⚠️ 谨慎评估,72.08,,,,,,,,
2026-09-08,AHCO,31.36,🚫 风险较高,6.19,,,,,,,,
2026-09-08,AI,43.86,⚠️ 谨慎评估,10.51,,,,,,,,
2026-09-08,AIP,48.55,⚠️ 谨慎评估,22.72,,,,,,,,
2026-09-08,AIR,46.41,⚠️ 谨慎评估,130.7,,,,,,,,
2026-09-08,AKAM,41.16,⚠️ 谨慎评估,105.6,,,,,,,,
2026-09-08,ALAB,34.42,🚫 风险较高,288.9,,,,,,,,
2026-09-08,ALGM,31.95,🚫 风险较高,36.47,,,,,,,,
2026-09-08,ALMR,65.63,✅ 综合良好,29.95,,,,,,,,
2026-09-08,ALMU,23.88,🚫 风险较高,13.31,,,,,,,,
2026-09-08,ALOT,34.91,🚫 风险较高,28.99,,,,,,,,
2026-09-08,AMAT,45.31,⚠️ 谨慎评估,472.8,,,,,,,,
2026-09-08,AMBA,26.11,🚫 风险较高,63.48,,,,,,,,
2026-09-08,AMBQ,55.01,👀 综合中性,59.62,,,,,,,,
2026-09-08,AMD,49.93,⚠️ 谨慎评估,505.7,,,,,,,,
2026-09-08,AME,43.96,⚠️ 谨慎评估,237.8,,,,,,,,
2026-09-08,AMKR,27.86,🚫 风险较高,50.72,,,,,,,,
2026-09-08,AMPX,28.28,🚫 风险较高,10.39,,,,,,,,
2026-09-08,AMSC,16.41,🚫 风险较高,30.44,,,,,,,,
2026-09-08,AMWL,30.87,🚫 风险较高,13.34,,,,,,,,
2026-09-08,AMZN,55.01,👀 综合中性,257.0,,,,,,,,
2026-09-08,ANET,51.2,👀 综合中性,195.0,,,,,,,,
2026-09-08,AORT,26.85,🚫 风险较高,25.13,,,,,,,,
2026-09-08,AOS,36.03,⚠️ 谨慎评估,58.82,,,,,,,,
2026-09-08,AOSL,15.34,🚫 风险较高,25.51,,,,,,,,
2026-09-08,APP,51.75,👀 综合中性,312.0,,,,,,,,
2026-09-08,ARM,30.66,🚫 风险较高,261.5,,,,,,,,
2026-09-08,ARXS,51.1,👀 综合中性,53.19,,,,,,,,
2026-09-08,ASML,40.33,⚠️ 谨慎评估,1765.0,,,,,,,,
2026-09-08,ASYS,43.27,⚠️ 谨慎评估,15.49,,,,,,,,
2026-09-08,ATEC,39.73,⚠️ 谨慎评估,9.19,,,,,,,,
2026-09-08,ATKR,38.86,⚠️ 谨慎评估,93.87,,,,,,,,
2026-09-08,ATRO,51.48,👀 综合中性,76.0,,,,,,,,
2026-09-08,AVAV,41.04,⚠️ 谨慎评估,148.8,,,,,,,,
2026-09-08,AVGO,47.46,⚠️ 谨慎评估,368.6,,,,,,,,
2026-09-08,AVNS,31.45,🚫 风险较高,24.99,,,,,,,,
2026-09-08,AVR,45.6,⚠️ 谨慎评估,8.62,,,,,,,,
2026-09-08,AXGN,46.55,⚠️ 谨慎评估,46.69,,,,,,,,
2026-09-08,AXON,30.02,🚫 风险较高,505.4,,,,,,,,
2026-09-08,AXTI,39.7,⚠️ 谨慎评估,69.56,,,,,,,,
2026-09-08,AYI,40.93,⚠️ 谨慎评估,325.5,,,,,,,,
2026-09-08,BA,34.04,🚫 风险较高,210.7,,,,,,,,
2026-09-08,BBAI,23.24,🚫 风险较高,2.92,,,,,,,,
2026-09-08,BBNX,40.84,⚠️ 谨慎评估,19.33,,,,,,,,
2026-09-08,BDSX,62.67,👀 综合中性,26.63,,,,,,,,
2026-09-08,BE,30.58,🚫 风险较高,277.2,,,,,,,,
2026-09-08,BETA,43.98,⚠️ 谨慎评估,21.14,,,,,,,,
2026-09-08,BFLY,46.63,⚠️ 谨慎评估,7.52,,,,,,,,
2026-09-08,BIAF,39.63,⚠️ 谨慎评估,8.93,,,,,,,,
2026-09-08,BIO,38.02,⚠️ 谨慎评估,380.1,,,,,,,,
2026-09-08,BIOQ,38.52,⚠️ 谨慎评估,33.0,,,,,,,,
2026-09-08,BKFG,29.95,🚫 风险较高,94.0,,,,,,,,
2026-09-08,BLLN,48.28,⚠️ 谨慎评估,99.06,,,,,,,,
2026-09-08,BLSH,46.59,⚠️ 谨慎评估,35.53,,,,,,,,
2026-09-08,BOX,50.95,👀 综合中性,34.3,,,,,,,,
2026-09-08,BRAI,24.27,🚫 风险较高,5.45,,,,,,,,
2026-09-08,BRKR,36.98,⚠️ 谨慎评估,58.37,,,,,,,,
2026-09-08,BSX,41.15,⚠️ 谨慎评估,44.98,,,,,,,,
2026-09-08,BTSG,56.63,👀 综合中性,62.56,,,,,,,,
2026-09-08,BVS,59.94,👀 综合中性,13.83,,,,,,,,
2026-09-08,BW,52.22,👀 综合中性,7.74,,,,,,,,
2026-09-08,BWXT,35.23,⚠️ 谨慎评估,160.4,,,,,,,,
2026-09-08,CAMT,20.89,🚫 风险较高,147.0,,,,,,,,
2026-09-08,CARL,54.98,👀 综合中性,15.23,,,,,,,,
2026-09-08,CBLL,52.33,👀 综合中性,24.31,,,,,,,,
2026-09-08,CBRS,45.18,⚠️ 谨慎评估,199.8,,,,,,,,
2026-09-08,CDNA,55.8,👀 综合中性,50.31,,,,,,,,
2026-09-08,CDNS,55.1,👀 综合中性,284.1,,,,,,,,
2026-09-08,CDRE,39.04,⚠️ 谨慎评估,29.66,,,,,,,,
2026-09-08,CERT,28.77,🚫 风险较高,7.74,,,,,,,,
2026-09-08,CEVA,32.97,🚫 风险较高,28.24,,,,,,,,
2026-09-08,CHKP,38.52,⚠️ 谨慎评估,132.9,,,,,,,,
2026-09-08,CLS,50.9,👀 综合中性,330.0,,,,,,,,
2026-09-08,CMI,32.94,🚫 风险较高,561.5,,,,,,,,
2026-09-08,CMPD,31.38,🚫 风险较高,6.94,,,,,,,,
2026-09-08,CNMD,40.18,⚠️ 谨慎评估,46.59,,,,,,,,
2026-09-08,COHR,48.64,⚠️ 谨慎评估,301.9,,,,,,,,
2026-09-08,COHU,43.94,⚠️ 谨慎评估,53.17,,,,,,,,
2026-09-08,CORZ,36.62,⚠️ 谨慎评估,18.73,,,,,,,,
2026-09-08,CPAY,62.95,👀 综合中性,407.1,,,,,,,,
2026-09-08,CR,44.06,⚠️ 谨慎评估,202.7,,,,,,,,
2026-09-08,CRCT,47.54,⚠️ 谨慎评估,5.45,,,,,,,,
2026-09-08,CRDO,34.14,🚫 风险较高,167.8,,,,,,,,
2026-09-08,CRL,39.99,⚠️ 谨慎评估,280.8,,,,,,,,
2026-09-08,CRM,58.97,👀 综合中性,249.1,,,,,,,,
2026-09-08,CRSR,30.97,🚫 风险较高,12.26,,,,,,,,
2026-09-08,CRUS,47.21,⚠️ 谨慎评估,110.8,,,,,,,,
2026-09-08,CRWD,54.35,👀 综合中性,210.0,,,,,,,,
2026-09-08,CRWV,49.33,⚠️ 谨慎评估,99.83,,,,,,,,
2026-09-08,CSCO,52.45,👀 综合中性,109.2,,,,,,,,
2026-09-08,CSTL,49.39,⚠️ 谨慎评估,32.76,,,,,,,,
2026-09-08,CSW,48.58,⚠️ 谨慎评估,303.0,,,,,,,,
2026-09-08,CTEV,46.1,⚠️ 谨慎评估,37.71,,,,,,,,
2026-09-08,CUAI,34.14,🚫 风险较高,5.0,,,,,,,,
2026-09-08,CW,34.7,🚫 风险较高,572.7,,,,,,,,
2026-09-08,CXT,50.29,👀 综合中性,49.6,,,,,,,,
2026-09-08,DBX,43.49,⚠️ 谨慎评估,33.81,,,,,,,,
2026-09-08,DCI,41.55,⚠️ 谨慎评估,90.99,,,,,,,,
2026-09-08,DCO,45.94,⚠️ 谨慎评估,168.3,,,,,,,,
2026-09-08,DCTH,50.24,👀 综合中性,16.08,,,,,,,,
2026-09-08,DDOG,60.74,👀 综合中性,210.2,,,,,,,,
2026-09-08,DELL,42.74,⚠️ 谨慎评估,533.9,,,,,,,,
2026-09-08,DGX,55.94,👀 综合中性,235.5,,,,,,,,
2026-09-08,DHR,53.81,👀 综合中性,205.2,,,,,,,,
2026-09-08,DIOD,34.21,🚫 风险较高,90.92,,,,,,,,
2026-09-08,DLO,68.08,✅ 综合良好,14.95,,,,,,,,
2026-09-08,DOCN,40.12,⚠️ 谨慎评估,126.7,,,,,,,,
2026-09-08,DOCS,42.42,⚠️ 谨慎评估,24.42,,,,,,,,
2026-09-08,DOCU,59.46,👀 综合中性,65.08,,,,,,,,
2026-09-08,DOV,40.11,⚠️ 谨慎评估,194.7,,,,,,,,
2026-09-08,DOX,41.94,⚠️ 谨慎评估,59.97,,,,,,,,
2026-09-08,DPC,40.64,⚠️ 谨慎评估,42.76,,,,,,,,
2026-09-08,DRIO,22.13,🚫 风险较高,7.03,,,,,,,,
2026-09-08,DRS,44.11,⚠️ 谨慎评估,36.94,,,,,,,,
2026-09-08,DT,60.22,👀 综合中性,50.29,,,,,,,,
2026-09-08,DUOL,53.91,👀 综合中性,146.4,,,,,,,,
2026-09-08,DXCM,47.94,⚠️ 谨慎评估,84.53,,,,,,,,
2026-09-08,EAF,16.23,🚫 风险较高,6.3,,,,,,,,
2026-09-08,EMR,45.53,⚠️ 谨慎评估,152.2,,,,,,,,
2026-09-08,ENOV,29.69,🚫 风险较高,19.98,,,,,,,,
2026-09-08,ENR,36.98,⚠️ 谨慎评估,21.0,,,,,,,,
2026-09-08,ENS,48.46,⚠️ 谨慎评估,180.5,,,,,,,,
2026-09-08,ENTG,44.17,⚠️ 谨慎评估,141.1,,,,,,,,
2026-09-08,EPAC,50.66,👀 综合中性,37.03,,,,,,,,
2026-09-08,ESP,49.69,⚠️ 谨慎评估,63.09,,,,,,,,
2026-09-08,ESTA,49.62,⚠️ 谨慎评估,75.29,,,,,,,,
2026-09-08,ESTC,59.51,👀 综合中性,88.42,,,,,,,,
2026-09-08,ETN,39.71,⚠️ 谨慎评估,422.1,,,,,,,,
2026-09-08,EW,45.89,⚠️ 谨慎评估,86.72,,,,,,,,
2026-09-08,EXLS,53.18,👀 综合中性,35.52,,,,,,,,
2026-09-08,FAC,31.36,🚫 风险较高,5.69,,,,,,,,
2026-09-08,FCEL,15.54,🚫 风险较高,17.76,,,,,,,,
2026-09-08,FCX,39.53,⚠️ 谨慎评估,76.62,,,,,,,,
2026-09-08,FELE,40.92,⚠️ 谨慎评估,99.13,,,,,,,,
2026-09-08,FFIV,55.25,👀 综合中性,389.6,,,,,,,,
2026-09-08,FLGT,32.41,🚫 风险较高,20.2,,,,,,,,
2026-09-08,FLS,39.68,⚠️ 谨慎评估,76.98,,,,,,,,
2026-09-08,FLY,39.09,⚠️ 谨慎评估,22.9,,,,,,,,
2026-09-08,FN,45.23,⚠️ 谨慎评估,416.3,,,,,,,,
2026-09-08,FORM,47.84,⚠️ 谨慎评估,109.9,,,,,,,,
2026-09-08,FOUR,42.25,⚠️ 谨慎评估,42.29,,,,,,,,
2026-09-08,FPS,38.05,⚠️ 谨慎评估,32.31,,,,,,,,
2026-09-08,FRNM,63.88,👀 综合中性,15.99,,,,,,,,
2026-09-08,FTAI,33.6,🚫 风险较高,196.7,,,,,,,,
2026-09-08,FTNT,64.54,👀 综合中性,157.5,,,,,,,,
2026-09-08,GD,43.93,⚠️ 谨慎评估,356.6,,,,,,,,
2026-09-08,GDDY,49.12,⚠️ 谨慎评估,92.88,,,,,,,,
2026-09-08,GE,40.72,⚠️ 谨慎评估,334.9,,,,,,,,
2026-09-08,GEHC,41.71,⚠️ 谨慎评估,66.78,,,,,,,,
2026-09-08,GEN,59.63,👀 综合中性,29.81,,,,,,,,
2026-09-08,GEV,48.19,⚠️ 谨慎评估,971.3,,,,,,,,
2026-09-08,GFS,24.97,🚫 风险较高,45.09,,,,,,,,
2026-09-08,GGG,40.93,⚠️ 谨慎评估,77.03,,,,,,,,
2026-09-08,GH,59.29,👀 综合中性,161.0,,,,,,,,
2026-09-08,GHM,31.52,🚫 风险较高,88.74,,,,,,,,
2026-09-08,GKOS,61.15,👀 综合中性,185.0,,,,,,,,
2026-09-08,GMED,43.16,⚠️ 谨慎评估,75.04,,,,,,,,
2026-09-08,GNRC,37.54,⚠️ 谨慎评估,190.2,,,,,,,,
2026-09-08,GOOGL,58.49,👀 综合中性,338.4,,,,,,,,
2026-09-08,GRAL,26.26,🚫 风险较高,79.1,,,,,,,,
2026-09-08,GRC,40.12,⚠️ 谨慎评估,75.49,,,,,,,,
2026-09-08,GRMN,49.06,⚠️ 谨慎评估,275.7,,,,,,,,
2026-09-08,GSIT,11.21,🚫 风险较高,5.63,,,,,,,,
2026-09-08,GTES,50.37,👀 综合中性,25.65,,,,,,,,
2026-09-08,GTLB,63.19,👀 综合中性,47.15,,,,,,,,
2026-09-08,GTLS,28.53,🚫 风险较高,209.9,,,,,,,,
2026-09-08,HAE,44.28,⚠️ 谨慎评估,102.8,,,,,,,,
2026-09-08,HAWK,42.71,⚠️ 谨慎评估,17.83,,,,,,,,
2026-09-08,HAYW,38.01,⚠️ 谨慎评估,13.44,,,,,,,,
2026-09-08,HII,39.47,⚠️ 谨慎评估,287.7,,,,,,,,
2026-09-08,HLIO,48.0,⚠️ 谨慎评估,71.42,,,,,,,,
2026-09-08,HNGE,63.09,👀 综合中性,92.69,,,,,,,,
2026-09-08,HON,46.95,⚠️ 谨慎评估,208.2,,,,,,,,
2026-09-08,HONA,24.12,🚫 风险较高,155.4,,,,,,,,
2026-09-08,HPE,55.9,👀 综合中性,56.03,,,,,,,,
2026-09-08,HPQ,39.83,⚠️ 谨慎评估,31.17,,,,,,,,
2026-09-08,HQY,52.66,👀 综合中性,93.36,,,,,,,,
2026-09-08,HSTM,57.09,👀 综合中性,28.72,,,,,,,,
2026-09-08,HTFL,55.78,👀 综合中性,47.75,,,,,,,,
2026-09-08,HUBB,40.38,⚠️ 谨慎评估,464.8,,,,,,,,
2026-09-08,HUBS,59.43,👀 综合中性,240.4,,,,,,,,
2026-09-08,HWM,39.69,⚠️ 谨慎评估,231.5,,,,,,,,
2026-09-08,HXL,48.61,⚠️ 谨慎评估,91.28,,,,,,,,
2026-09-08,IART,35.08,⚠️ 谨慎评估,16.26,,,,,,,,
2026-09-08,IBM,29.82,🚫 风险较高,232.1,,,,,,,,
2026-09-08,ICHR,32.06,🚫 风险较高,58.17,,,,,,,,
2026-09-08,ICLR,33.39,🚫 风险较高,158.3,,,,,,,,
2026-09-08,IDXGD,42.58,⚠️ 谨慎评估,6.85,,,,,,,,
2026-09-08,IDXX,39.66,⚠️ 谨慎评估,520.2,,,,,,,,
2026-09-08,IE,25.35,🚫 风险较高,11.04,,,,,,,,
2026-09-08,IEX,42.4,⚠️ 谨慎评估,225.7,,,,,,,,
2026-09-08,ILMN,44.68,⚠️ 谨慎评估,211.1,,,,,,,,
2026-09-08,INFQ,51.0,👀 综合中性,13.66,,,,,,,,
2026-09-08,INIO,31.55,🚫 风险较高,21.82,,,,,,,,
2026-09-08,INMD,42.26,⚠️ 谨慎评估,14.81,,,,,,,,
2026-09-08,INSP,33.8,🚫 风险较高,62.14,,,,,,,,
2026-09-08,INTC,22.06,🚫 风险较高,104.5,,,,,,,,
2026-09-08,INTT,38.66,⚠️ 谨慎评估,11.48,,,,,,,,
2026-09-08,IONQ,30.84,🚫 风险较高,40.47,,,,,,,,
2026-09-08,IOT,52.91,👀 综合中性,40.15,,,,,,,,
2026-09-08,IPGP,27.2,🚫 风险较高,79.56,,,,,,,,
2026-09-08,IQV,46.42,⚠️ 谨慎评估,259.2,,,,,,,,
2026-09-08,IR,38.54,⚠️ 谨慎评估,75.11,,,,,,,,
2026-09-08,IRMD,31.55,🚫 风险较高,84.4,,,,,,,,
2026-09-08,IRTC,36.66,⚠️ 谨慎评估,122.2,,,,,,,,
2026-09-08,ISRG,42.04,⚠️ 谨慎评估,350.2,,,,,,,,
2026-09-08,ITGR,32.32,🚫 风险较高,126.2,,,,,,,,
2026-09-08,ITT,44.84,⚠️ 谨慎评估,201.5,,,,,,,,
2026-09-08,ITW,39.34,⚠️ 谨慎评估,268.7,,,,,,,,
2026-09-08,JBL,45.34,⚠️ 谨慎评估,312.3,,,,,,,,
2026-09-08,JBTM,48.56,⚠️ 谨慎评估,116.0,,,,,,,,
2026-09-08,KAI,45.03,⚠️ 谨慎评估,299.5,,,,,,,,
2026-09-08,KE,41.49,⚠️ 谨慎评估,25.17,,,,,,,,
2026-09-08,KIDS,48.25,⚠️ 谨慎评估,22.22,,,,,,,,
2026-09-08,KLAC,40.32,⚠️ 谨慎评估,189.0,,,,,,,,
2026-09-08,KLIC,52.62,👀 综合中性,83.07,,,,,,,,
2026-09-08,KRMN,32.5,🚫 风险较高,39.69,,,,,,,,
2026-09-08,KTOS,22.51,🚫 风险较高,48.2,,,,,,,,
2026-09-08,LASR,21.92,🚫 风险较高,41.53,,,,,,,,
2026-09-08,LH,55.01,👀 综合中性,324.9,,,,,,,,
2026-09-08,LHX,46.33,⚠️ 谨慎评估,255.7,,,,,,,,
2026-09-08,LITE,45.51,⚠️ 谨慎评估,978.5,,,,,,,,
2026-09-08,LIVN,60.02,👀 综合中性,80.7,,,,,,,,
2026-09-08,LMRI,21.93,🚫 风险较高,11.54,,,,,,,,
2026-09-08,LMT,51.76,👀 综合中性,536.1,,,,,,,,
2026-09-08,LOAR,41.47,⚠️ 谨慎评估,67.7,,,,,,,,
2026-09-08,LRCX,44.25,⚠️ 谨慎评估,320.4,,,,,,,,
2026-09-08,LSCC,57.81,👀 综合中性,117.5,,,,,,,,
2026-09-08,LTBR,13.39,🚫 风险较高,7.89,,,,,,,,
2026-09-08,LUNR,43.53,⚠️ 谨慎评估,15.68,,,,,,,,
2026-09-08,LYNX,41.16,⚠️ 谨慎评估,13.14,,,,,,,,
2026-09-08,MBGL,47.02,⚠️ 谨慎评估,20.52,,,,,,,,
2026-09-08,MBLY,36.53,⚠️ 谨慎评估,8.52,,,,,,,,
2026-09-08,MCHP,41.47,⚠️ 谨慎评估,73.38,,,,,,,,
2026-09-08,MDB,54.33,👀 综合中性,356.0,,,,,,,,
2026-09-08,MDT,56.03,👀 综合中性,92.39,,,,,,,,
2026-09-08,MEDP,57.61,👀 综合中性,590.9,,,,,,,,
2026-09-08,META,56.66,👀 综合中性,613.5,,,,,,,,
2026-09-08,MFP,26.22,🚫 风险较高,42.91,,,,,,,,
2026-09-08,MFPVV,41.72,⚠️ 谨慎评估,35.05,,,,,,,,
2026-09-08,MIDD,37.76,⚠️ 谨慎评估,108.6,,,,,,,,
2026-09-08,MIR,36.3,⚠️ 谨慎评估,16.92,,,,,,,,
2026-09-08,MPWR,47.55,⚠️ 谨慎评估,1218.0,,,,,,,,
2026-09-08,MRAM,41.0,⚠️ 谨慎评估,16.65,,,,,,,,
2026-09-08,MRCY,24.0,🚫 风险较高,83.46,,,,,,,,
2026-09-08,MRVL,43.42,⚠️ 谨慎评估,225.4,,,,,,,,
2026-09-08,MSFT,57.83,👀 综合中性,493.9,,,,,,,,
2026-09-08,MTD,41.37,⚠️ 谨慎评估,1326.0,,,,,,,,
2026-09-08,MTSI,45.17,⚠️ 谨慎评估,274.8,,,,,,,,
2026-09-08,MU,50.05,👀 综合中性,1000.0,,,,,,,,
2026-09-08,MWA,42.08,⚠️ 谨慎评估,23.76,,,,,,,,
2026-09-08,MXL,35.91,⚠️ 谨慎评估,66.5,,,,,,,,
2026-09-08,NDRA,42.36,⚠️ 谨慎评估,5.905,,,,,,,,
2026-09-08,NDSN,51.46,👀 综合中性,316.8,,,,,,,,
2026-09-08,NEO,36.13,⚠️ 谨慎评估,17.56,,,,,,,,
2026-09-08,NEOG,31.97,🚫 风险较高,11.88,,,,,,,,
2026-09-08,NET,58.26,👀 综合中性,284.3,,,,,,,,
2026-09-08,NFLX,51.31,👀 综合中性,76.77,,,,,,,,
2026-09-08,NNE,18.34,🚫 风险较高,19.35,,,,,,,,
2026-09-08,NOC,32.18,🚫 风险较高,518.6,,,,,,,,
2026-09-08,NOW,61.31,👀 综合中性,134.2,,,,,,,,
2026-09-08,NPK,50.37,👀 综合中性,146.5,,,,,,,,
2026-09-08,NPO,33.13,🚫 风险较高,301.1,,,,,,,,
2026-09-08,NRC,44.14,⚠️ 谨慎评估,21.19,,,,,,,,
2026-09-08,NTAP,63.97,👀 综合中性,189.1,,,,,,,,
2026-09-08,NTNX,64.41,👀 综合中性,67.49,,,,,,,,
2026-09-08,NTRA,59.52,👀 综合中性,324.1,,,,,,,,
2026-09-08,NTSK,44.34,⚠️ 谨慎评估,14.35,,,,,,,,
2026-09-08,NVCR,50.32,👀 综合中性,16.85,,,,,,,,
2026-09-08,NVDA,76.28,✅ 综合良好,225.7,,,,,,,,
2026-09-08,NVEC,63.31,👀 综合中性,102.0,,,,,,,,
2026-09-08,NVMI,26.14,🚫 风险较高,377.1,,,,,,,,
2026-09-08,NVT,58.17,👀 综合中性,162.6,,,,,,,,
2026-09-08,NVTS,9.73,🚫 风险较高,12.0,,,,,,,,
2026-09-08,NXPI,50.78,👀 综合中性,223.9,,,,,,,,
2026-09-08,OESX,41.52,⚠️ 谨慎评估,30.52,,,,,,,,
2026-09-08,OKTA,61.01,👀 综合中性,167.6,,,,,,,,
2026-09-08,OMCL,49.3,⚠️ 谨慎评估,33.88,,,,,,,,
2026-09-08,OMDA,44.88,⚠️ 谨慎评估,22.18,,,,,,,,
2026-09-08,ON,35.24,⚠️ 谨慎评估,71.08,,,,,,,,
2026-09-08,ONTO,49.44,⚠️ 谨慎评估,281.1,,,,,,,,
2026-09-08,OPRX,36.39,⚠️ 谨慎评估,7.6,,,,,,,,
2026-09-08,ORCL,34.03,🚫 风险较高,162.5,,,,,,,,
2026-09-08,OSS,47.91,⚠️ 谨慎评估,9.83,,,,,,,,
2026-09-08,OTIS,42.75,⚠️ 谨慎评估,70.06,,,,,,,,
2026-09-08,P,41.69,⚠️ 谨慎评估,101.1,,,,,,,,
2026-09-08,PANW,60.92,👀 综合中性,337.0,,,,,,,,
2026-09-08,PATH,64.31,👀 综合中性,14.01,,,,,,,,
2026-09-08,PAY,57.89,👀 综合中性,35.65,,,,,,,,
2026-09-08,PEN,35.7,⚠️ 谨慎评估,319.3,,,,,,,,
2026-09-08,PH,39.88,⚠️ 谨慎评估,955.9,,,,,,,,
2026-09-08,PHR,49.35,⚠️ 谨慎评估,10.22,,,,,,,,
2026-09-08,PI,22.98,🚫 风险较高,171.8,,,,,,,,
2026-09-08,PINC,56.86,👀 综合中性,,,,,,,,,
2026-09-08,PL,41.07,⚠️ 谨慎评估,17.81,,,,,,,,
2026-09-08,PLAB,33.3,🚫 风险较高,29.36,,,,,,,,
2026-09-08,PLPC,50.38,👀 综合中性,411.7,,,,,,,,
2026-09-08,PLTR,71.37,✅ 综合良好,170.3,,,,,,,,
2026-09-08,PNR,32.44,🚫 风险较高,58.62,,,,,,,,
2026-09-08,PODD,49.89,⚠️ 谨慎评估,142.3,,,,,,,,
2026-09-08,POET,51.55,👀 综合中性,8.31,,,,,,,,
2026-09-08,POWI,34.61,🚫 风险较高,50.46,,,,,,,,
2026-09-08,POWL,28.75,🚫 风险较高,182.5,,,,,,,,
2026-09-08,PRCT,40.99,⚠️ 谨慎评估,21.35,,,,,,,,
2026-09-08,PRPO,50.4,👀 综合中性,27.25,,,,,,,,
2026-09-08,PRVA,55.75,👀 综合中性,20.78,,,,,,,,
2026-09-08,PSNL,29.82,🚫 风险较高,16.6,,,,,,,,
2026-09-08,PSQL,21.37,🚫 风险较高,8.04,,,,,,,,
2026-09-08,PTC,49.16,⚠️ 谨慎评估,133.3,,,,,,,,
2026-09-08,PXLW,40.79,⚠️ 谨慎评估,6.98,,,,,,,,
2026-09-08,Q,36.51,⚠️ 谨慎评估,123.3,,,,,,,,
2026-09-08,QBTS,20.38,🚫 风险较高,17.67,,,,,,,,
2026-09-08,QCOM,36.75,⚠️ 谨慎评估,174.1,,,,,,,,
2026-09-08,QDEL,32.64,🚫 风险较高,13.38,,,,,,,,
2026-09-08,QGEN,40.44,⚠️ 谨慎评估,42.38,,,,,,,,
2026-09-08,QLYS,56.06,👀 综合中性,170.3,,,,,,,,
2026-09-08,QMCO,22.33,🚫 风险较高,24.46,,,,,,,,
2026-09-08,QRVO,50.01,👀 综合中性,104.1,,,,,,,,
2026-09-08,QUBT,30.78,🚫 风险较高,8.22,,,,,,,,
2026-09-08,QUIK,45.28,⚠️ 谨慎评估,10.95,,,,,,,,
2026-09-08,RBCN,23.25,🚫 风险较高,6.3,,,,,,,,
2026-09-08,RBRK,63.03,👀 综合中性,91.63,,,,,,,,
2026-09-08,RCAT,46.89,⚠️ 谨慎评估,8.695,,,,,,,,
2026-09-08,RDNT,43.59,⚠️ 谨慎评估,71.97,,,,,,,,
2026-09-08,RDW,32.05,🚫 风险较高,11.23,,,,,,,,
2026-09-08,RELY,61.9,👀 综合中性,24.83,,,,,,,,
2026-09-08,RFIL,30.37,🚫 风险较高,10.56,,,,,,,,
2026-09-08,RGTI,40.21,⚠️ 谨慎评估,15.81,,,,,,,,
2026-09-08,RKLB,24.57,🚫 风险较高,65.87,,,,,,,,
2026-09-08,RMBS,35.11,⚠️ 谨慎评估,86.89,,,,,,,,
2026-09-08,ROK,42.85,⚠️ 谨慎评估,429.1,,,,,,,,
2026-09-08,RRX,41.04,⚠️ 谨慎评估,163.7,,,,,,,,
2026-09-08,RTX,46.15,⚠️ 谨慎评估,198.8,,,,,,,,
2026-09-08,RVTY,34.93,🚫 风险较高,127.1,,,,,,,,
2026-09-08,RXRX,39.47,⚠️ 谨慎评估,3.44,,,,,,,,
2026-09-08,S,57.42,👀 综合中性,19.43,,,,,,,,
2026-09-08,SAIL,37.59,⚠️ 谨慎评估,17.79,,,,,,,,
2026-09-08,SARO,38.92,⚠️ 谨慎评估,24.47,,,,,,,,
2026-09-08,SCCO,63.52,👀 综合中性,208.6,,,,,,,,
2026-09-08,SCIA,66.46,✅ 综合良好,9.46,,,,,,,,
2026-09-08,SDGR,45.36,⚠️ 谨慎评估,20.03,,,,,,,,
2026-09-08,SHC,49.94,⚠️ 谨慎评估,18.59,,,,,,,,
2026-09-08,SIBN,47.97,⚠️ 谨慎评估,18.62,,,,,,,,
2026-09-08,SITM,30.15,🚫 风险较高,599.0,,,,,,,,
2026-09-08,SKHY,66.35,✅ 综合良好,185.6,,,,,,,,
2026-09-08,SKYT,48.45,⚠️ 谨慎评估,32.46,,,,,,,,
2026-09-08,SLAB,41.78,⚠️ 谨慎评估,220.0,,,,,,,,
2026-09-08,SLP,38.67,⚠️ 谨慎评估,18.42,,,,,,,,
2026-09-08,SMCI,57.72,👀 综合中性,40.26,,,,,,,,
2026-09-08,SMR,9.73,🚫 风险较高,11.18,,,,,,,,
2026-09-08,SMTC,27.97,🚫 风险较高,162.6,,,,,,,,
2026-09-08,SNDK,59.61,👀 综合中性,1738.0,,,,,,,,
2026-09-08,SNOW,53.46,👀 综合中性,335.5,,,,,,,,
2026-09-08,SNPS,62.7,👀 综合中性,392.0,,,,,,,,
2026-09-08,SOPH,56.05,👀 综合中性,8.36,,,,,,,,
2026-09-08,SOUN,40.53,⚠️ 谨慎评估,6.57,,,,,,,,
2026-09-08,SPCX,44.05,⚠️ 谨慎评估,153.5,,,,,,,,
2026-09-08,SPOK,43.72,⚠️ 谨慎评估,10.64,,,,,,,,
2026-09-08,SSYS,18.61,🚫 风险较高,7.81,,,,,,,,
2026-09-08,STE,41.34,⚠️ 谨慎评估,218.4,,,,,,,,
2026-09-08,STI,60.47,👀 综合中性,7.28,,,,,,,,
2026-09-08,STX,51.59,👀 综合中性,904.4,,,,,,,,
2026-09-08,SWKS,27.67,🚫 风险较高,75.38,,,,,,,,
2026-09-08,SXI,40.12,⚠️ 谨慎评估,271.6,,,,,,,,
2026-09-08,SYK,48.18,⚠️ 谨慎评估,276.4,,,,,,,,
2026-09-08,SYM,25.43,🚫 风险较高,43.3,,,,,,,,
2026-09-08,SYNA,31.34,🚫 风险较高,94.72,,,,,,,,
2026-09-08,TACT,32.96,🚫 风险较高,5.24,,,,,,,,
2026-09-08,TALK,42.0,⚠️ 谨慎评估,5.25,,,,,,,,
2026-09-08,TBRG,40.73,⚠️ 谨慎评估,26.24,,,,,,,,
2026-09-08,TDG,44.65,⚠️ 谨慎评估,1145.0,,,,,,,,
2026-09-08,TDOC,27.94,🚫 风险较高,6.26,,,,,,,,
2026-09-08,TEAM,63.93,👀 综合中性,176.4,,,,,,,,
2026-09-08,TEM,38.97,⚠️ 谨慎评估,64.29,,,,,,,,
2026-09-08,TENB,49.16,⚠️ 谨慎评估,33.7,,,,,,,,
2026-09-08,TER,56.51,👀 综合中性,372.1,,,,,,,,
2026-09-08,TMDX,27.49,🚫 风险较高,88.27,,,,,,,,
2026-09-08,TMO,50.42,👀 综合中性,603.0,,,,,,,,
2026-09-08,TNC,30.93,🚫 风险较高,73.46,,,,,,,,
2026-09-08,TNDM,27.06,🚫 风险较高,19.88,,,,,,,,
2026-09-08,TOST,51.49,👀 综合中性,33.29,,,,,,,,
2026-09-08,TRT,46.48,⚠️ 谨慎评估,10.83,,,,,,,,
2026-09-08,TSLA,23.69,🚫 风险较高,368.2,,,,,,,,
2026-09-08,TSM,63.56,👀 综合中性,439.0,,,,,,,,
2026-09-08,TTD,39.32,⚠️ 谨慎评估,14.02,,,,,,,,
2026-09-08,TWLO,57.67,👀 综合中性,225.9,,,,,,,,
2026-09-08,TWST,41.35,⚠️ 谨慎评估,128.1,,,,,,,,
2026-09-08,TXG,32.29,🚫 风险较高,65.6,,,,,,,,
2026-09-08,TXN,46.09,⚠️ 谨慎评估,258.9,,,,,,,,
2026-09-08,TXT,36.45,⚠️ 谨慎评估,79.54,,,,,,,,
2026-09-08,TYL,50.26,👀 综合中性,347.8,,,,,,,,
2026-09-08,U,42.65,⚠️ 谨慎评估,42.75,,,,,,,,
2026-09-08,UCTT,36.39,⚠️ 谨慎评估,75.62,,,,,,,,
2026-09-08,UFPT,41.49,⚠️ 谨慎评估,281.2,,,,,,,,
2026-09-08,ULBI,44.91,⚠️ 谨慎评估,5.94,,,,,,,,
2026-09-08,UMAC,34.74,🚫 风险较高,25.98,,,,,,,,
2026-09-08,VCYT,45.34,⚠️ 谨慎评估,42.45,,,,,,,,
2026-09-08,VECO,32.52,🚫 风险较高,45.59,,,,,,,,
2026-09-08,VEEV,59.83,👀 综合中性,264.8,,,,,,,,
2026-09-08,VELO,27.22,🚫 风险较高,11.96,,,,,,,,
2026-09-08,VOYG,25.59,🚫 风险较高,35.41,,,,,,,,
2026-09-08,VREX,35.83,⚠️ 谨慎评估,18.49,,,,,,,,
2026-09-08,VRNS,47.8,⚠️ 谨慎评估,45.46,,,,,,,,
2026-09-08,VRSN,52.43,👀 综合中性,282.2,,,,,,,,
2026-09-08,VRT,50.08,👀 综合中性,290.8,,,,,,,,
2026-09-08,VSEC,54.76,👀 综合中性,206.7,,,,,,,,
2026-09-08,VSH,40.93,⚠️ 谨慎评估,31.47,,,,,,,,
2026-09-08,VVX,48.18,⚠️ 谨慎评估,74.5,,,,,,,,
2026-09-08,WAT,62.0,👀 综合中性,402.9,,,,,,,,
2026-09-08,WAY,53.23,👀 综合中性,24.24,,,,,,,,
2026-09-08,WDAY,61.71,👀 综合中性,186.3,,,,,,,,
2026-09-08,WDC,50.4,👀 综合中性,477.3,,,,,,,,
2026-09-08,WEAV,47.78,⚠️ 谨慎评估,7.31,,,,,,,,
2026-09-08,WEX,66.25,✅ 综合良好,187.3,,,,,,,,
2026-09-08,WGS,28.4,🚫 风险较高,85.87,,,,,,,,
2026-09-08,WIX,47.31,⚠️ 谨慎评估,72.72,,,,,,,,
2026-09-08,WOLF,28.07,🚫 风险较高,28.88,,,,,,,,
2026-09-08,WTS,47.07,⚠️ 谨慎评估,361.0,,,,,,,,
2026-09-08,WWD,42.66,⚠️ 谨慎评估,339.3,,,,,,,,
2026-09-08,XE,44.68,⚠️ 谨慎评估,19.15,,,,,,,,
2026-09-08,XGN,35.18,⚠️ 谨慎评估,7.3,,,,,,,,
2026-09-08,XPON,24.47,🚫 风险较高,5.55,,,,,,,,
2026-09-08,XYL,35.62,⚠️ 谨慎评估,108.8,,,,,,,,
2026-09-08,XYZ,22.99,🚫 风险较高,80.1,,,,,,,,
2026-09-08,YSS,22.06,🚫 风险较高,8.93,,,,,,,,
2026-09-08,ZBH,53.55,👀 综合中性,94.22,,,,,,,,
2026-09-08,ZETA,62.98,👀 综合中性,30.79,,,,,,,,
2026-09-08,ZM,57.73,👀 综合中性,96.44,,,,,,,,
2026-09-08,ZS,59.08,👀 综合中性,161.9,,,,,,,,
2026-09-09,A,44.03,⚠️ 谨慎评估,145.1,,,,,,,,
2026-09-09,AADX,38.09,⚠️ 谨慎评估,12.08,,,,,,,,
2026-09-09,AAPL,45.23,⚠️ 谨慎评估,314.0,,,,,,,,
2026-09-09,ABT,41.31,⚠️ 谨慎评估,105.7,,,,,,,,
2026-09-09,ACHR,17.75,🚫 风险较高,5.617,,,,,,,,
2026-09-09,ACIW,56.75,👀 综合中性,51.72,,,,,,,,
2026-09-09,ACLS,26.12,🚫 风险较高,116.9,,,,,,,,
2026-09-09,ACMR,45.78,⚠️ 谨慎评估,74.13,,,,,,,,
2026-09-09,ACN,47.02,⚠️ 谨慎评估,177.2,,,,,,,,
2026-09-09,ADBE,52.63,👀 综合中性,256.9,,,,,,,,
2026-09-09,ADI,55.95,👀 综合中性,365.5,,,,,,,,
2026-09-09,ADIG,33.73,🚫 风险较高,20.53,,,,,,,,
2026-09-09,ADPT,40.88,⚠️ 谨慎评估,24.39,,,,,,,,
2026-09-09,ADSE,38.79,⚠️ 谨慎评估,11.48,,,,,,,,
2026-09-09,ADSK,55.62,👀 综合中性,207.0,,,,,,,,
2026-09-09,ADVB,30.3,🚫 风险较高,8.52,,,,,,,,
2026-09-09,AEHR,22.93,🚫 风险较高,97.7,,,,,,,,
2026-09-09,AEIS,46.67,⚠️ 谨慎评估,288.6,,,,,,,,
2026-09-09,AFRM,38.57,⚠️ 谨慎评估,68.69,,,,,,,,
2026-09-09,AHCO,31.11,🚫 风险较高,5.645,,,,,,,,
2026-09-09,AI,43.37,⚠️ 谨慎评估,10.38,,,,,,,,
2026-09-09,AIP,49.19,⚠️ 谨慎评估,22.93,,,,,,,,
2026-09-09,AIR,46.16,⚠️ 谨慎评估,125.7,,,,,,,,
2026-09-09,AKAM,43.6,⚠️ 谨慎评估,112.6,,,,,,,,
2026-09-09,ALAB,34.61,🚫 风险较高,303.1,,,,,,,,
2026-09-09,ALGM,32.3,🚫 风险较高,36.46,,,,,,,,
2026-09-09,ALMR,64.4,👀 综合中性,29.43,,,,,,,,
2026-09-09,ALMU,23.96,🚫 风险较高,13.14,,,,,,,,
2026-09-09,ALOT,34.91,🚫 风险较高,28.99,,,,,,,,
2026-09-09,AMAT,45.72,⚠️ 谨慎评估,467.9,,,,,,,,
2026-09-09,AMBA,27.87,🚫 风险较高,67.54,,,,,,,,
2026-09-09,AMBQ,55.57,👀 综合中性,61.86,,,,,,,,
2026-09-09,AMD,48.59,⚠️ 谨慎评估,523.8,,,,,,,,
2026-09-09,AME,44.64,⚠️ 谨慎评估,237.3,,,,,,,,
2026-09-09,AMKR,28.36,🚫 风险较高,51.0,,,,,,,,
2026-09-09,AMPX,28.11,🚫 风险较高,10.11,,,,,,,,
2026-09-09,AMSC,15.93,🚫 风险较高,29.82,,,,,,,,
2026-09-09,AMWL,31.5,🚫 风险较高,12.79,,,,,,,,
2026-09-09,AMZN,53.65,👀 综合中性,251.8,,,,,,,,
2026-09-09,ANET,51.46,👀 综合中性,195.4,,,,,,,,
2026-09-09,AORT,26.77,🚫 风险较高,25.3,,,,,,,,
2026-09-09,AOS,34.36,🚫 风险较高,58.12,,,,,,,,
2026-09-09,AOSL,15.8,🚫 风险较高,25.59,,,,,,,,
2026-09-09,APP,51.64,👀 综合中性,309.6,,,,,,,,
2026-09-09,ARM,30.71,🚫 风险较高,264.8,,,,,,,,
2026-09-09,ARXS,51.32,👀 综合中性,52.8,,,,,,,,
2026-09-09,ASML,40.51,⚠️ 谨慎评估,1738.0,,,,,,,,
2026-09-09,ASYS,44.01,⚠️ 谨慎评估,15.38,,,,,,,,
2026-09-09,ATEC,39.04,⚠️ 谨慎评估,9.11,,,,,,,,
2026-09-09,ATKR,37.51,⚠️ 谨慎评估,94.25,,,,,,,,
2026-09-09,ATRO,52.19,👀 综合中性,76.31,,,,,,,,
2026-09-09,AVAV,41.23,⚠️ 谨慎评估,142.4,,,,,,,,
2026-09-09,AVGO,47.63,⚠️ 谨慎评估,362.1,,,,,,,,
2026-09-09,AVNS,31.45,🚫 风险较高,24.99,,,,,,,,
2026-09-09,AVR,45.12,⚠️ 谨慎评估,8.645,,,,,,,,
2026-09-09,AXGN,47.05,⚠️ 谨慎评估,47.66,,,,,,,,
2026-09-09,AXON,29.16,🚫 风险较高,490.6,,,,,,,,
2026-09-09,AXTI,40.48,⚠️ 谨慎评估,70.73,,,,,,,,
2026-09-09,AYI,40.39,⚠️ 谨慎评估,321.9,,,,,,,,
2026-09-09,BA,33.88,🚫 风险较高,209.1,,,,,,,,
2026-09-09,BBAI,22.92,🚫 风险较高,2.875,,,,,,,,
2026-09-09,BBNX,39.21,⚠️ 谨慎评估,18.62,,,,,,,,
2026-09-09,BDSX,62.5,👀 综合中性,27.38,,,,,,,,
2026-09-09,BE,30.59,🚫 风险较高,273.3,,,,,,,,
2026-09-09,BETA,43.57,⚠️ 谨慎评估,20.56,,,,,,,,
2026-09-09,BFLY,46.46,⚠️ 谨慎评估,7.595,,,,,,,,
2026-09-09,BIAF,39.87,⚠️ 谨慎评估,10.56,,,,,,,,
2026-09-09,BIO,39.73,⚠️ 谨慎评估,376.7,,,,,,,,
2026-09-09,BIOQ,38.52,⚠️ 谨慎评估,33.0,,,,,,,,
2026-09-09,BKFG,29.95,🚫 风险较高,94.0,,,,,,,,
2026-09-09,BLLN,48.75,⚠️ 谨慎评估,101.4,,,,,,,,
2026-09-09,BLSH,47.29,⚠️ 谨慎评估,35.15,,,,,,,,
2026-09-09,BOX,50.8,👀 综合中性,34.22,,,,,,,,
2026-09-09,BRAI,24.2,🚫 风险较高,5.501,,,,,,,,
2026-09-09,BRKR,36.14,⚠️ 谨慎评估,54.58,,,,,,,,
2026-09-09,BSX,40.59,⚠️ 谨慎评估,45.19,,,,,,,,
2026-09-09,BTSG,56.59,👀 综合中性,62.09,,,,,,,,
2026-09-09,BVS,58.96,👀 综合中性,13.74,,,,,,,,
2026-09-09,BW,52.28,👀 综合中性,7.435,,,,,,,,
2026-09-09,BWXT,35.19,⚠️ 谨慎评估,158.1,,,,,,,,
2026-09-09,CAMT,21.41,🚫 风险较高,149.1,,,,,,,,
2026-09-09,CARL,54.77,👀 综合中性,15.32,,,,,,,,
2026-09-09,CBLL,51.78,👀 综合中性,24.3,,,,,,,,
2026-09-09,CBRS,45.1,⚠️ 谨慎评估,197.7,,,,,,,,
2026-09-09,CDNA,55.8,👀 综合中性,50.65,,,,,,,,
2026-09-09,CDNS,55.31,👀 综合中性,285.5,,,,,,,,
2026-09-09,CDRE,38.48,⚠️ 谨慎评估,28.9,,,,,,,,
2026-09-09,CERT,27.85,🚫 风险较高,7.675,,,,,,,,
2026-09-09,CEVA,33.09,🚫 风险较高,28.55,,,,,,,,
2026-09-09,CHKP,38.7,⚠️ 谨慎评估,134.5,,,,,,,,
2026-09-09,CLS,46.97,⚠️ 谨慎评估,70.0,,,,,,,,
2026-09-09,CMI,32.83,🚫 风险较高,550.7,,,,,,,,
2026-09-09,CMPD,29.5,🚫 风险较高,7.0,,,,,,,,
2026-09-09,CNMD,39.0,⚠️ 谨慎评估,46.44,,,,,,,,
2026-09-09,COHR,53.13,👀 综合中性,80.0,,,,,,,,
2026-09-09,COHU,44.67,⚠️ 谨慎评估,55.9,,,,,,,,
2026-09-09,CORZ,36.0,⚠️ 谨慎评估,17.95,,,,,,,,
2026-09-09,CPAY,62.96,👀 综合中性,407.5,,,,,,,,
2026-09-09,CR,44.71,⚠️ 谨慎评估,202.3,,,,,,,,
2026-09-09,CRCT,47.56,⚠️ 谨慎评估,5.38,,,,,,,,
2026-09-09,CRDO,34.28,🚫 风险较高,169.2,,,,,,,,
2026-09-09,CRL,39.08,⚠️ 谨慎评估,277.8,,,,,,,,
2026-09-09,CRM,59.61,👀 综合中性,247.8,,,,,,,,
2026-09-09,CRSR,31.26,🚫 风险较高,12.41,,,,,,,,
2026-09-09,CRUS,46.68,⚠️ 谨慎评估,108.9,,,,,,,,
2026-09-09,CRWD,54.53,👀 综合中性,209.0,,,,,,,,
2026-09-09,CRWV,48.55,⚠️ 谨慎评估,96.18,,,,,,,,
2026-09-09,CSCO,53.04,👀 综合中性,109.9,,,,,,,,
2026-09-09,CSTL,49.98,⚠️ 谨慎评估,32.82,,,,,,,,
2026-09-09,CSW,48.29,⚠️ 谨慎评估,296.8,,,,,,,,
2026-09-09,CTEV,45.9,⚠️ 谨慎评估,36.16,,,,,,,,
2026-09-09,CUAI,33.96,🚫 风险较高,5.0,,,,,,,,
2026-09-09,CW,34.73,🚫 风险较高,567.8,,,,,,,,
2026-09-09,CXT,50.82,👀 综合中性,50.83,,,,,,,,
2026-09-09,DBX,43.51,⚠️ 谨慎评估,34.26,,,,,,,,
2026-09-09,DCI,41.45,⚠️ 谨慎评估,89.87,,,,,,,,
2026-09-09,DCO,45.99,⚠️ 谨慎评估,168.3,,,,,,,,
2026-09-09,DCTH,49.66,⚠️ 谨慎评估,16.12,,,,,,,,
2026-09-09,DDOG,61.81,👀 综合中性,225.5,,,,,,,,
2026-09-09,DELL,41.09,⚠️ 谨慎评估,545.2,,,,,,,,
2026-09-09,DGX,54.68,👀 综合中性,233.8,,,,,,,,
2026-09-09,DHR,52.77,👀 综合中性,204.8,,,,,,,,
2026-09-09,DIOD,34.95,🚫 风险较高,91.62,,,,,,,,
2026-09-09,DLO,67.36,✅ 综合良好,14.7,,,,,,,,
2026-09-09,DOCN,40.29,⚠️ 谨慎评估,134.3,,,,,,,,
2026-09-09,DOCS,41.82,⚠️ 谨慎评估,24.3,,,,,,,,
2026-09-09,DOCU,59.21,👀 综合中性,63.96,,,,,,,,
2026-09-09,DOV,39.79,⚠️ 谨慎评估,192.2,,,,,,,,
2026-09-09,DOX,41.39,⚠️ 谨慎评估,59.8,,,,,,,,
2026-09-09,DPC,40.07,⚠️ 谨慎评估,40.56,,,,,,,,
2026-09-09,DRIO,22.07,🚫 风险较高,7.03,,,,,,,,
2026-09-09,DRS,44.04,⚠️ 谨慎评估,36.42,,,,,,,,
2026-09-09,DT,60.22,👀 综合中性,50.97,,,,,,,,
2026-09-09,DUOL,52.43,👀 综合中性,139.3,,,,,,,,
2026-09-09,DXCM,47.79,⚠️ 谨慎评估,84.54,,,,,,,,
2026-09-09,EAF,16.0,🚫 风险较高,6.15,,,,,,,,
2026-09-09,EMR,45.45,⚠️ 谨慎评估,151.8,,,,,,,,
2026-09-09,ENOV,29.26,🚫 风险较高,19.16,,,,,,,,
2026-09-09,ENR,35.89,⚠️ 谨慎评估,20.16,,,,,,,,
2026-09-09,ENS,48.54,⚠️ 谨慎评估,179.8,,,,,,,,
2026-09-09,ENTG,44.79,⚠️ 谨慎评估,142.4,,,,,,,,
2026-09-09,EPAC,50.13,👀 综合中性,36.53,,,,,,,,
2026-09-09,ESP,49.63,⚠️ 谨慎评估,62.83,,,,,,,,
2026-09-09,ESTA,49.42,⚠️ 谨慎评估,74.72,,,,,,,,
2026-09-09,ESTC,59.41,👀 综合中性,87.79,,,,,,,,
2026-09-09,ETN,39.53,⚠️ 谨慎评估,416.9,,,,,,,,
2026-09-09,EW,45.37,⚠️ 谨慎评估,86.27,,,,,,,,
2026-09-09,EXLS,51.68,👀 综合中性,35.18,,,,,,,,
2026-09-09,FAC,31.14,🚫 风险较高,5.39,,,,,,,,
2026-09-09,FCEL,15.61,🚫 风险较高,16.67,,,,,,,,
2026-09-09,FCX,39.98,⚠️ 谨慎评估,76.93,,,,,,,,
2026-09-09,FELE,39.91,⚠️ 谨慎评估,99.26,,,,,,,,
2026-09-09,FFIV,55.54,👀 综合中性,405.2,,,,,,,,
2026-09-09,FLGT,32.45,🚫 风险较高,19.61,,,,,,,,
2026-09-09,FLS,39.39,⚠️ 谨慎评估,75.77,,,,,,,,
2026-09-09,FLY,38.61,⚠️ 谨慎评估,22.15,,,,,,,,
2026-09-09,FN,45.99,⚠️ 谨慎评估,423.4,,,,,,,,
2026-09-09,FORM,49.47,⚠️ 谨慎评估,115.3,,,,,,,,
2026-09-09,FOUR,42.45,⚠️ 谨慎评估,42.77,,,,,,,,
2026-09-09,FPS,38.31,⚠️ 谨慎评估,31.3,,,,,,,,
2026-09-09,FRNM,64.27,👀 综合中性,15.89,,,,,,,,
2026-09-09,FTAI,32.62,🚫 风险较高,185.1,,,,,,,,
2026-09-09,FTNT,64.72,👀 综合中性,157.4,,,,,,,,
2026-09-09,GD,43.81,⚠️ 谨慎评估,352.7,,,,,,,,
2026-09-09,GDDY,49.17,⚠️ 谨慎评估,93.49,,,,,,,,
2026-09-09,GE,40.7,⚠️ 谨慎评估,325.1,,,,,,,,
2026-09-09,GEHC,40.89,⚠️ 谨慎评估,65.8,,,,,,,,
2026-09-09,GEN,59.64,👀 综合中性,29.7,,,,,,,,
2026-09-09,GEV,47.85,⚠️ 谨慎评估,955.2,,,,,,,,
2026-09-09,GFS,25.92,🚫 风险较高,45.97,,,,,,,,
2026-09-09,GGG,40.23,⚠️ 谨慎评估,76.53,,,,,,,,
2026-09-09,GH,59.27,👀 综合中性,164.5,,,,,,,,
2026-09-09,GHM,31.6,🚫 风险较高,88.4,,,,,,,,
2026-09-09,GKOS,60.23,👀 综合中性,181.5,,,,,,,,
2026-09-09,GMED,42.68,⚠️ 谨慎评估,74.63,,,,,,,,
2026-09-09,GNRC,37.3,⚠️ 谨慎评估,187.2,,,,,,,,
2026-09-09,GOOGL,57.33,👀 综合中性,330.2,,,,,,,,
2026-09-09,GRAL,25.99,🚫 风险较高,78.42,,,,,,,,
2026-09-09,GRC,39.82,⚠️ 谨慎评估,74.67,,,,,,,,
2026-09-09,GRMN,49.02,⚠️ 谨慎评估,272.2,,,,,,,,
2026-09-09,GSIT,12.15,🚫 风险较高,5.67,,,,,,,,
2026-09-09,GTES,51.85,👀 综合中性,26.31,,,,,,,,
2026-09-09,GTLB,64.0,👀 综合中性,46.61,,,,,,,,
2026-09-09,GTLS,28.52,🚫 风险较高,209.9,,,,,,,,
2026-09-09,HAE,42.42,⚠️ 谨慎评估,102.0,,,,,,,,
2026-09-09,HAWK,41.69,⚠️ 谨慎评估,16.56,,,,,,,,
2026-09-09,HAYW,37.3,⚠️ 谨慎评估,13.25,,,,,,,,
2026-09-09,HII,39.23,⚠️ 谨慎评估,282.2,,,,,,,,
2026-09-09,HLIO,48.11,⚠️ 谨慎评估,70.95,,,,,,,,
2026-09-09,HNGE,63.01,👀 综合中性,91.08,,,,,,,,
2026-09-09,HON,47.0,⚠️ 谨慎评估,206.7,,,,,,,,
2026-09-09,HONA,22.64,🚫 风险较高,152.2,,,,,,,,
2026-09-09,HPE,56.24,👀 综合中性,58.32,,,,,,,,
2026-09-09,HPQ,39.9,⚠️ 谨慎评估,31.71,,,,,,,,
2026-09-09,HQY,52.36,👀 综合中性,93.01,,,,,,,,
2026-09-09,HSTM,56.88,👀 综合中性,28.32,,,,,,,,
2026-09-09,HTFL,55.72,👀 综合中性,47.56,,,,,,,,
2026-09-09,HUBB,40.17,⚠️ 谨慎评估,456.6,,,,,,,,
2026-09-09,HUBS,58.54,👀 综合中性,233.0,,,,,,,,
2026-09-09,HWM,39.76,⚠️ 谨慎评估,231.8,,,,,,,,
2026-09-09,HXL,48.71,⚠️ 谨慎评估,90.83,,,,,,,,
2026-09-09,IART,35.16,⚠️ 谨慎评估,16.07,,,,,,,,
2026-09-09,IBM,29.98,🚫 风险较高,236.6,,,,,,,,
2026-09-09,ICHR,32.81,🚫 风险较高,58.17,,,,,,,,
2026-09-09,ICLR,32.85,🚫 风险较高,160.1,,,,,,,,
2026-09-09,IDXGD,42.59,⚠️ 谨慎评估,6.8,,,,,,,,
2026-09-09,IDXX,38.93,⚠️ 谨慎评估,517.5,,,,,,,,
2026-09-09,IE,25.21,🚫 风险较高,11.04,,,,,,,,
2026-09-09,IEX,42.23,⚠️ 谨慎评估,225.0,,,,,,,,
2026-09-09,ILMN,44.31,⚠️ 谨慎评估,207.4,,,,,,,,
2026-09-09,INFQ,51.36,👀 综合中性,13.84,,,,,,,,
2026-09-09,INIO,31.94,🚫 风险较高,20.79,,,,,,,,
2026-09-09,INMD,42.64,⚠️ 谨慎评估,14.92,,,,,,,,
2026-09-09,INSP,33.81,🚫 风险较高,65.2,,,,,,,,
2026-09-09,INTC,20.84,🚫 风险较高,105.3,,,,,,,,
2026-09-09,INTT,39.31,⚠️ 谨慎评估,11.55,,,,,,,,
2026-09-09,IONQ,30.34,🚫 风险较高,39.03,,,,,,,,
2026-09-09,IOT,52.63,👀 综合中性,38.16,,,,,,,,
2026-09-09,IPGP,27.67,🚫 风险较高,79.79,,,,,,,,
2026-09-09,IQV,47.35,⚠️ 谨慎评估,255.2,,,,,,,,
2026-09-09,IR,38.19,⚠️ 谨慎评估,74.05,,,,,,,,
2026-09-09,IRMD,31.24,🚫 风险较高,83.5,,,,,,,,
2026-09-09,IRTC,35.94,⚠️ 谨慎评估,121.5,,,,,,,,
2026-09-09,ISRG,41.82,⚠️ 谨慎评估,351.1,,,,,,,,
2026-09-09,ITGR,32.36,🚫 风险较高,126.4,,,,,,,,
2026-09-09,ITT,44.91,⚠️ 谨慎评估,199.4,,,,,,,,
2026-09-09,ITW,39.14,⚠️ 谨慎评估,264.9,,,,,,,,
2026-09-09,JBL,46.38,⚠️ 谨慎评估,313.6,,,,,,,,
2026-09-09,JBTM,48.23,⚠️ 谨慎评估,114.4,,,,,,,,
2026-09-09,KAI,43.87,⚠️ 谨慎评估,294.0,,,,,,,,
2026-09-09,KE,41.67,⚠️ 谨慎评估,24.94,,,,,,,,
2026-09-09,KIDS,47.62,⚠️ 谨慎评估,21.89,,,,,,,,
2026-09-09,KLAC,39.65,⚠️ 谨慎评估,182.1,,,,,,,,
2026-09-09,KLIC,53.75,👀 综合中性,83.31,,,,,,,,
2026-09-09,KRMN,33.15,🚫 风险较高,36.72,,,,,,,,
2026-09-09,KTOS,22.64,🚫 风险较高,46.81,,,,,,,,
2026-09-09,LASR,22.07,🚫 风险较高,41.22,,,,,,,,
2026-09-09,LH,53.94,👀 综合中性,321.4,,,,,,,,
2026-09-09,LHX,46.09,⚠️ 谨慎评估,252.7,,,,,,,,
2026-09-09,LITE,44.25,⚠️ 谨慎评估,1018.0,,,,,,,,
2026-09-09,LIVN,59.05,👀 综合中性,78.67,,,,,,,,
2026-09-09,LMRI,21.85,🚫 风险较高,11.42,,,,,,,,
2026-09-09,LMT,51.6,👀 综合中性,526.0,,,,,,,,
2026-09-09,LOAR,41.2,⚠️ 谨慎评估,66.21,,,,,,,,
2026-09-09,LRCX,44.79,⚠️ 谨慎评估,315.8,,,,,,,,
2026-09-09,LSCC,58.51,👀 综合中性,117.7,,,,,,,,
2026-09-09,LTBR,13.26,🚫 风险较高,7.7,,,,,,,,
2026-09-09,LUNR,43.59,⚠️ 谨慎评估,15.16,,,,,,,,
2026-09-09,LYNX,46.98,⚠️ 谨慎评估,13.26,,,,,,,,
2026-09-09,MBGL,45.47,⚠️ 谨慎评估,19.86,,,,,,,,
2026-09-09,MBLY,34.96,🚫 风险较高,8.275,,,,,,,,
2026-09-09,MCHP,41.79,⚠️ 谨慎评估,73.48,,,,,,,,
2026-09-09,MDB,54.7,👀 综合中性,364.1,,,,,,,,
2026-09-09,MDT,55.74,👀 综合中性,92.45,,,,,,,,
2026-09-09,MEDP,55.9,👀 综合中性,580.7,,,,,,,,
2026-09-09,META,57.65,👀 综合中性,651.4,,,,,,,,
2026-09-09,MFP,26.2,🚫 风险较高,43.53,,,,,,,,
2026-09-09,MFPVV,41.72,⚠️ 谨慎评估,35.05,,,,,,,,
2026-09-09,MIDD,37.16,⚠️ 谨慎评估,106.5,,,,,,,,
2026-09-09,MIR,37.32,⚠️ 谨慎评估,16.61,,,,,,,,
2026-09-09,MPWR,47.44,⚠️ 谨慎评估,1207.0,,,,,,,,
2026-09-09,MRAM,42.04,⚠️ 谨慎评估,16.89,,,,,,,,
2026-09-09,MRCY,23.5,🚫 风险较高,80.81,,,,,,,,
2026-09-09,MRVL,43.08,⚠️ 谨慎评估,237.4,,,,,,,,
2026-09-09,MSFT,57.73,👀 综合中性,493.4,,,,,,,,
2026-09-09,MTD,40.59,⚠️ 谨慎评估,1298.0,,,,,,,,
2026-09-09,MTSI,46.56,⚠️ 谨慎评估,283.1,,,,,,,,
2026-09-09,MU,50.15,👀 综合中性,1021.0,,,,,,,,
2026-09-09,MWA,41.58,⚠️ 谨慎评估,23.85,,,,,,,,
2026-09-09,MXL,36.39,⚠️ 谨慎评估,70.61,,,,,,,,
2026-09-09,NDRA,43.31,⚠️ 谨慎评估,5.76,,,,,,,,
2026-09-09,NDSN,51.15,👀 综合中性,315.2,,,,,,,,
2026-09-09,NEO,35.9,⚠️ 谨慎评估,17.81,,,,,,,,
2026-09-09,NEOG,31.38,🚫 风险较高,11.94,,,,,,,,
2026-09-09,NET,58.22,👀 综合中性,313.0,,,,,,,,
2026-09-09,NFLX,50.45,👀 综合中性,76.23,,,,,,,,
2026-09-09,NNE,18.08,🚫 风险较高,18.61,,,,,,,,
2026-09-09,NOC,32.18,🚫 风险较高,516.4,,,,,,,,
2026-09-09,NOW,60.7,👀 综合中性,131.4,,,,,,,,
2026-09-09,NPK,49.89,⚠️ 谨慎评估,144.1,,,,,,,,
2026-09-09,NPO,33.45,🚫 风险较高,300.1,,,,,,,,
2026-09-09,NRC,43.9,⚠️ 谨慎评估,20.98,,,,,,,,
2026-09-09,NTAP,64.7,👀 综合中性,186.8,,,,,,,,
2026-09-09,NTNX,64.49,👀 综合中性,67.6,,,,,,,,
2026-09-09,NTRA,59.24,👀 综合中性,328.5,,,,,,,,
2026-09-09,NTSK,45.17,⚠️ 谨慎评估,14.64,,,,,,,,
2026-09-09,NVCR,48.79,⚠️ 谨慎评估,16.31,,,,,,,,
2026-09-09,NVDA,76.13,✅ 综合良好,223.9,,,,,,,,
2026-09-09,NVEC,63.51,👀 综合中性,100.5,,,,,,,,
2026-09-09,NVMI,26.32,🚫 风险较高,378.1,,,,,,,,
2026-09-09,NVT,58.5,👀 综合中性,160.1,,,,,,,,
2026-09-09,NVTS,9.38,🚫 风险较高,11.67,,,,,,,,
2026-09-09,NXPI,51.22,👀 综合中性,226.5,,,,,,,,
2026-09-09,OESX,41.45,⚠️ 谨慎评估,30.27,,,,,,,,
2026-09-09,OKTA,59.98,👀 综合中性,170.7,,,,,,,,
2026-09-09,OMCL,48.55,⚠️ 谨慎评估,33.44,,,,,,,,
2026-09-09,OMDA,44.01,⚠️ 谨慎评估,21.45,,,,,,,,
2026-09-09,ON,35.98,⚠️ 谨慎评估,71.6,,,,,,,,
2026-09-09,ONTO,50.11,👀 综合中性,282.7,,,,,,,,
2026-09-09,OPRX,35.69,⚠️ 谨慎评估,7.29,,,,,,,,
2026-09-09,ORCL,34.12,🚫 风险较高,162.5,,,,,,,,
2026-09-09,OSS,47.34,⚠️ 谨慎评估,9.535,,,,,,,,
2026-09-09,OTIS,41.26,⚠️ 谨慎评估,69.22,,,,,,,,
2026-09-09,P,42.02,⚠️ 谨慎评估,98.87,,,,,,,,
2026-09-09,PANW,61.26,👀 综合中性,336.1,,,,,,,,
2026-09-09,PATH,63.22,👀 综合中性,13.48,,,,,,,,
2026-09-09,PAY,57.05,👀 综合中性,35.15,,,,,,,,
2026-09-09,PEN,35.15,⚠️ 谨慎评估,319.7,,,,,,,,
2026-09-09,PH,40.01,⚠️ 谨慎评估,953.2,,,,,,,,
2026-09-09,PHR,48.99,⚠️ 谨慎评估,10.35,,,,,,,,
2026-09-09,PI,23.06,🚫 风险较高,167.0,,,,,,,,
2026-09-09,PINC,56.57,👀 综合中性,,,,,,,,,
2026-09-09,PL,41.13,⚠️ 谨慎评估,17.45,,,,,,,,
2026-09-09,PLAB,33.63,🚫 风险较高,29.03,,,,,,,,
2026-09-09,PLPC,50.75,👀 综合中性,412.4,,,,,,,,
2026-09-09,PLTR,71.35,✅ 综合良好,170.9,,,,,,,,
2026-09-09,PNR,31.71,🚫 风险较高,57.7,,,,,,,,
2026-09-09,PODD,48.98,⚠️ 谨慎评估,140.8,,,,,,,,
2026-09-09,POET,51.01,👀 综合中性,8.115,,,,,,,,
2026-09-09,POWI,34.67,🚫 风险较高,49.65,,,,,,,,
2026-09-09,POWL,28.95,🚫 风险较高,181.8,,,,,,,,
2026-09-09,PRCT,40.47,⚠️ 谨慎评估,20.88,,,,,,,,
2026-09-09,PRPO,49.24,⚠️ 谨慎评估,26.4,,,,,,,,
2026-09-09,PRVA,55.32,👀 综合中性,20.44,,,,,,,,
2026-09-09,PSNL,30.19,🚫 风险较高,16.49,,,,,,,,
2026-09-09,PSQL,21.37,🚫 风险较高,8.02,,,,,,,,
2026-09-09,PTC,48.05,⚠️ 谨慎评估,130.3,,,,,,,,
2026-09-09,PXLW,40.55,⚠️ 谨慎评估,6.94,,,,,,,,
2026-09-09,Q,37.6,⚠️ 谨慎评估,125.3,,,,,,,,
2026-09-09,QBTS,20.23,🚫 风险较高,17.45,,,,,,,,
2026-09-09,QCOM,36.87,⚠️ 谨慎评估,176.1,,,,,,,,
2026-09-09,QDEL,32.2,🚫 风险较高,13.0,,,,,,,,
2026-09-09,QGEN,39.71,⚠️ 谨慎评估,42.5,,,,,,,,
2026-09-09,QLYS,56.26,👀 综合中性,171.2,,,,,,,,
2026-09-09,QMCO,22.53,🚫 风险较高,24.82,,,,,,,,
2026-09-09,QRVO,50.24,👀 综合中性,104.2,,,,,,,,
2026-09-09,QUBT,30.7,🚫 风险较高,8.14,,,,,,,,
2026-09-09,QUIK,45.41,⚠️ 谨慎评估,10.8,,,,,,,,
2026-09-09,RBCN,23.25,🚫 风险较高,6.3,,,,,,,,
2026-09-09,RBRK,63.02,👀 综合中性,90.75,,,,,,,,
2026-09-09,RCAT,46.9,⚠️ 谨慎评估,8.405,,,,,,,,
2026-09-09,RDNT,42.49,⚠️ 谨慎评估,71.14,,,,,,,,
2026-09-09,RDW,31.96,🚫 风险较高,11.02,,,,,,,,
2026-09-09,RELY,61.85,👀 综合中性,24.11,,,,,,,,
2026-09-09,RFIL,30.24,🚫 风险较高,10.23,,,,,,,,
2026-09-09,RGTI,40.42,⚠️ 谨慎评估,15.62,,,,,,,,
2026-09-09,RKLB,24.37,🚫 风险较高,64.12,,,,,,,,
2026-09-09,RMBS,35.77,⚠️ 谨慎评估,87.39,,,,,,,,
2026-09-09,ROK,42.77,⚠️ 谨慎评估,427.7,,,,,,,,
2026-09-09,RRX,41.0,⚠️ 谨慎评估,161.9,,,,,,,,
2026-09-09,RTX,46.26,⚠️ 谨慎评估,199.1,,,,,,,,
2026-09-09,RVTY,36.45,⚠️ 谨慎评估,122.8,,,,,,,,
2026-09-09,RXRX,38.04,⚠️ 谨慎评估,3.245,,,,,,,,
2026-09-09,S,58.01,👀 综合中性,19.59,,,,,,,,
2026-09-09,SAIL,37.53,⚠️ 谨慎评估,17.75,,,,,,,,
2026-09-09,SARO,38.81,⚠️ 谨慎评估,24.09,,,,,,,,
2026-09-09,SCCO,63.36,👀 综合中性,210.3,,,,,,,,
2026-09-09,SCIA,64.92,👀 综合中性,9.31,,,,,,,,
2026-09-09,SDGR,44.79,⚠️ 谨慎评估,19.5,,,,,,,,
2026-09-09,SHC,48.96,⚠️ 谨慎评估,18.36,,,,,,,,
2026-09-09,SIBN,46.37,⚠️ 谨慎评估,18.51,,,,,,,,
2026-09-09,SITM,30.92,🚫 风险较高,611.8,,,,,,,,
2026-09-09,SKHY,65.81,✅ 综合良好,194.1,,,,,,,,
2026-09-09,SKYT,48.45,⚠️ 谨慎评估,32.46,,,,,,,,
2026-09-09,SLAB,41.62,⚠️ 谨慎评估,219.7,,,,,,,,
2026-09-09,SLP,38.52,⚠️ 谨慎评估,18.43,,,,,,,,
2026-09-09,SMCI,57.74,👀 综合中性,39.48,,,,,,,,
2026-09-09,SMR,10.8,🚫 风险较高,10.85,,,,,,,,
2026-09-09,SMTC,26.68,🚫 风险较高,165.4,,,,,,,,
2026-09-09,SNDK,58.25,👀 综合中性,1775.0,,,,,,,,
2026-09-09,SNOW,53.46,👀 综合中性,336.5,,,,,,,,
2026-09-09,SNPS,62.79,👀 综合中性,392.9,,,,,,,,
2026-09-09,SOPH,55.41,👀 综合中性,7.93,,,,,,,,
2026-09-09,SOUN,40.12,⚠️ 谨慎评估,6.575,,,,,,,,
2026-09-09,SPCX,43.06,⚠️ 谨慎评估,146.2,,,,,,,,
2026-09-09,SPOK,43.65,⚠️ 谨慎评估,10.53,,,,,,,,
2026-09-09,SSYS,18.48,🚫 风险较高,7.755,,,,,,,,
2026-09-09,STE,40.71,⚠️ 谨慎评估,216.5,,,,,,,,
2026-09-09,STI,59.9,👀 综合中性,7.11,,,,,,,,
2026-09-09,STX,52.08,👀 综合中性,912.4,,,,,,,,
2026-09-09,SWKS,27.91,🚫 风险较高,75.47,,,,,,,,
2026-09-09,SXI,40.4,⚠️ 谨慎评估,274.2,,,,,,,,
2026-09-09,SYK,47.66,⚠️ 谨慎评估,273.9,,,,,,,,
2026-09-09,SYM,25.25,🚫 风险较高,43.29,,,,,,,,
2026-09-09,SYNA,32.11,🚫 风险较高,95.47,,,,,,,,
2026-09-09,TACT,32.59,🚫 风险较高,5.38,,,,,,,,
2026-09-09,TALK,42.0,⚠️ 谨慎评估,5.25,,,,,,,,
2026-09-09,TBRG,40.73,⚠️ 谨慎评估,26.24,,,,,,,,
2026-09-09,TDG,44.64,⚠️ 谨慎评估,1138.0,,,,,,,,
2026-09-09,TDOC,26.18,🚫 风险较高,6.05,,,,,,,,
2026-09-09,TEAM,63.67,👀 综合中性,177.7,,,,,,,,
2026-09-09,TEM,38.84,⚠️ 谨慎评估,62.24,,,,,,,,
2026-09-09,TENB,49.56,⚠️ 谨慎评估,33.87,,,,,,,,
2026-09-09,TER,57.24,👀 综合中性,379.9,,,,,,,,
2026-09-09,TMDX,26.68,🚫 风险较高,87.05,,,,,,,,
2026-09-09,TMO,50.04,👀 综合中性,605.4,,,,,,,,
2026-09-09,TNC,33.43,🚫 风险较高,71.37,,,,,,,,
2026-09-09,TNDM,26.44,🚫 风险较高,19.18,,,,,,,,
2026-09-09,TOST,50.63,👀 综合中性,32.64,,,,,,,,
2026-09-09,TRT,46.63,⚠️ 谨慎评估,10.64,,,,,,,,
2026-09-09,TSLA,23.57,🚫 风险较高,368.9,,,,,,,,
2026-09-09,TSM,64.79,👀 综合中性,434.6,,,,,,,,
2026-09-09,TTD,39.24,⚠️ 谨慎评估,13.96,,,,,,,,
2026-09-09,TWLO,57.92,👀 综合中性,231.3,,,,,,,,
2026-09-09,TWST,40.12,⚠️ 谨慎评估,124.2,,,,,,,,
2026-09-09,TXG,33.51,🚫 风险较高,66.26,,,,,,,,
2026-09-09,TXN,47.11,⚠️ 谨慎评估,262.4,,,,,,,,
2026-09-09,TXT,36.87,⚠️ 谨慎评估,80.61,,,,,,,,
2026-09-09,TYL,49.71,⚠️ 谨慎评估,342.6,,,,,,,,
2026-09-09,U,42.5,⚠️ 谨慎评估,42.78,,,,,,,,
2026-09-09,UCTT,36.84,⚠️ 谨慎评估,75.47,,,,,,,,
2026-09-09,UFPT,41.51,⚠️ 谨慎评估,280.7,,,,,,,,
2026-09-09,ULBI,45.19,⚠️ 谨慎评估,5.996,,,,,,,,
2026-09-09,UMAC,34.93,🚫 风险较高,24.89,,,,,,,,
2026-09-09,VCYT,45.65,⚠️ 谨慎评估,43.6,,,,,,,,
2026-09-09,VECO,33.0,🚫 风险较高,44.8,,,,,,,,
2026-09-09,VEEV,59.69,👀 综合中性,262.5,,,,,,,,
2026-09-09,VELO,26.49,🚫 风险较高,11.18,,,,,,,,
2026-09-09,VOYG,25.11,🚫 风险较高,34.05,,,,,,,,
2026-09-09,VREX,35.94,⚠️ 谨慎评估,18.5,,,,,,,,
2026-09-09,VRNS,48.03,⚠️ 谨慎评估,45.46,,,,,,,,
2026-09-09,VRSN,52.84,👀 综合中性,286.6,,,,,,,,
2026-09-09,VRT,49.0,⚠️ 谨慎评估,267.2,,,,,,,,
2026-09-09,VSEC,54.4,👀 综合中性,201.5,,,,,,,,
2026-09-09,VSH,41.61,⚠️ 谨慎评估,31.7,,,,,,,,
2026-09-09,VVX,47.76,⚠️ 谨慎评估,73.7,,,,,,,,
2026-09-09,WAT,61.77,👀 综合中性,407.2,,,,,,,,
2026-09-09,WAY,52.41,👀 综合中性,23.71,,,,,,,,
2026-09-09,WDAY,61.07,👀 综合中性,184.8,,,,,,,,
2026-09-09,WDC,50.87,👀 综合中性,493.4,,,,,,,,
2026-09-09,WEAV,47.5,⚠️ 谨慎评估,7.315,,,,,,,,
2026-09-09,WEX,65.59,✅ 综合良好,186.7,,,,,,,,
2026-09-09,WGS,29.01,🚫 风险较高,87.7,,,,,,,,
2026-09-09,WIX,46.78,⚠️ 谨慎评估,71.53,,,,,,,,
2026-09-09,WOLF,27.88,🚫 风险较高,27.94,,,,,,,,
2026-09-09,WTS,46.74,⚠️ 谨慎评估,357.1,,,,,,,,
2026-09-09,WWD,42.77,⚠️ 谨慎评估,336.9,,,,,,,,
2026-09-09,XE,42.42,⚠️ 谨慎评估,17.23,,,,,,,,
2026-09-09,XGN,34.65,🚫 风险较高,7.365,,,,,,,,
2026-09-09,XPON,24.51,🚫 风险较高,5.42,,,,,,,,
2026-09-09,XYL,34.6,🚫 风险较高,107.0,,,,,,,,
2026-09-09,XYZ,22.78,🚫 风险较高,79.0,,,,,,,,
2026-09-09,YSS,22.03,🚫 风险较高,8.51,,,,,,,,
2026-09-09,ZBH,52.92,👀 综合中性,94.33,,,,,,,,
2026-09-09,ZETA,62.89,👀 综合中性,30.62,,,,,,,,
2026-09-09,ZM,57.31,👀 综合中性,96.57,,,,,,,,
2026-09-09,ZS,59.78,👀 综合中性,165.8,,,,,,,,
2026-09-10,A,36.96,⚠️ 谨慎评估,143.1,87.05,26.66,27.25,50.0,50.0,0.0,6.2,False
2026-09-10,AADX,37.14,⚠️ 谨慎评估,11.54,88.22,80.62,2.16,50.0,50.0,0.0,15.98,False
2026-09-10,AAPL,36.22,⚠️ 谨慎评估,326.6,55.12,33.05,41.16,50.0,46.85,0.0,3.93,False
2026-09-10,ABT,36.43,⚠️ 谨慎评估,103.4,76.61,16.15,42.38,50.0,50.0,0.0,4.29,False
2026-09-10,ACHR,15.63,🚫 风险较高,5.45,66.67,50.0,0.0,50.0,50.0,0.0,20.0,False
2026-09-10,ACIW,47.99,⚠️ 谨慎评估,51.97,97.33,52.31,29.94,50.0,50.0,0.0,4.04,False
2026-09-10,ACLS,20.48,🚫 风险较高,113.3,66.54,14.0,8.82,50.0,50.0,0.0,12.65,False
2026-09-10,ACMR,36.78,⚠️ 谨慎评估,72.39,78.53,78.46,4.79,50.0,50.0,0.0,14.26,False
2026-09-10,ACN,42.47,⚠️ 谨慎评估,177.9,98.02,28.82,49.53,50.0,45.06,0.0,6.27,False
2026-09-10,ADBE,47.33,⚠️ 谨慎评估,248.8,97.17,38.4,80.65,46.97,45.06,0.0,7.7,False
2026-09-10,ADI,48.7,⚠️ 谨慎评估,361.2,58.83,59.99,77.67,50.0,47.35,0.0,4.45,False
2026-09-10,ADIG,28.5,🚫 风险较高,21.41,86.05,8.77,8.8,50.0,50.0,0.0,7.22,False
2026-09-10,ADPT,32.34,🚫 风险较高,24.23,78.44,53.75,14.31,50.0,50.0,0.0,13.93,False
2026-09-10,ADSE,34.53,🚫 风险较高,11.31,82.19,0.0,31.25,50.0,50.0,0.0,1.6,False
2026-09-10,ADSK,53.49,👀 综合中性,211.6,97.15,61.53,75.11,50.0,47.35,0.0,7.32,False
2026-09-10,ADVB,20.83,🚫 风险较高,8.85,66.67,50.0,0.0,50.0,50.0,0.0,20.0,False
2026-09-10,AEHR,16.46,🚫 风险较高,93.81,51.01,59.54,0.0,50.0,50.0,0.0,18.14,False
2026-09-10,AEIS,40.88,⚠️ 谨慎评估,273.7,76.94,70.79,1.75,50.0,50.0,0.0,7.47,False
2026-09-10,AFRM,34.14,🚫 风险较高,67.99,94.31,90.92,18.61,50.0,59.75,0.0,14.84,True
2026-09-10,AHCO,27.71,🚫 风险较高,5.85,83.33,27.23,7.36,50.0,50.0,0.0,11.87,False
2026-09-10,AI,36.25,⚠️ 谨慎评估,10.47,87.05,28.05,26.92,97.33,53.44,0.0,17.02,False
2026-09-10,AIP,43.9,⚠️ 谨慎评估,22.41,70.98,78.77,68.75,50.0,50.0,0.0,15.3,False
2026-09-10,AIR,39.16,⚠️ 谨慎评估,124.5,82.82,43.29,3.59,50.0,50.0,0.0,3.76,False
2026-09-10,AKAM,36.49,⚠️ 谨慎评估,107.1,92.84,7.87,31.15,50.0,50.0,0.0,3.72,False
2026-09-10,ALAB,27.57,🚫 风险较高,284.5,49.67,100.0,45.47,50.0,50.0,0.0,20.0,False
2026-09-10,ALGM,27.85,🚫 风险较高,35.27,56.42,50.0,20.61,50.0,50.0,0.0,14.03,False
2026-09-10,ALMR,57.15,👀 综合中性,27.77,97.26,100.0,33.93,50.0,50.0,0.0,7.39,False
2026-09-10,ALMU,22.42,🚫 风险较高,13.24,66.67,3.69,4.41,50.0,50.0,0.0,7.5,False
2026-09-10,ALOT,34.91,🚫 风险较高,28.99,66.64,14.46,10.26,50.0,50.0,62.0,4.77,False
2026-09-10,AMAT,37.75,⚠️ 谨慎评估,454.0,62.34,43.69,44.11,50.0,47.35,0.0,6.99,False
2026-09-10,AMBA,22.69,🚫 风险较高,67.87,56.54,28.0,31.34,50.0,50.0,0.0,15.32,False
2026-09-10,AMBQ,45.97,⚠️ 谨慎评估,60.66,82.79,100.0,4.53,50.0,50.0,0.0,11.27,False
2026-09-10,AMD,40.31,⚠️ 谨慎评估,503.6,50.72,75.78,58.03,35.89,53.94,0.0,10.06,False
2026-09-10,AME,37.73,⚠️ 谨慎评估,234.2,69.19,29.82,22.48,50.0,50.0,0.0,1.93,False
2026-09-10,AMKR,24.44,🚫 风险较高,49.53,87.43,69.13,0.0,50.0,50.0,0.0,17.18,False
2026-09-10,AMPX,25.87,🚫 风险较高,9.55,66.67,100.0,0.0,50.0,50.0,0.0,18.84,False
2026-09-10,AMSC,13.62,🚫 风险较高,28.66,60.18,44.47,0.05,50.0,50.0,0.0,20.0,False
2026-09-10,AMWL,22.04,🚫 风险较高,12.79,88.14,0.0,8.17,50.0,50.0,0.0,11.81,False
2026-09-10,AMZN,47.11,⚠️ 谨慎评估,251.9,78.83,65.8,28.87,50.0,61.44,0.0,5.58,False
2026-09-10,ANET,42.17,⚠️ 谨慎评估,189.0,44.4,53.93,72.88,56.0,55.44,0.0,7.87,False
2026-09-10,AORT,25.6,🚫 风险较高,24.65,48.2,25.08,34.36,50.0,50.0,0.0,10.46,False
2026-09-10,AOS,31.27,🚫 风险较高,56.71,87.72,5.6,19.78,50.0,50.0,0.0,5.64,False
2026-09-10,AOSL,13.12,🚫 风险较高,24.81,35.6,20.14,20.1,50.0,43.56,0.0,12.03,True
2026-09-10,APP,49.1,⚠️ 谨慎评估,314.5,96.84,97.92,73.02,87.33,78.72,0.0,14.67,True
2026-09-10,ARM,23.64,🚫 风险较高,254.2,21.81,64.64,74.91,39.07,62.03,0.0,14.26,True
2026-09-10,ARXS,43.28,⚠️ 谨慎评估,51.98,78.56,46.15,22.45,50.0,50.0,0.0,2.34,False
2026-09-10,ASML,31.21,🚫 风险较高,1687.0,38.16,31.3,76.76,50.0,40.75,0.0,9.84,False
2026-09-10,ASYS,37.09,⚠️ 谨慎评估,15.06,90.64,59.17,20.36,50.0,50.0,0.0,13.88,False
2026-09-10,ATEC,37.02,⚠️ 谨慎评估,8.84,78.0,30.92,43.68,50.0,50.0,0.0,7.86,False
2026-09-10,ATKR,30.46,🚫 风险较高,94.16,95.72,11.76,13.63,50.0,50.0,0.0,8.67,False
2026-09-10,ATRO,43.86,⚠️ 谨慎评估,73.49,80.41,70.38,2.81,50.0,50.0,0.0,5.24,False
2026-09-10,AVAV,39.73,⚠️ 谨慎评估,147.1,58.47,100.0,0.0,50.0,50.0,0.0,11.96,False
2026-09-10,AVGO,42.78,⚠️ 谨慎评估,360.8,71.79,87.07,63.11,62.55,59.88,0.0,7.05,True
2026-09-10,AVNS,31.45,🚫 风险较高,24.99,75.77,12.38,15.04,50.0,50.0,50.0,9.05,False
2026-09-10,AVR,37.58,⚠️ 谨慎评估,8.3,33.33,100.0,37.5,50.0,50.0,0.0,14.71,False
2026-09-10,AXGN,37.96,⚠️ 谨慎评估,41.85,47.29,43.23,45.06,50.0,50.0,0.0,4.06,False
2026-09-10,AXON,24.99,🚫 风险较高,478.9,36.42,36.79,31.59,50.0,50.0,0.0,11.23,False
2026-09-10,AXTI,31.49,🚫 风险较高,64.7,36.12,100.0,0.0,50.0,50.0,0.0,15.73,False
2026-09-10,AYI,35.46,⚠️ 谨慎评估,316.2,81.79,28.91,24.8,50.0,50.0,0.0,6.85,False
2026-09-10,BA,29.88,🚫 风险较高,204.8,71.11,20.0,6.23,50.0,50.0,0.0,5.28,False
2026-09-10,BBAI,21.2,🚫 风险较高,2.82,77.59,41.78,0.0,86.67,43.06,0.0,19.34,True
2026-09-10,BBNX,31.45,🚫 风险较高,16.59,82.77,65.85,22.89,50.0,50.0,0.0,20.0,False
2026-09-10,BDSX,52.88,👀 综合中性,26.04,83.33,85.5,38.19,50.0,50.0,0.0,5.89,False
2026-09-10,BE,25.97,🚫 风险较高,258.5,54.26,100.0,17.79,50.0,50.0,0.0,18.9,False
2026-09-10,BETA,38.84,⚠️ 谨慎评估,19.89,75.38,100.0,25.07,50.0,50.0,0.0,20.0,False
2026-09-10,BFLY,38.99,⚠️ 谨慎评估,7.12,77.72,68.46,36.06,50.0,50.0,0.0,14.08,False
2026-09-10,BIAF,36.04,⚠️ 谨慎评估,9.39,83.33,47.5,0.0,50.0,50.0,0.0,7.5,False
2026-09-10,BIO,30.2,🚫 风险较高,368.8,57.01,17.83,27.66,50.0,50.0,0.0,4.81,False
2026-09-10,BIOQ,39.51,⚠️ 谨慎评估,33.0,100.0,0.0,38.88,50.0,50.0,0.0,1.32,False
2026-09-10,BKFG,29.95,🚫 风险较高,94.0,67.23,0.0,10.04,50.0,50.0,0.0,0.0,False
2026-09-10,BLLN,41.43,⚠️ 谨慎评估,98.51,63.25,100.0,34.03,50.0,50.0,0.0,16.32,False
2026-09-10,BLSH,42.37,⚠️ 谨慎评估,33.88,77.26,100.0,46.14,50.0,50.0,0.0,20.0,False
2026-09-10,BOX,41.14,⚠️ 谨慎评估,34.12,96.57,34.0,45.21,50.0,50.0,0.0,8.46,False
2026-09-10,BRAI,20.83,🚫 风险较高,5.52,66.67,50.0,0.0,50.0,50.0,0.0,20.0,False
2026-09-10,BRKR,27.91,🚫 风险较高,53.56,71.42,15.69,17.19,50.0,50.0,0.0,7.88,False
2026-09-10,BSX,39.43,⚠️ 谨慎评估,43.1,88.56,23.41,55.17,50.0,50.0,0.0,7.41,False
2026-09-10,BTSG,47.01,⚠️ 谨慎评估,57.88,98.67,75.21,19.47,50.0,50.0,0.0,9.45,False
2026-09-10,BVS,51.27,👀 综合中性,13.06,92.11,49.56,53.94,50.0,50.0,0.0,2.63,False
2026-09-10,BW,50.61,👀 综合中性,7.17,82.36,100.0,30.15,50.0,50.0,0.0,10.38,False
2026-09-10,BWXT,31.92,🚫 风险较高,152.5,58.85,32.48,7.27,50.0,50.0,0.0,4.06,False
2026-09-10,CAMT,15.28,🚫 风险较高,144.2,24.21,10.2,19.94,50.0,50.0,0.0,10.1,False
2026-09-10,CARL,45.41,⚠️ 谨慎评估,14.76,83.33,100.0,26.33,50.0,50.0,0.0,15.21,False
2026-09-10,CBLL,42.93,⚠️ 谨慎评估,23.43,80.44,57.69,37.5,50.0,50.0,0.0,8.21,False
2026-09-10,CBRS,40.3,⚠️ 谨慎评估,191.3,73.13,100.0,0.0,50.0,50.0,0.0,14.33,False
2026-09-10,CDNA,45.86,⚠️ 谨慎评估,50.02,68.29,100.0,41.56,50.0,50.0,0.0,14.03,False
2026-09-10,CDNS,51.81,👀 综合中性,284.9,76.55,61.29,85.09,53.8,45.93,0.0,6.94,False
2026-09-10,CDRE,36.76,⚠️ 谨慎评估,28.77,93.75,35.35,16.61,50.0,50.0,0.0,8.32,False
2026-09-10,CERT,21.18,🚫 风险较高,7.42,66.45,2.5,28.24,50.0,50.0,0.0,11.97,False
2026-09-10,CEVA,26.95,🚫 风险较高,27.96,64.47,27.85,42.55,50.0,50.0,0.0,14.29,False
2026-09-10,CHKP,33.54,🚫 风险较高,130.5,45.0,13.15,77.35,50.0,50.0,0.0,5.35,False
2026-09-10,CLS,43.76,⚠️ 谨慎评估,325.2,82.78,75.85,21.96,35.28,55.44,0.0,7.65,False
2026-09-10,CMI,29.46,🚫 风险较高,550.0,65.04,21.5,9.48,50.0,50.0,0.0,5.34,False
2026-09-10,CMPD,30.07,🚫 风险较高,6.8,52.94,3.5,0.0,50.0,50.0,82.08,4.6,False
2026-09-10,CNMD,32.16,🚫 风险较高,46.22,66.97,15.59,34.73,50.0,50.0,0.0,5.34,False
2026-09-10,COHR,40.56,⚠️ 谨慎评估,293.2,67.43,76.06,23.7,50.24,56.94,0.0,11.24,False
2026-09-10,COHU,35.29,⚠️ 谨慎评估,54.73,60.88,66.77,18.16,50.0,50.0,0.0,11.3,False
2026-09-10,CORZ,32.18,🚫 风险较高,17.37,79.74,100.0,31.25,50.0,50.0,0.0,17.73,False
2026-09-10,CPAY,53.54,👀 综合中性,408.5,98.49,38.12,75.88,50.0,50.0,0.0,2.07,False
2026-09-10,CR,38.36,⚠️ 谨慎评估,197.5,70.39,38.09,25.74,50.0,50.0,0.0,4.1,False
2026-09-10,CRCT,38.16,⚠️ 谨慎评估,5.46,78.51,31.04,32.2,50.0,50.0,0.0,5.13,False
2026-09-10,CRDO,31.4,🚫 风险较高,160.3,68.24,98.99,50.09,50.0,50.0,0.0,19.04,False
2026-09-10,CRL,30.58,🚫 风险较高,273.0,99.53,0.0,24.7,50.0,50.0,0.0,8.03,False
2026-09-10,CRM,51.89,👀 综合中性,243.0,96.11,55.31,71.04,50.0,48.85,0.0,6.7,False
2026-09-10,CRSR,21.26,🚫 风险较高,12.57,90.3,4.92,5.55,50.0,50.0,0.0,13.86,False
2026-09-10,CRUS,44.97,⚠️ 谨慎评估,116.5,96.88,33.6,56.03,50.0,51.15,0.0,6.33,False
2026-09-10,CRWD,45.02,⚠️ 谨慎评估,208.9,35.77,81.63,67.3,50.0,63.66,0.0,9.0,False
2026-09-10,CRWV,40.66,⚠️ 谨慎评估,89.12,82.63,100.0,20.92,50.0,50.0,0.0,19.0,False
2026-09-10,CSCO,43.95,⚠️ 谨慎评估,107.4,69.41,36.63,59.85,50.0,47.35,0.0,2.8,False
2026-09-10,CSTL,41.02,⚠️ 谨慎评估,32.32,83.33,50.25,36.11,50.0,50.0,0.0,8.62,False
2026-09-10,CSW,43.25,⚠️ 谨慎评估,291.7,80.28,49.76,13.43,50.0,50.0,0.0,2.26,False
2026-09-10,CTEV,36.38,⚠️ 谨慎评估,36.74,92.15,16.5,46.43,50.0,50.0,0.0,8.14,False
2026-09-10,CUAI,32.28,🚫 风险较高,6.15,36.75,100.0,46.35,50.0,50.0,87.36,20.0,False
2026-09-10,CW,33.21,🚫 风险较高,559.7,60.67,25.86,18.79,50.0,50.0,0.0,3.21,False
2026-09-10,CXT,42.22,⚠️ 谨慎评估,50.37,99.95,45.72,22.34,50.0,50.0,0.0,7.55,False
2026-09-10,DBX,33.95,🚫 风险较高,35.05,45.5,8.24,73.32,50.0,50.0,0.0,3.21,False
2026-09-10,DCI,35.85,⚠️ 谨慎评估,88.18,81.1,23.47,13.78,50.0,50.0,0.0,3.3,False
2026-09-10,DCO,38.91,⚠️ 谨慎评估,167.1,77.25,41.47,9.0,50.0,50.0,0.0,3.26,False
2026-09-10,DCTH,41.89,⚠️ 谨慎评估,15.8,70.42,29.92,59.27,50.0,50.0,0.0,3.56,False
2026-09-10,DDOG,52.7,👀 综合中性,221.7,55.71,90.15,68.4,61.43,63.53,0.0,9.88,False
2026-09-10,DELL,36.83,⚠️ 谨慎评估,506.6,94.26,72.43,14.18,50.0,54.94,0.0,5.48,True
2026-09-10,DGX,46.62,⚠️ 谨慎评估,231.1,97.81,33.1,26.77,50.0,50.0,0.0,0.23,False
2026-09-10,DHR,46.55,⚠️ 谨慎评估,200.5,90.27,49.53,30.77,50.0,50.0,0.0,3.5,False
2026-09-10,DIOD,25.86,🚫 风险较高,91.66,68.09,31.25,11.27,50.0,50.0,0.0,12.26,False
2026-09-10,DLO,58.53,👀 综合中性,14.92,100.0,83.65,41.38,50.0,50.0,0.0,3.59,False
2026-09-10,DOCN,30.48,🚫 风险较高,131.1,68.22,41.71,12.62,50.0,50.0,0.0,10.48,False
2026-09-10,DOCS,38.28,⚠️ 谨慎评估,24.71,96.72,10.65,80.42,50.0,50.0,0.0,10.79,False
2026-09-10,DOCU,49.58,⚠️ 谨慎评估,65.8,96.52,43.17,67.21,50.0,46.85,0.0,5.28,False
2026-09-10,DOV,35.71,⚠️ 谨慎评估,187.4,83.38,22.52,14.77,50.0,50.0,0.0,3.81,False
2026-09-10,DOX,36.09,⚠️ 谨慎评估,60.26,96.24,3.94,36.43,50.0,50.0,0.0,4.61,False
2026-09-10,DPC,36.71,⚠️ 谨慎评估,42.42,75.21,59.54,0.0,50.0,50.0,0.0,8.22,False
2026-09-10,DRIO,18.82,🚫 风险较高,6.58,66.67,0.0,2.36,50.0,50.0,0.0,9.87,False
2026-09-10,DRS,41.91,⚠️ 谨慎评估,36.31,84.5,41.33,16.0,50.0,50.0,0.0,2.72,False
2026-09-10,DT,50.61,👀 综合中性,51.42,93.65,45.03,73.7,52.47,55.44,0.0,6.47,False
2026-09-10,DUOL,44.83,⚠️ 谨慎评估,145.2,97.67,35.09,66.09,50.0,47.73,0.0,8.16,False
2026-09-10,DXCM,40.28,⚠️ 谨慎评估,84.51,77.91,38.33,49.5,50.0,50.0,0.0,7.31,False
2026-09-10,EAF,13.69,🚫 风险较高,6.16,66.67,2.46,0.0,50.0,50.0,0.0,15.26,False
2026-09-10,EMR,38.41,⚠️ 谨慎评估,148.4,81.37,25.7,39.38,50.0,50.0,0.0,5.2,False
2026-09-10,ENOV,28.2,🚫 风险较高,18.41,72.57,12.62,35.35,50.0,50.0,0.0,9.77,False
2026-09-10,ENR,29.58,🚫 风险较高,20.04,77.9,5.56,17.69,50.0,50.0,0.0,5.04,False
2026-09-10,ENS,44.26,⚠️ 谨慎评估,179.0,95.56,50.46,21.46,50.0,50.0,0.0,5.69,False
2026-09-10,ENTG,36.2,⚠️ 谨慎评估,137.4,73.05,47.83,23.68,50.0,50.0,0.0,8.92,False
2026-09-10,EPAC,43.85,⚠️ 谨慎评估,35.4,91.25,31.11,36.05,50.0,50.0,0.0,2.58,False
2026-09-10,ESP,41.44,⚠️ 谨慎评估,63.0,85.45,41.04,13.0,50.0,50.0,0.0,2.86,False
2026-09-10,ESTA,42.38,⚠️ 谨慎评估,71.39,63.37,56.46,37.5,50.0,50.0,0.0,5.03,False
2026-09-10,ESTC,49.99,⚠️ 谨慎评估,83.48,66.3,71.0,72.42,50.87,62.03,0.0,8.26,False
2026-09-10,ETN,31.34,🚫 风险较高,409.1,60.68,25.12,12.55,50.0,50.0,0.0,3.96,False
2026-09-10,EW,40.42,⚠️ 谨慎评估,86.77,65.13,16.69,60.55,50.0,50.0,0.0,0.86,False
2026-09-10,EXLS,45.37,⚠️ 谨慎评估,34.62,92.57,42.03,46.28,50.0,47.35,0.0,5.33,False
2026-09-10,FAC,27.5,🚫 风险较高,5.26,100.0,50.0,0.0,50.0,50.0,0.0,20.0,False
2026-09-10,FCEL,9.33,🚫 风险较高,15.59,81.82,0.0,0.0,50.0,50.0,0.0,18.93,False
2026-09-10,FCX,31.4,🚫 风险较高,71.21,85.23,16.7,11.66,50.0,50.0,0.0,6.57,False
2026-09-10,FELE,35.04,⚠️ 谨慎评估,97.14,79.71,20.77,11.74,50.0,50.0,0.0,2.86,False
2026-09-10,FFIV,45.82,⚠️ 谨慎评估,398.5,91.32,32.25,65.96,50.0,50.0,0.0,5.4,False
2026-09-10,FLGT,26.48,🚫 风险较高,20.12,82.35,11.0,0.0,50.0,50.0,0.0,7.74,False
2026-09-10,FLS,33.39,🚫 风险较高,72.83,91.31,18.4,12.68,50.0,50.0,0.0,6.37,False
2026-09-10,FLY,36.67,⚠️ 谨慎评估,20.9,83.33,100.0,0.0,50.0,50.0,0.0,20.0,False
2026-09-10,FN,43.91,⚠️ 谨慎评估,403.9,79.04,61.31,28.94,50.86,53.44,0.0,7.08,False
2026-09-10,FORM,40.78,⚠️ 谨慎评估,112.1,64.27,74.78,20.99,50.0,50.0,0.0,8.92,False
2026-09-10,FOUR,39.55,⚠️ 谨慎评估,43.03,100.0,49.73,24.99,50.0,50.0,0.0,11.63,False
2026-09-10,FPS,36.86,⚠️ 谨慎评估,29.2,73.7,100.0,0.0,50.0,50.0,0.0,17.88,False
2026-09-10,FRNM,56.38,👀 综合中性,14.79,94.15,100.0,3.3,50.0,50.0,0.0,2.95,False
2026-09-10,FTAI,30.69,🚫 风险较高,180.1,76.72,41.19,0.8,50.0,50.0,0.0,10.07,False
2026-09-10,FTNT,55.08,👀 综合中性,158.8,80.32,71.25,73.48,50.0,43.56,0.0,4.17,False
2026-09-10,GD,39.39,⚠️ 谨慎评估,354.2,84.28,23.35,15.83,50.0,50.0,0.0,0.68,False
2026-09-10,GDDY,43.0,⚠️ 谨慎评估,96.37,97.39,35.56,43.92,50.0,50.0,0.0,6.96,False
2026-09-10,GE,35.46,⚠️ 谨慎评估,324.1,55.08,38.93,29.16,50.0,54.94,0.0,5.16,False
2026-09-10,GEHC,38.44,⚠️ 谨慎评估,64.24,95.49,22.47,15.0,50.0,50.0,0.0,3.53,False
2026-09-10,GEN,49.64,⚠️ 谨慎评估,29.96,94.18,50.85,70.06,50.0,50.0,0.0,7.42,False
2026-09-10,GEV,40.17,⚠️ 谨慎评估,923.9,48.79,65.36,46.04,50.0,57.48,0.0,8.58,False
2026-09-10,GFS,22.62,🚫 风险较高,45.96,84.1,9.69,11.39,50.0,50.0,0.0,13.33,False
2026-09-10,GGG,36.82,⚠️ 谨慎评估,75.97,64.63,19.43,44.85,50.0,50.0,0.0,2.69,False
2026-09-10,GH,49.86,⚠️ 谨慎评估,159.0,79.31,100.0,20.99,50.0,50.0,0.0,9.15,False
2026-09-10,GHM,26.93,🚫 风险较高,85.49,47.67,30.15,0.71,50.0,50.0,0.0,5.25,False
2026-09-10,GKOS,51.8,👀 综合中性,170.4,62.91,83.85,40.12,50.0,50.0,0.0,2.76,False
2026-09-10,GMED,40.63,⚠️ 谨慎评估,73.56,87.05,9.78,59.2,50.0,50.0,0.0,3.1,False
2026-09-10,GNRC,34.25,🚫 风险较高,181.7,87.61,52.89,6.78,50.0,50.0,0.0,12.51,False
2026-09-10,GOOGL,51.82,👀 综合中性,332.6,64.7,51.47,88.27,50.0,70.89,0.0,4.32,False
2026-09-10,GRAL,19.71,🚫 风险较高,77.56,76.11,64.25,0.0,50.0,50.0,0.0,20.0,False
2026-09-10,GRC,33.2,🚫 风险较高,73.23,76.84,22.74,13.86,50.0,50.0,0.0,4.93,False
2026-09-10,GRMN,42.13,⚠️ 谨慎评估,272.2,71.73,32.53,55.38,50.0,51.15,0.0,3.77,False
2026-09-10,GSIT,9.26,🚫 风险较高,5.31,33.33,8.46,16.66,50.0,50.0,0.0,17.02,False
2026-09-10,GTES,44.19,⚠️ 谨慎评估,25.63,95.96,52.08,17.54,50.0,50.0,0.0,5.65,False
2026-09-10,GTLB,54.13,👀 综合中性,47.3,76.68,81.78,72.28,50.0,70.01,0.0,9.49,False
2026-09-10,GTLS,28.52,🚫 风险较高,209.9,79.25,0.0,8.22,50.0,50.0,50.0,8.56,False
2026-09-10,HAE,35.39,⚠️ 谨慎评估,101.1,62.12,17.46,54.1,50.0,50.0,0.0,4.51,False
2026-09-10,HAWK,40.39,⚠️ 谨慎评估,16.42,46.15,100.0,54.55,50.0,50.0,0.0,17.02,False
2026-09-10,HAYW,35.32,⚠️ 谨慎评估,12.88,76.88,18.82,30.46,50.0,50.0,0.0,4.33,False
2026-09-10,HII,37.65,⚠️ 谨慎评估,281.7,88.43,33.89,7.16,50.0,50.0,0.0,4.58,False
2026-09-10,HLIO,43.41,⚠️ 谨慎评估,68.06,92.26,52.27,15.82,50.0,50.0,0.0,5.48,False
2026-09-10,HNGE,53.53,👀 综合中性,88.26,91.06,100.0,70.16,50.0,50.0,0.0,15.21,False
2026-09-10,HON,43.76,⚠️ 谨慎评估,202.2,90.25,40.5,28.21,50.0,45.06,0.0,3.15,False
2026-09-10,HONA,20.85,🚫 风险较高,153.8,80.86,9.33,5.88,50.0,50.0,0.0,13.54,False
2026-09-10,HPE,46.5,⚠️ 谨慎评估,55.22,96.32,57.17,25.54,50.0,45.06,0.0,5.39,False
2026-09-10,HPQ,30.19,🚫 风险较高,32.73,76.25,18.73,13.84,50.0,50.0,0.0,6.82,False
2026-09-10,HQY,46.67,⚠️ 谨慎评估,94.55,93.25,29.16,58.78,50.0,50.0,0.0,3.09,False
2026-09-10,HSTM,47.55,⚠️ 谨慎评估,28.88,96.25,43.44,38.31,50.0,50.0,0.0,3.31,False
2026-09-10,HTFL,46.04,⚠️ 谨慎评估,45.49,79.92,100.0,36.75,50.0,50.0,0.0,15.46,False
2026-09-10,HUBB,40.16,⚠️ 谨慎评估,452.4,71.42,24.85,12.56,50.0,50.0,49.43,2.16,False
2026-09-10,HUBS,53.76,👀 综合中性,223.6,93.59,73.91,66.1,50.0,56.94,0.0,9.04,False
2026-09-10,HWM,36.12,⚠️ 谨慎评估,227.9,61.49,44.52,14.41,50.0,50.0,0.0,4.47,False
2026-09-10,HXL,43.59,⚠️ 谨慎评估,89.82,80.34,53.33,15.12,50.0,50.0,0.0,3.08,False
2026-09-10,IART,27.66,🚫 风险较高,15.54,71.55,8.92,29.12,50.0,50.0,0.0,8.25,False
2026-09-10,IBM,26.01,🚫 风险较高,234.0,71.19,16.52,37.83,50.0,45.06,0.0,3.87,True
2026-09-10,ICHR,25.44,🚫 风险较高,55.77,68.15,42.62,1.04,50.0,50.0,0.0,14.0,False
2026-09-10,ICLR,26.02,🚫 风险较高,165.7,86.2,1.75,25.31,50.0,50.0,0.0,10.45,False
2026-09-10,IDXGD,43.3,⚠️ 谨慎评估,6.57,100.0,0.0,37.82,50.0,50.0,68.64,4.24,False
2026-09-10,IDXX,36.49,⚠️ 谨慎评估,506.5,84.54,33.73,33.31,50.0,50.0,0.0,8.85,False
2026-09-10,IE,21.01,🚫 风险较高,10.35,66.67,0.0,23.4,50.0,50.0,0.0,10.83,False
2026-09-10,IEX,35.34,⚠️ 谨慎评估,221.5,66.05,20.96,25.53,50.0,50.0,0.0,1.94,False
2026-09-10,ILMN,35.01,⚠️ 谨慎评估,201.3,82.37,19.23,39.88,50.0,50.0,0.0,7.25,False
2026-09-10,INFQ,42.45,⚠️ 谨慎评估,12.96,96.06,100.0,9.72,50.0,50.0,0.0,18.22,False
2026-09-10,INIO,30.67,🚫 风险较高,19.6,71.81,72.62,1.41,50.0,50.0,0.0,17.06,False
2026-09-10,INMD,35.43,⚠️ 谨慎评估,14.77,96.07,4.49,65.94,50.0,50.0,0.0,9.8,False
2026-09-10,INSP,25.93,🚫 风险较高,68.12,53.04,0.0,52.14,50.0,50.0,0.0,7.5,False
2026-09-10,INTC,14.67,🚫 风险较高,100.3,56.8,11.01,23.62,50.0,26.09,0.0,10.71,False
2026-09-10,INTT,35.71,⚠️ 谨慎评估,11.22,90.01,46.92,9.59,50.0,50.0,0.0,10.46,False
2026-09-10,IONQ,27.24,🚫 风险较高,36.84,81.63,100.0,0.0,50.0,50.0,0.0,20.0,False
2026-09-10,IOT,43.57,⚠️ 谨慎评估,38.44,60.4,74.75,48.4,50.0,50.0,0.0,9.46,False
2026-09-10,IPGP,24.07,🚫 风险较高,78.33,63.29,14.45,4.97,50.0,50.0,0.0,7.95,False
2026-09-10,IQV,37.69,⚠️ 谨慎评估,257.3,97.92,22.79,27.49,50.0,50.0,0.0,6.72,False
2026-09-10,IR,35.01,⚠️ 谨慎评估,73.09,86.22,20.77,21.41,50.0,50.0,0.0,5.64,False
2026-09-10,IRMD,28.17,🚫 风险较高,81.87,22.32,8.47,59.42,50.0,50.0,0.0,2.32,False
2026-09-10,IRTC,31.17,🚫 风险较高,112.9,42.83,38.62,47.83,50.0,50.0,0.0,9.23,False
2026-09-10,ISRG,40.29,⚠️ 谨慎评估,360.5,63.79,40.67,66.71,50.0,53.44,0.0,7.99,False
2026-09-10,ITGR,23.8,🚫 风险较高,126.0,56.57,2.15,11.67,50.0,50.0,0.0,4.8,False
2026-09-10,ITT,38.99,⚠️ 谨慎评估,196.2,73.21,50.71,7.88,50.0,50.0,0.0,4.51,False
2026-09-10,ITW,34.4,🚫 风险较高,265.2,65.69,20.41,24.81,50.0,50.0,0.0,2.56,False
2026-09-10,JBL,39.12,⚠️ 谨慎评估,302.8,90.9,31.9,19.14,50.0,46.85,0.0,4.59,False
2026-09-10,JBTM,44.4,⚠️ 谨慎评估,112.4,95.66,50.55,12.31,50.0,50.0,0.0,4.22,False
2026-09-10,KAI,40.12,⚠️ 谨慎评估,286.2,85.4,40.01,18.35,50.0,50.0,0.0,4.71,False
2026-09-10,KE,35.14,⚠️ 谨慎评估,24.86,98.96,20.03,10.12,50.0,50.0,0.0,6.18,False
2026-09-10,KIDS,41.07,⚠️ 谨慎评估,21.56,82.3,31.38,38.81,50.0,50.0,0.0,4.06,False
2026-09-10,KLAC,32.11,🚫 风险较高,177.2,23.15,30.35,79.42,50.0,48.03,0.0,6.82,False
2026-09-10,KLIC,46.65,⚠️ 谨慎评估,82.97,70.71,100.0,22.07,50.0,50.0,0.0,10.8,False
2026-09-10,KRMN,33.23,🚫 风险较高,34.39,66.21,98.38,2.64,50.0,50.0,0.0,20.0,False
2026-09-10,KTOS,21.65,🚫 风险较高,46.98,30.56,41.37,0.0,50.0,50.0,0.0,9.8,False
2026-09-10,LASR,20.84,🚫 风险较高,39.29,66.34,59.69,14.34,50.0,50.0,0.0,17.56,False
2026-09-10,LH,45.5,⚠️ 谨慎评估,307.0,97.95,33.56,24.53,50.0,50.0,0.0,1.16,False
2026-09-10,LHX,44.79,⚠️ 谨慎评估,248.4,82.21,63.16,6.73,50.0,50.0,0.0,3.45,False
2026-09-10,LITE,36.08,⚠️ 谨慎评估,935.7,39.39,74.11,27.55,43.24,54.94,0.0,8.6,False
2026-09-10,LIVN,50.64,👀 综合中性,78.18,85.19,55.85,43.22,50.0,50.0,0.0,1.84,False
2026-09-10,LMRI,16.14,🚫 风险较高,11.19,84.07,15.54,2.95,50.0,50.0,0.0,20.0,False
2026-09-10,LMT,47.64,⚠️ 谨慎评估,530.1,94.24,55.58,16.2,50.0,50.0,0.0,2.53,False
2026-09-10,LOAR,37.09,⚠️ 谨慎评估,64.76,41.79,48.6,34.98,50.0,50.0,0.0,3.66,False
2026-09-10,LRCX,35.85,⚠️ 谨慎评估,298.0,52.53,45.42,46.46,50.0,49.13,0.0,7.89,False
2026-09-10,LSCC,50.42,👀 综合中性,114.1,55.85,100.0,61.08,50.0,50.0,0.0,9.91,False
2026-09-10,LTBR,10.04,🚫 风险较高,7.34,0.0,50.0,0.0,50.0,50.0,0.0,17.46,False
2026-09-10,LUNR,42.24,⚠️ 谨慎评估,14.62,82.8,100.0,19.43,50.0,51.94,0.0,17.43,False
2026-09-10,LYNX,42.75,⚠️ 谨慎评估,12.39,80.54,60.92,1.01,50.0,50.0,0.0,3.74,False
2026-09-10,MBGL,39.82,⚠️ 谨慎评估,20.19,95.02,10.51,40.98,50.0,50.0,0.0,2.96,False
2026-09-10,MBLY,31.65,🚫 风险较高,8.21,97.77,14.13,50.66,41.11,26.59,0.0,9.92,False
2026-09-10,MCHP,36.75,⚠️ 谨慎评估,71.58,74.31,31.97,55.9,50.0,28.87,0.0,7.38,False
2026-09-10,MDB,48.1,⚠️ 谨慎评估,373.9,66.81,85.97,52.59,46.87,60.75,0.0,10.09,False
2026-09-10,MDT,48.48,⚠️ 谨慎评估,91.62,94.64,37.86,52.8,50.0,50.0,0.0,2.83,False
2026-09-10,MEDP,48.5,⚠️ 谨慎评估,583.2,95.32,54.82,48.6,50.0,50.0,0.0,6.56,False
2026-09-10,META,53.23,👀 综合中性,644.4,76.55,58.81,83.4,50.0,63.03,0.0,5.6,False
2026-09-10,MFP,20.67,🚫 风险较高,41.57,91.51,28.0,2.46,50.0,50.0,0.0,20.0,False
2026-09-10,MFPVV,41.72,⚠️ 谨慎评估,35.05,93.88,50.0,2.95,50.0,50.0,50.0,10.0,False
2026-09-10,MIDD,33.73,🚫 风险较高,105.7,89.65,13.37,25.46,50.0,50.0,0.0,6.36,False
2026-09-10,MIR,33.27,🚫 风险较高,15.84,78.25,29.11,23.0,50.0,50.0,0.0,8.11,False
2026-09-10,MPWR,43.15,⚠️ 谨慎评估,1186.0,56.71,83.94,33.13,50.0,50.0,0.0,9.15,False
2026-09-10,MRAM,34.27,🚫 风险较高,15.93,73.42,72.15,15.35,50.0,50.0,0.0,15.75,False
2026-09-10,MRCY,20.86,🚫 风险较高,80.43,34.41,9.96,11.47,50.0,50.0,0.0,5.23,False
2026-09-10,MRVL,36.23,⚠️ 谨慎评估,227.0,55.43,78.25,56.35,77.61,45.48,0.0,10.86,False
2026-09-10,MSFT,48.12,⚠️ 谨慎评估,492.4,84.9,54.5,49.53,50.0,53.44,0.0,5.26,False
2026-09-10,MTD,36.57,⚠️ 谨慎评估,1281.0,84.18,26.51,29.87,50.0,50.0,0.0,6.37,False
2026-09-10,MTSI,38.4,⚠️ 谨慎评估,272.4,55.64,78.28,30.01,50.0,50.0,0.0,11.8,False
2026-09-10,MU,42.7,⚠️ 谨慎评估,977.4,71.69,95.56,65.82,47.87,87.14,0.0,9.46,False
2026-09-10,MWA,38.17,⚠️ 谨慎评估,23.69,89.14,25.63,14.94,50.0,50.0,0.0,3.31,False
2026-09-10,MXL,29.2,🚫 风险较高,69.34,81.97,92.62,24.48,50.0,50.0,0.0,19.29,False
2026-09-10,NDRA,33.35,🚫 风险较高,5.785,66.67,50.0,0.0,50.0,50.0,0.0,7.48,False
2026-09-10,NDSN,42.15,⚠️ 谨慎评估,307.4,76.35,28.66,44.03,50.0,50.0,0.0,1.89,False
2026-09-10,NEO,26.13,🚫 风险较高,17.61,71.13,28.0,14.75,50.0,50.0,0.0,12.31,False
2026-09-10,NEOG,22.39,🚫 风险较高,11.77,63.43,7.54,16.98,50.0,50.0,0.0,9.73,False
2026-09-10,NET,48.61,⚠️ 谨慎评估,311.2,55.14,93.56,56.31,50.0,61.53,0.0,10.41,False
2026-09-10,NFLX,46.65,⚠️ 谨慎评估,76.01,92.76,51.16,51.64,50.0,56.94,0.0,8.13,False
2026-09-10,NNE,15.63,🚫 风险较高,17.36,66.67,50.0,0.0,50.0,50.0,0.0,20.0,False
2026-09-10,NOC,29.98,🚫 风险较高,519.0,65.04,13.99,14.97,50.0,50.0,0.0,3.77,False
2026-09-10,NOW,51.84,👀 综合中性,131.2,91.68,49.57,71.07,61.8,58.23,0.0,7.73,False
2026-09-10,NPK,41.01,⚠️ 谨慎评估,148.0,52.51,65.63,7.33,50.0,50.0,0.0,2.0,False
2026-09-10,NPO,27.08,🚫 风险较高,293.9,53.51,27.78,15.17,50.0,50.0,0.0,7.84,False
2026-09-10,NRC,35.3,⚠️ 谨慎评估,21.26,90.92,10.0,33.92,50.0,50.0,0.0,5.47,False
2026-09-10,NTAP,56.05,👀 综合中性,183.6,99.92,85.27,44.12,50.0,50.0,0.0,6.87,False
2026-09-10,NTNX,54.89,👀 综合中性,65.42,93.23,69.77,72.58,50.0,54.94,0.0,7.58,False
2026-09-10,NTRA,49.73,⚠️ 谨慎评估,326.1,78.95,94.25,23.36,50.0,50.0,0.0,8.13,False
2026-09-10,NTSK,36.15,⚠️ 谨慎评估,15.1,79.91,73.0,46.13,50.0,50.0,0.0,20.0,False
2026-09-10,NVCR,41.19,⚠️ 谨慎评估,15.35,85.27,31.69,40.9,50.0,50.0,0.0,4.92,False
2026-09-10,NVDA,66.77,✅ 综合良好,218.4,75.71,95.7,89.86,95.37,54.63,0.0,10.31,False
2026-09-10,NVEC,56.41,👀 综合中性,97.62,75.15,92.57,64.54,50.0,50.0,0.0,6.44,False
2026-09-10,NVMI,22.27,🚫 风险较高,366.0,38.29,26.71,33.94,50.0,50.0,0.0,12.16,False
2026-09-10,NVT,49.12,⚠️ 谨慎评估,155.2,80.61,92.84,9.87,50.0,50.0,0.0,6.69,False
2026-09-10,NVTS,6.25,🚫 风险较高,11.15,66.67,0.0,0.0,50.0,50.0,0.0,20.0,False
2026-09-10,NXPI,45.53,⚠️ 谨慎评估,226.5,92.08,44.26,55.35,50.0,45.06,0.0,6.76,False
2026-09-10,OESX,34.44,🚫 风险较高,28.39,64.94,56.15,0.0,50.0,50.0,0.0,7.59,False
2026-09-10,OKTA,50.94,👀 综合中性,171.1,80.03,62.73,67.1,50.0,54.94,0.0,6.31,False
2026-09-10,OMCL,46.35,⚠️ 谨慎评估,32.25,100.0,52.6,23.47,50.0,50.0,0.0,5.32,False
2026-09-10,OMDA,36.29,⚠️ 谨慎评估,21.5,58.03,100.0,28.94,50.0,50.0,0.0,19.66,False
2026-09-10,ON,31.84,🚫 风险较高,70.17,91.95,32.4,31.31,50.0,50.0,0.0,14.35,False
2026-09-10,ONTO,41.78,⚠️ 谨慎评估,268.9,59.33,61.4,54.37,50.0,57.73,0.0,9.36,False
2026-09-10,OPRX,32.53,🚫 风险较高,7.18,96.37,0.0,52.66,50.0,50.0,0.0,9.64,False
2026-09-10,ORCL,29.96,🚫 风险较高,152.9,84.96,51.69,23.8,50.0,53.44,0.0,8.88,True
2026-09-10,OSS,45.52,⚠️ 谨慎评估,8.91,53.17,100.0,41.19,50.0,50.0,0.0,11.29,False
2026-09-10,OTIS,38.1,⚠️ 谨慎评估,67.89,89.36,22.5,16.52,50.0,50.0,0.0,2.87,False
2026-09-10,P,33.97,🚫 风险较高,94.1,55.74,40.17,48.53,50.0,50.0,0.0,9.5,False
2026-09-10,PANW,52.29,👀 综合中性,338.5,47.49,83.76,73.94,50.0,65.7,0.0,5.81,False
2026-09-10,PATH,56.64,👀 综合中性,13.87,95.69,64.31,71.23,56.2,75.84,0.0,8.08,False
2026-09-10,PAY,49.25,⚠️ 谨慎评估,36.28,97.03,83.67,21.13,50.0,50.0,0.0,9.24,False
2026-09-10,PEN,30.73,🚫 风险较高,317.8,26.27,17.86,48.46,50.0,50.0,0.0,1.26,False
2026-09-10,PH,34.72,🚫 风险较高,934.3,71.28,26.93,16.76,50.0,50.0,0.0,3.78,False
2026-09-10,PHR,46.66,⚠️ 谨慎评估,10.17,100.0,56.83,36.07,50.0,50.0,0.0,7.96,False
2026-09-10,PI,13.46,🚫 风险较高,171.8,20.79,21.03,31.82,50.0,50.0,0.0,15.73,False
2026-09-10,PINC,56.01,👀 综合中性,,75.23,50.0,50.0,50.0,50.0,59.62,0.0,False
2026-09-10,PL,43.57,⚠️ 谨慎评估,16.69,81.9,97.08,33.61,50.0,50.0,0.0,17.12,False
2026-09-10,PLAB,30.89,🚫 风险较高,28.38,87.64,22.74,18.53,50.0,50.0,0.0,10.1,False
2026-09-10,PLPC,42.1,⚠️ 谨慎评估,404.0,76.55,60.41,5.13,50.0,50.0,0.0,4.08,False
2026-09-10,PLTR,62.45,👀 综合中性,165.9,52.79,100.0,97.93,85.2,94.48,0.0,14.29,False
2026-09-10,PNR,30.79,🚫 风险较高,56.73,94.22,3.09,23.52,50.0,50.0,0.0,7.35,False
2026-09-10,PODD,47.42,⚠️ 谨慎评估,134.7,88.99,67.24,49.06,50.0,50.0,0.0,9.55,False
2026-09-10,POET,44.49,⚠️ 谨慎评估,7.6,33.33,100.0,37.5,50.0,50.0,0.0,7.8,False
2026-09-10,POWI,31.8,🚫 风险较高,49.69,49.19,48.58,34.23,50.0,50.0,0.0,10.32,False
2026-09-10,POWL,25.69,🚫 风险较高,176.9,53.53,22.06,18.99,50.0,50.0,0.0,8.38,False
2026-09-10,PRCT,37.25,⚠️ 谨慎评估,20.07,82.22,37.38,29.2,50.0,50.0,0.0,7.92,False
2026-09-10,PRPO,41.82,⚠️ 谨慎评估,26.91,85.02,60.5,15.1,50.0,50.0,0.0,7.57,False
2026-09-10,PRVA,52.54,👀 综合中性,20.37,97.34,72.88,20.06,50.0,50.0,0.0,3.16,False
2026-09-10,PSNL,23.01,🚫 风险较高,16.33,74.37,75.0,0.0,50.0,50.0,0.0,17.94,False
2026-09-10,PSQL,18.16,🚫 风险较高,7.79,50.0,50.0,0.0,50.0,50.0,0.0,19.34,False
2026-09-10,PTC,45.29,⚠️ 谨慎评估,128.7,96.46,24.21,77.88,50.0,47.35,0.0,6.47,False
2026-09-10,PXLW,31.39,🚫 风险较高,6.88,71.06,0.0,100.0,50.0,50.0,0.0,12.82,False
2026-09-10,Q,30.42,🚫 风险较高,123.3,76.1,24.32,25.33,50.0,50.0,0.0,9.68,False
2026-09-10,QBTS,17.21,🚫 风险较高,16.66,66.67,6.77,30.23,50.0,50.0,0.0,17.35,False
2026-09-10,QCOM,30.61,🚫 风险较高,176.9,88.39,14.21,56.47,14.09,53.44,0.0,7.25,False
2026-09-10,QDEL,29.29,🚫 风险较高,12.15,81.91,12.0,16.06,50.0,50.0,0.0,7.5,False
2026-09-10,QGEN,33.63,🚫 风险较高,42.13,65.66,14.97,43.11,50.0,50.0,0.0,4.71,False
2026-09-10,QLYS,48.41,⚠️ 谨慎评估,161.6,94.26,34.84,79.46,50.0,50.0,0.0,6.07,False
2026-09-10,QMCO,15.35,🚫 风险较高,23.03,63.72,47.23,6.11,50.0,50.0,0.0,20.0,False
2026-09-10,QRVO,42.0,⚠️ 谨慎评估,112.4,97.03,42.38,25.84,50.0,50.0,0.0,6.88,False
2026-09-10,QUBT,27.5,🚫 风险较高,7.82,83.33,100.0,0.0,50.0,50.0,0.0,20.0,False
2026-09-10,QUIK,41.7,⚠️ 谨慎评估,10.73,66.79,82.62,16.45,50.0,50.0,0.0,9.78,False
2026-09-10,RBCN,22.68,🚫 风险较高,6.25,61.52,41.67,3.41,50.0,50.0,70.72,15.06,False
2026-09-10,RBRK,54.69,👀 综合中性,88.91,78.99,94.75,65.11,50.0,50.0,0.0,9.56,False
2026-09-10,RCAT,45.09,⚠️ 谨慎评估,8.08,83.33,100.0,0.0,50.0,50.0,0.0,11.58,False
2026-09-10,RDNT,35.33,⚠️ 谨慎评估,74.28,84.34,36.46,20.52,50.0,50.0,0.0,8.73,False
2026-09-10,RDW,27.5,🚫 风险较高,10.87,83.33,100.0,0.0,50.0,50.0,0.0,20.0,False
2026-09-10,RELY,53.53,👀 综合中性,21.93,99.99,71.12,29.55,50.0,50.0,0.0,3.68,False
2026-09-10,RFIL,27.99,🚫 风险较高,10.19,85.24,22.15,3.66,50.0,50.0,0.0,10.14,False
2026-09-10,RGTI,37.52,⚠️ 谨慎评估,15.16,46.15,100.0,31.25,50.0,50.0,0.0,16.4,False
2026-09-10,RKLB,23.42,🚫 风险较高,61.96,56.13,100.0,0.0,50.0,50.0,0.0,20.0,False
2026-09-10,RMBS,32.91,🚫 风险较高,85.35,67.33,34.98,65.36,50.0,50.0,0.0,14.1,False
2026-09-10,ROK,35.91,⚠️ 谨慎评估,421.4,72.35,30.31,37.63,50.0,40.75,0.0,5.86,False
2026-09-10,RRX,37.7,⚠️ 谨慎评估,156.5,91.67,31.56,12.33,50.0,50.0,0.0,5.37,False
2026-09-10,RTX,41.25,⚠️ 谨慎评估,198.1,82.58,34.41,16.87,50.0,50.0,0.0,1.4,False
2026-09-10,RVTY,26.84,🚫 风险较高,120.9,44.89,12.94,31.8,50.0,50.0,0.0,5.14,False
2026-09-10,RXRX,33.54,🚫 风险较高,3.16,74.57,36.36,16.07,92.5,32.45,0.0,14.62,False
2026-09-10,S,49.23,⚠️ 谨慎评估,19.81,91.33,52.0,47.58,50.0,50.0,0.0,4.17,False
2026-09-10,SAIL,29.27,🚫 风险较高,17.64,63.58,54.0,41.99,50.0,50.0,0.0,18.24,False
2026-09-10,SARO,36.28,⚠️ 谨慎评估,23.65,94.31,31.18,10.36,50.0,50.0,0.0,6.93,False
2026-09-10,SCCO,54.04,👀 综合中性,194.1,84.06,72.73,64.34,50.0,50.0,0.0,5.61,False
2026-09-10,SCIA,66.52,✅ 综合良好,9.0,97.48,100.0,10.26,50.0,50.0,98.32,4.35,False
2026-09-10,SDGR,35.51,⚠️ 谨慎评估,18.8,82.6,35.83,17.86,91.5,43.56,0.0,15.3,False
2026-09-10,SHC,41.33,⚠️ 谨慎评估,18.26,95.48,55.08,26.44,50.0,50.0,0.0,10.5,False
2026-09-10,SIBN,39.21,⚠️ 谨慎评估,18.3,80.87,31.08,37.5,50.0,50.0,0.0,5.36,False
2026-09-10,SITM,23.97,🚫 风险较高,602.3,29.66,100.0,28.9,50.0,50.0,0.0,18.31,False
2026-09-10,SKHY,58.69,👀 综合中性,188.3,95.77,100.0,99.46,50.0,50.0,0.0,15.38,False
2026-09-10,SKYT,48.45,⚠️ 谨慎评估,32.46,67.24,100.0,0.0,50.0,50.0,50.0,10.0,False
2026-09-10,SLAB,32.34,🚫 风险较高,219.2,48.9,35.85,25.76,50.0,50.0,0.0,5.27,False
2026-09-10,SLP,30.14,🚫 风险较高,18.42,71.24,18.75,36.24,50.0,50.0,0.0,9.23,False
2026-09-10,SMCI,48.0,⚠️ 谨慎评估,37.38,90.0,83.67,26.9,73.49,41.27,0.0,13.78,False
2026-09-10,SMR,7.31,🚫 风险较高,10.21,66.67,0.0,0.0,50.0,50.0,0.0,18.59,False
2026-09-10,SMTC,21.39,🚫 风险较高,159.1,54.33,58.0,27.9,50.0,50.0,0.0,16.03,False
2026-09-10,SNDK,49.93,⚠️ 谨慎评估,1693.0,88.92,100.0,71.67,50.0,50.0,0.0,18.6,False
2026-09-10,SNOW,43.99,⚠️ 谨慎评估,329.7,51.3,89.14,52.81,54.6,42.18,0.0,11.61,False
2026-09-10,SNPS,58.6,👀 综合中性,397.2,92.23,82.29,75.94,50.97,47.35,0.0,6.74,False
2026-09-10,SOPH,46.2,⚠️ 谨慎评估,7.61,81.74,68.0,10.37,50.0,50.0,0.0,3.7,False
2026-09-10,SOUN,38.56,⚠️ 谨慎评估,6.28,82.65,100.0,12.14,98.33,70.22,0.0,18.62,True
2026-09-10,SPCX,35.42,⚠️ 谨慎评估,148.2,38.44,100.0,21.59,50.0,50.0,0.0,15.51,False
2026-09-10,SPOK,37.57,⚠️ 谨慎评估,10.63,100.0,5.0,36.01,50.0,50.0,0.0,4.08,False
2026-09-10,SSYS,15.62,🚫 风险较高,7.57,54.32,7.23,5.82,50.0,50.0,0.0,12.92,False
2026-09-10,STE,37.58,⚠️ 谨慎评估,212.4,82.21,22.84,23.76,50.0,50.0,0.0,3.14,False
2026-09-10,STI,54.79,👀 综合中性,7.1,83.33,100.0,37.5,50.0,50.0,0.0,7.5,False
2026-09-10,STX,42.5,⚠️ 谨慎评估,862.3,71.4,89.68,23.57,50.0,50.0,0.0,12.74,False
2026-09-10,SWKS,19.09,🚫 风险较高,84.03,53.81,1.71,13.11,50.0,50.0,0.0,9.07,False
2026-09-10,SXI,36.1,⚠️ 谨慎评估,266.9,73.19,26.86,24.8,50.0,50.0,0.0,3.97,False
2026-09-10,SYK,46.73,⚠️ 谨慎评估,270.0,88.62,35.18,53.29,50.0,50.0,0.0,2.78,False
2026-09-10,SYM,21.17,🚫 风险较高,41.1,40.0,41.08,21.56,50.0,50.0,0.0,15.33,False
2026-09-10,SYNA,26.44,🚫 风险较高,93.47,78.2,21.38,18.92,50.0,50.0,0.0,12.38,False
2026-09-10,TACT,23.78,🚫 风险较高,5.29,60.73,9.38,15.52,50.0,50.0,0.0,8.04,False
2026-09-10,TALK,42.0,⚠️ 谨慎评估,5.25,72.92,34.0,18.05,50.0,50.0,50.0,3.79,False
2026-09-10,TBRG,40.55,⚠️ 谨慎评估,26.24,100.0,10.42,24.6,50.0,50.0,50.0,5.74,False
2026-09-10,TDG,41.57,⚠️ 谨慎评估,1127.0,67.58,35.41,44.96,50.0,50.0,0.0,2.54,False
2026-09-10,TDOC,22.59,🚫 风险较高,6.09,99.43,0.0,25.72,50.0,50.0,0.0,16.15,False
2026-09-10,TEAM,54.14,👀 综合中性,179.6,91.49,75.89,68.44,50.0,55.44,0.0,8.94,False
2026-09-10,TEM,29.93,🚫 风险较高,58.74,65.2,68.65,20.27,96.67,53.94,0.0,18.07,True
2026-09-10,TENB,40.61,⚠️ 谨慎评估,32.03,90.12,21.5,59.95,50.0,50.0,0.0,6.78,False
2026-09-10,TER,48.04,⚠️ 谨慎评估,370.2,68.46,100.0,34.26,50.0,50.0,0.0,10.79,False
2026-09-10,TMDX,23.74,🚫 风险较高,85.04,68.56,23.06,30.3,50.0,50.0,0.0,15.28,False
2026-09-10,TMO,41.19,⚠️ 谨慎评估,603.2,89.53,30.62,28.17,50.0,50.0,0.0,3.6,False
2026-09-10,TNC,28.43,🚫 风险较高,69.0,77.8,6.01,8.2,50.0,50.0,0.0,4.86,False
2026-09-10,TNDM,22.71,🚫 风险较高,18.31,64.02,16.62,20.01,50.0,50.0,0.0,12.25,False
2026-09-10,TOST,43.99,⚠️ 谨慎评估,31.94,98.06,75.35,18.61,50.0,50.0,0.0,12.25,False
2026-09-10,TRT,38.23,⚠️ 谨慎评估,10.03,66.95,100.0,1.17,50.0,50.0,0.0,15.34,False
2026-09-10,TSLA,17.83,🚫 风险较高,363.6,22.76,31.08,29.09,50.0,30.45,0.0,11.9,False
2026-09-10,TSM,54.8,👀 综合中性,428.0,73.08,69.7,79.67,50.0,58.27,0.0,5.02,False
2026-09-10,TTD,35.62,⚠️ 谨慎评估,13.97,96.2,4.38,61.98,50.0,50.0,0.0,9.01,False
2026-09-10,TWLO,48.28,⚠️ 谨慎评估,231.1,87.92,73.75,26.13,50.0,50.0,0.0,6.66,False
2026-09-10,TWST,31.72,🚫 风险较高,126.8,73.22,58.0,2.28,50.0,50.0,0.0,12.77,False
2026-09-10,TXG,23.7,🚫 风险较高,66.38,53.09,0.0,67.83,50.0,50.0,0.0,12.09,False
2026-09-10,TXN,38.97,⚠️ 谨慎评估,258.8,61.41,38.71,51.08,50.0,46.85,0.0,5.34,False
2026-09-10,TXT,33.8,🚫 风险较高,79.2,79.64,15.93,8.83,50.0,50.0,0.0,2.44,False
2026-09-10,TYL,43.74,⚠️ 谨慎评估,335.5,92.9,38.27,46.89,50.0,46.85,0.0,6.13,False
2026-09-10,U,35.11,⚠️ 谨慎评估,42.07,66.73,51.53,54.98,50.0,45.06,0.0,13.87,False
2026-09-10,UCTT,28.2,🚫 风险较高,71.13,82.54,45.08,0.0,50.0,50.0,0.0,14.58,False
2026-09-10,UFPT,34.55,🚫 风险较高,277.4,76.34,32.38,8.67,50.0,50.0,0.0,5.11,False
2026-09-10,ULBI,41.61,⚠️ 谨慎评估,5.65,91.62,44.99,6.6,50.0,50.0,0.0,3.95,False
2026-09-10,UMAC,28.33,🚫 风险较高,23.53,83.33,100.0,0.0,50.0,50.0,0.0,18.89,False
2026-09-10,VCYT,38.37,⚠️ 谨慎评估,42.03,96.22,38.75,47.29,50.0,50.0,0.0,12.66,False
2026-09-10,VECO,26.62,🚫 风险较高,43.9,71.05,23.25,10.96,50.0,50.0,0.0,10.05,False
2026-09-10,VEEV,50.07,👀 综合中性,261.0,93.1,56.66,64.31,50.0,50.0,0.0,7.36,False
2026-09-10,VELO,25.28,🚫 风险较高,10.44,83.33,88.15,0.0,50.0,50.0,0.0,20.0,False
2026-09-10,VOYG,18.46,🚫 风险较高,32.97,70.46,31.54,0.0,50.0,50.0,0.0,18.52,False
2026-09-10,VREX,26.18,🚫 风险较高,18.47,59.46,13.38,6.0,50.0,50.0,0.0,4.96,False
2026-09-10,VRNS,38.18,⚠️ 谨慎评估,45.5,56.51,45.75,53.93,50.0,50.0,0.0,7.65,False
2026-09-10,VRSN,43.7,⚠️ 谨慎评估,288.9,65.54,23.18,81.69,50.0,50.0,0.0,2.46,False
2026-09-10,VRT,42.14,⚠️ 谨慎评估,248.1,73.21,58.88,37.77,58.53,65.32,0.0,11.13,False
2026-09-10,VSEC,49.1,⚠️ 谨慎评估,192.6,76.23,100.0,0.8,50.0,50.0,0.0,6.27,False
2026-09-10,VSH,33.27,🚫 风险较高,31.29,85.26,61.05,0.0,50.0,50.0,0.0,14.04,False
2026-09-10,VVX,42.38,⚠️ 谨慎评估,72.56,97.84,31.69,11.04,50.0,50.0,0.0,1.77,False
2026-09-10,WAT,53.14,👀 综合中性,401.6,85.41,100.0,14.39,50.0,50.0,0.0,6.1,False
2026-09-10,WAY,47.32,⚠️ 谨慎评估,23.06,99.0,45.51,53.98,50.0,50.0,0.0,6.95,False
2026-09-10,WDAY,52.44,👀 综合中性,185.1,98.59,61.34,67.21,50.0,48.85,0.0,7.58,False
2026-09-10,WDC,41.45,⚠️ 谨慎评估,460.9,78.08,85.46,29.36,50.0,50.0,0.0,14.93,False
2026-09-10,WEAV,38.03,⚠️ 谨慎评估,7.3,97.29,38.75,37.98,50.0,50.0,0.0,11.81,False
2026-09-10,WEX,57.08,👀 综合中性,190.0,100.0,60.86,68.66,50.0,50.0,0.0,3.43,False
2026-09-10,WGS,22.03,🚫 风险较高,83.96,67.79,28.5,18.17,50.0,50.0,0.0,16.38,False
2026-09-10,WIX,41.33,⚠️ 谨慎评估,75.52,100.0,37.25,40.78,50.0,50.0,0.0,9.1,False
2026-09-10,WOLF,21.82,🚫 风险较高,25.17,100.0,0.0,45.45,50.0,50.0,0.0,20.0,False
2026-09-10,WTS,38.92,⚠️ 谨慎评估,350.3,76.5,34.13,22.36,50.0,50.0,0.0,3.27,False
2026-09-10,WWD,38.47,⚠️ 谨慎评估,332.8,70.86,43.1,7.07,50.0,50.0,0.0,2.54,False
2026-09-10,XE,40.0,⚠️ 谨慎评估,15.84,100.0,100.0,0.0,50.0,50.0,0.0,20.0,False
2026-09-10,XGN,25.33,🚫 风险较高,6.97,83.3,39.75,5.42,50.0,50.0,0.0,17.08,False
2026-09-10,XPON,20.83,🚫 风险较高,5.19,66.67,0.0,0.0,50.0,50.0,0.0,7.5,False
2026-09-10,XYL,31.92,🚫 风险较高,106.5,69.41,19.55,17.55,50.0,50.0,0.0,4.48,False
2026-09-10,XYZ,15.91,🚫 风险较高,79.07,88.56,13.56,13.58,50.0,50.0,0.0,16.92,False
2026-09-10,YSS,20.63,🚫 风险较高,7.45,98.53,23.69,0.0,50.0,50.0,0.0,20.0,False
2026-09-10,ZBH,47.33,⚠️ 谨慎评估,92.44,93.67,27.48,57.89,50.0,50.0,0.0,1.96,False
2026-09-10,ZETA,53.2,👀 综合中性,30.56,93.27,100.0,25.15,50.0,50.0,0.0,9.23,False
2026-09-10,ZM,50.52,👀 综合中性,95.46,94.91,42.14,70.21,50.0,46.56,0.0,4.18,False
2026-09-10,ZS,54.24,👀 综合中性,163.5,77.49,85.82,68.85,50.0,59.25,0.0,8.97,False
2026-09-11,A,44.04,⚠️ 谨慎评估,146.9,86.19,26.66,27.18,50.0,50.0,72.59,6.2,False
2026-09-11,AADX,37.67,⚠️ 谨慎评估,12.2,87.06,80.62,1.97,50.0,50.0,14.44,16.64,False
2026-09-11,AAPL,44.31,⚠️ 谨慎评估,332.3,54.11,33.05,41.13,50.0,46.85,83.04,3.93,False
2026-09-11,ABT,40.47,⚠️ 谨慎评估,102.0,77.49,16.15,42.42,50.0,50.0,38.62,4.29,False
2026-09-11,ACHR,17.71,🚫 风险较高,5.58,66.67,50.0,0.0,50.0,50.0,27.81,20.0,False
2026-09-11,ACIW,56.99,👀 综合中性,52.09,97.33,52.31,29.93,50.0,50.0,89.95,4.04,False
2026-09-11,ACLS,25.27,🚫 风险较高,113.4,66.51,14.0,8.82,50.0,50.0,47.94,12.65,False
2026-09-11,ACMR,44.75,⚠️ 谨慎评估,72.0,78.66,78.46,4.79,50.0,50.0,79.49,14.26,False
2026-09-11,ACN,47.89,⚠️ 谨慎评估,183.9,97.76,28.82,49.36,50.0,45.06,54.9,6.27,False
2026-09-11,ADBE,52.05,👀 综合中性,252.2,97.08,38.4,80.6,46.97,45.06,47.45,7.7,False
2026-09-11,ADI,57.16,👀 综合中性,378.8,58.59,59.99,77.66,50.0,47.35,85.11,4.45,False
2026-09-11,ADIG,33.83,🚫 风险较高,20.53,86.51,8.77,9.07,50.0,50.0,51.95,7.22,False
2026-09-11,ADPT,40.03,⚠️ 谨慎评估,24.2,78.45,53.75,14.3,50.0,50.0,76.84,13.93,False
2026-09-11,ADSE,41.45,⚠️ 谨慎评估,11.58,81.65,0.0,31.25,50.0,50.0,70.33,1.6,False
2026-09-11,ADSK,56.12,👀 综合中性,212.4,97.13,61.53,75.11,50.0,47.35,26.31,7.32,False
2026-09-11,ADVB,30.25,🚫 风险较高,8.19,66.67,50.0,0.0,50.0,50.0,94.16,20.0,False
2026-09-11,AEHR,23.21,🚫 风险较高,94.69,50.77,59.54,0.0,50.0,50.0,90.52,18.14,False
2026-09-11,AEIS,46.73,⚠️ 谨慎评估,287.2,75.75,70.79,1.75,50.0,50.0,60.89,7.47,False
2026-09-11,AFRM,39.45,⚠️ 谨慎评估,71.44,93.62,90.92,18.46,50.0,59.75,72.48,14.84,True
2026-09-11,AHCO,31.39,🚫 风险较高,6.06,83.33,27.23,7.26,50.0,50.0,36.96,11.87,False
2026-09-11,AI,43.16,⚠️ 谨慎评估,10.54,86.97,28.05,26.92,97.33,53.44,69.22,17.02,False
2026-09-11,AIP,49.32,⚠️ 谨慎评估,22.69,70.82,78.77,68.75,50.0,50.0,54.47,15.3,False
2026-09-11,AIR,46.33,⚠️ 谨慎评估,125.5,82.65,43.29,3.56,50.0,50.0,72.03,3.76,False
2026-09-11,AKAM,41.95,⚠️ 谨慎评估,106.8,89.96,7.87,31.16,50.0,50.0,60.35,3.72,False
2026-09-11,ALAB,34.6,🚫 风险较高,291.2,49.18,100.0,45.47,50.0,50.0,94.72,20.0,False
2026-09-11,ALGM,32.72,🚫 风险较高,36.31,54.88,50.0,20.61,50.0,50.0,52.23,14.07,False
2026-09-11,ALMR,63.4,👀 综合中性,27.89,97.24,100.0,33.93,50.0,50.0,62.54,7.39,False
2026-09-11,ALMU,24.64,🚫 风险较高,13.41,66.67,3.69,4.43,50.0,50.0,22.2,7.5,False
2026-09-11,ALOT,34.91,🚫 风险较高,28.99,66.64,14.46,10.26,50.0,50.0,62.0,4.77,False
2026-09-11,AMAT,45.16,⚠️ 谨慎评估,456.5,62.08,43.69,44.11,50.0,47.35,74.57,6.99,False
2026-09-11,AMBA,28.21,🚫 风险较高,67.86,56.54,28.0,31.34,50.0,50.0,55.25,15.32,False
2026-09-11,AMBQ,55.64,👀 综合中性,63.52,82.63,100.0,4.53,50.0,50.0,97.04,11.27,False
2026-09-11,AMD,50.01,👀 综合中性,516.1,49.73,75.78,58.03,35.89,53.94,99.04,10.06,False
2026-09-11,AME,45.52,⚠️ 谨慎评估,241.9,67.67,29.82,22.38,50.0,50.0,81.09,1.93,False
2026-09-11,AMKR,28.56,🚫 风险较高,51.73,87.08,69.13,0.0,50.0,50.0,55.66,17.18,False
2026-09-11,AMPX,27.78,🚫 风险较高,9.44,66.67,100.0,0.0,50.0,50.0,25.4,18.84,False
2026-09-11,AMSC,16.22,🚫 风险较高,29.53,58.98,44.47,0.05,50.0,50.0,37.1,20.0,False
2026-09-11,AMWL,31.99,🚫 风险较高,13.0,87.76,0.0,8.17,50.0,50.0,98.84,11.67,False
2026-09-11,AMZN,54.98,👀 综合中性,256.8,78.41,65.8,28.84,50.0,61.44,79.62,5.58,False
2026-09-11,ANET,51.18,👀 综合中性,199.6,40.53,53.93,72.88,56.0,55.44,97.84,7.87,False
2026-09-11,AORT,26.98,🚫 风险较高,25.08,47.71,25.08,34.32,50.0,50.0,14.8,10.46,False
2026-09-11,AOS,34.37,🚫 风险较高,57.39,88.32,5.6,19.7,50.0,50.0,29.86,5.64,False
2026-09-11,AOSL,16.32,🚫 风险较高,25.78,34.67,20.14,20.1,50.0,43.56,44.49,12.03,True
2026-09-11,APP,51.92,👀 综合中性,324.0,96.7,97.92,72.96,87.33,78.72,38.0,14.67,True
2026-09-11,ARM,30.77,🚫 风险较高,264.8,20.19,64.64,74.91,39.07,62.03,98.4,14.26,True
2026-09-11,ARXS,52.43,👀 综合中性,52.45,78.23,46.15,22.45,50.0,50.0,92.16,2.34,False
2026-09-11,ASML,39.8,⚠️ 谨慎评估,1698.0,38.13,31.3,76.76,50.0,40.75,86.01,9.84,False
2026-09-11,ASYS,43.46,⚠️ 谨慎评估,14.91,90.89,59.17,20.36,50.0,50.0,63.19,13.88,False
2026-09-11,ATEC,39.95,⚠️ 谨慎评估,10.58,72.04,30.92,43.68,50.0,50.0,41.15,7.86,False
2026-09-11,ATKR,38.65,⚠️ 谨慎评估,94.15,95.73,11.76,13.63,50.0,50.0,81.92,8.67,False
2026-09-11,ATRO,52.4,👀 综合中性,73.98,80.26,70.38,2.8,50.0,50.0,85.72,5.24,False
2026-09-11,AVAV,20.13,🚫 风险较高,146.7,53.13,16.46,0.0,50.0,50.0,23.48,11.96,False
2026-09-11,AVGO,47.48,⚠️ 谨慎评估,362.0,71.66,87.07,63.11,62.55,59.88,62.86,7.05,True
2026-09-11,AVNS,31.45,🚫 风险较高,24.99,75.77,12.38,15.04,50.0,50.0,50.0,9.05,False
2026-09-11,AVR,45.82,⚠️ 谨慎评估,8.35,33.33,100.0,37.5,50.0,50.0,82.4,14.71,False
2026-09-11,AXGN,44.75,⚠️ 谨慎评估,42.16,47.24,43.23,45.06,50.0,50.0,67.94,4.06,False
2026-09-11,AXON,28.97,🚫 风险较高,479.3,37.41,36.79,31.59,50.0,50.0,37.81,11.23,False
2026-09-11,AXTI,40.53,⚠️ 谨慎评估,64.77,36.1,100.0,0.0,50.0,50.0,90.4,15.73,False
2026-09-11,AYI,40.43,⚠️ 谨慎评估,319.0,81.43,28.91,24.76,50.0,50.0,50.54,6.85,False
2026-09-11,BA,35.62,⚠️ 谨慎评估,210.4,71.24,20.0,6.23,50.0,50.0,57.22,5.28,False
2026-09-11,BBAI,22.55,🚫 风险较高,2.87,77.41,41.78,0.0,86.67,43.06,18.44,19.34,True
2026-09-11,BBNX,36.71,⚠️ 谨慎评估,16.57,82.77,65.85,22.89,50.0,50.0,52.63,20.0,False
2026-09-11,BDSX,62.34,👀 综合中性,26.96,83.33,85.5,38.36,50.0,50.0,94.36,5.89,False
2026-09-11,BE,31.29,🚫 风险较高,275.8,53.7,100.0,17.79,50.0,50.0,72.16,18.9,False
2026-09-11,BETA,44.76,⚠️ 谨慎评估,21.17,74.47,100.0,25.07,50.0,50.0,61.1,20.0,False
2026-09-11,BFLY,46.23,⚠️ 谨慎评估,7.33,77.47,68.46,36.06,50.0,50.0,72.96,14.08,False
2026-09-11,BIAF,39.61,⚠️ 谨慎评估,7.95,83.33,47.5,0.0,50.0,50.0,35.72,7.5,False
2026-09-11,BIO,38.77,⚠️ 谨慎评估,369.3,56.9,17.83,27.66,50.0,50.0,85.92,4.81,False
2026-09-11,BIOQ,39.51,⚠️ 谨慎评估,33.0,100.0,0.0,38.88,50.0,50.0,0.0,1.32,False
2026-09-11,BKFG,29.95,🚫 风险较高,94.0,67.23,0.0,10.04,50.0,50.0,0.0,0.0,False
2026-09-11,BLLN,49.19,⚠️ 谨慎评估,98.77,63.16,100.0,34.03,50.0,50.0,77.75,16.32,False
2026-09-11,BLSH,49.06,⚠️ 谨慎评估,35.12,76.65,100.0,46.11,50.0,50.0,68.12,20.0,False
2026-09-11,BOX,50.73,👀 综合中性,33.75,96.62,34.0,45.22,50.0,50.0,95.88,8.46,False
2026-09-11,BRAI,24.75,🚫 风险较高,5.68,66.67,50.0,0.0,50.0,50.0,39.14,20.0,False
2026-09-11,BRKR,35.28,⚠️ 谨慎评估,53.43,71.5,15.69,17.2,50.0,50.0,73.55,7.88,False
2026-09-11,BSX,40.84,⚠️ 谨慎评估,42.98,88.65,23.41,55.18,50.0,50.0,13.88,7.41,False
2026-09-11,BTSG,56.37,👀 综合中性,58.73,98.55,75.21,19.44,50.0,50.0,93.88,9.45,False
2026-09-11,BVS,58.78,👀 综合中性,12.98,92.21,49.56,53.97,50.0,50.0,74.84,2.63,False
2026-09-11,BW,53.2,👀 综合中性,7.94,79.06,100.0,29.98,50.0,50.0,32.68,10.38,False
2026-09-11,BWXT,35.13,⚠️ 谨慎评估,150.1,59.6,32.48,7.29,50.0,50.0,30.6,4.06,False
2026-09-11,CAMT,21.38,🚫 风险较高,148.0,23.21,10.2,19.94,50.0,50.0,62.99,10.1,False
2026-09-11,CARL,53.28,👀 综合中性,14.73,83.33,100.0,26.31,50.0,50.0,78.76,15.21,False
2026-09-11,CBLL,51.96,👀 综合中性,23.63,80.39,57.69,37.5,50.0,50.0,90.4,8.21,False
2026-09-11,CBRS,45.2,⚠️ 谨慎评估,191.9,73.1,100.0,0.0,50.0,50.0,49.07,14.33,False
2026-09-11,CDNA,55.51,👀 综合中性,50.26,68.24,100.0,41.57,50.0,50.0,96.52,14.03,False
2026-09-11,CDNS,55.46,👀 综合中性,289.4,76.44,61.29,85.09,53.8,45.93,36.74,6.94,False
2026-09-11,CDRE,38.31,⚠️ 谨慎评估,28.58,93.86,35.35,16.64,50.0,50.0,15.21,8.32,False
2026-09-11,CERT,27.08,🚫 风险较高,7.55,65.85,2.5,28.21,50.0,50.0,60.23,11.97,False
2026-09-11,CEVA,33.79,🚫 风险较高,29.01,62.91,27.85,42.55,50.0,50.0,71.52,14.29,False
2026-09-11,CHKP,38.35,⚠️ 谨慎评估,131.6,45.0,13.15,77.31,50.0,50.0,48.19,5.35,False
2026-09-11,CLS,50.75,👀 综合中性,346.6,81.16,75.85,21.96,35.28,55.44,73.11,7.65,False
2026-09-11,CMI,33.47,🚫 风险较高,556.8,64.41,21.5,9.44,50.0,50.0,41.32,5.34,False
2026-09-11,CMPD,30.09,🚫 风险较高,6.75,52.94,3.5,0.0,50.0,50.0,82.28,4.6,False
2026-09-11,CNMD,39.23,⚠️ 谨慎评估,46.3,66.96,15.59,34.72,50.0,50.0,68.86,5.15,False
2026-09-11,COHR,48.94,⚠️ 谨慎评估,305.4,66.06,76.06,23.7,50.24,56.94,86.56,11.24,False
2026-09-11,COHU,44.7,⚠️ 谨慎评估,57.08,59.99,66.77,18.16,50.0,50.0,95.84,11.3,False
2026-09-11,CORZ,36.14,⚠️ 谨慎评估,17.94,79.7,100.0,31.25,50.0,50.0,52.89,17.73,False
2026-09-11,CPAY,62.38,👀 综合中性,408.2,98.49,38.12,75.89,50.0,50.0,88.36,2.07,False
2026-09-11,CR,44.85,⚠️ 谨慎评估,201.8,69.36,38.09,25.68,50.0,50.0,67.07,4.1,False
2026-09-11,CRCT,47.46,⚠️ 谨慎评估,5.62,78.06,31.04,31.86,50.0,50.0,94.4,5.13,False
2026-09-11,CRDO,33.91,🚫 风险较高,162.9,67.69,98.99,50.09,50.0,50.0,34.51,19.04,False
2026-09-11,CRL,38.75,⚠️ 谨慎评估,278.3,99.41,0.0,24.66,50.0,50.0,81.96,8.03,False
2026-09-11,CRM,60.08,👀 综合中性,247.7,96.03,55.31,71.01,50.0,48.85,82.08,6.7,False
2026-09-11,CRSR,28.09,🚫 风险较高,13.54,87.84,4.92,5.55,50.0,50.0,71.84,13.72,False
2026-09-11,CRUS,49.43,⚠️ 谨慎评估,118.8,96.68,33.6,55.91,50.0,51.15,45.23,6.33,False
2026-09-11,CRWD,54.74,👀 综合中性,206.7,36.14,81.63,67.3,50.0,63.66,96.44,9.0,False
2026-09-11,CRWV,47.01,⚠️ 谨慎评估,88.99,82.63,100.0,20.92,50.0,50.0,63.45,19.0,False
2026-09-11,CSCO,53.07,👀 综合中性,112.1,67.62,36.63,59.76,50.0,47.35,95.4,2.85,False
2026-09-11,CSTL,48.43,⚠️ 谨慎评估,32.33,83.33,50.25,36.11,50.0,50.0,74.03,8.62,False
2026-09-11,CSW,48.49,⚠️ 谨慎评估,300.7,79.38,49.76,13.34,50.0,50.0,54.3,2.26,False
2026-09-11,CTEV,45.47,⚠️ 谨慎评估,35.98,92.17,16.5,46.44,50.0,50.0,90.84,8.14,False
2026-09-11,CUAI,34.07,🚫 风险较高,6.45,50.88,100.0,46.35,50.0,50.0,83.04,20.0,False
2026-09-11,CW,34.78,🚫 风险较高,558.9,60.75,25.86,18.8,50.0,50.0,16.01,3.26,False
2026-09-11,CXT,51.1,👀 综合中性,51.99,99.91,45.72,22.2,50.0,50.0,89.1,7.55,False
2026-09-11,DBX,43.54,⚠️ 谨慎评估,35.56,45.2,8.24,73.26,50.0,50.0,96.64,3.21,False
2026-09-11,DCI,41.12,⚠️ 谨慎评估,89.25,80.66,23.47,13.73,50.0,50.0,53.58,3.3,False
2026-09-11,DCO,46.22,⚠️ 谨慎评估,172.7,76.06,41.47,8.93,50.0,50.0,75.6,3.26,False
2026-09-11,DCTH,49.25,⚠️ 谨慎评估,15.91,70.35,29.92,59.26,50.0,50.0,73.72,3.56,False
2026-09-11,DDOG,61.65,👀 综合中性,221.2,55.81,90.15,68.4,61.43,63.53,89.32,9.88,False
2026-09-11,DELL,42.6,⚠️ 谨慎评估,567.3,91.76,72.43,14.14,50.0,54.94,82.08,5.48,True
2026-09-11,DGX,54.58,👀 综合中性,235.0,97.69,33.1,26.72,50.0,50.0,79.84,0.23,False
2026-09-11,DHR,51.0,👀 综合中性,200.1,90.3,49.53,30.77,50.0,50.0,44.39,3.5,False
2026-09-11,DIOD,35.13,⚠️ 谨慎评估,95.01,67.13,31.25,11.27,50.0,50.0,94.64,12.26,False
2026-09-11,DLO,74.33,✅ 综合良好,14.86,98.54,89.88,69.82,50.0,66.39,86.24,3.58,False
2026-09-11,DOCN,40.44,⚠️ 谨慎评估,123.0,69.89,41.71,12.69,50.0,50.0,96.12,10.48,False
2026-09-11,DOCS,43.4,⚠️ 谨慎评估,25.58,96.52,10.65,80.26,50.0,50.0,51.88,10.79,False
2026-09-11,DOCU,59.33,👀 综合中性,65.65,96.54,43.17,67.21,50.0,46.85,97.4,5.28,False
2026-09-11,DOV,39.22,⚠️ 谨慎评估,189.1,83.06,22.52,14.73,50.0,50.0,36.78,3.91,False
2026-09-11,DOX,41.91,⚠️ 谨慎评估,61.42,96.14,3.94,36.29,50.0,50.0,58.61,4.61,False
2026-09-11,DPC,41.41,⚠️ 谨慎评估,42.3,75.22,59.54,0.0,50.0,50.0,47.05,8.22,False
2026-09-11,DRIO,21.78,🚫 风险较高,6.93,66.67,0.0,2.36,50.0,50.0,29.64,9.87,False
2026-09-11,DRS,44.16,⚠️ 谨慎评估,36.07,84.7,41.33,16.02,50.0,50.0,22.06,2.72,False
2026-09-11,DT,60.29,👀 综合中性,51.07,93.88,45.03,73.71,52.47,55.44,96.32,6.47,False
2026-09-11,DUOL,61.74,👀 综合中性,143.7,94.59,48.01,80.7,50.0,47.73,50.0,1.06,False
2026-09-11,DXCM,47.57,⚠️ 谨慎评估,83.03,78.62,38.33,49.53,50.0,50.0,71.44,7.31,False
2026-09-11,EAF,16.93,🚫 风险较高,6.58,66.67,2.46,0.0,50.0,50.0,32.44,15.26,False
2026-09-11,EMR,45.66,⚠️ 谨慎评估,152.2,80.32,25.7,39.31,50.0,50.0,74.71,5.2,False
2026-09-11,ENOV,29.4,🚫 风险较高,19.28,72.49,12.62,35.29,50.0,50.0,12.92,9.84,False
2026-09-11,ENR,36.75,⚠️ 谨慎评估,20.58,77.76,5.56,17.62,50.0,50.0,72.05,5.04,False
2026-09-11,ENS,48.81,⚠️ 谨慎评估,179.4,95.52,50.46,21.45,50.0,50.0,45.65,5.69,False
2026-09-11,ENTG,44.49,⚠️ 谨慎评估,140.4,72.3,47.83,23.61,50.0,50.0,84.53,8.92,False
2026-09-11,EPAC,48.06,⚠️ 谨慎评估,35.22,91.36,31.11,36.08,50.0,50.0,41.17,2.52,False
2026-09-11,ESP,49.91,⚠️ 谨慎评估,63.69,85.19,41.04,12.93,50.0,50.0,85.29,2.86,False
2026-09-11,ESTA,48.46,⚠️ 谨慎评估,70.94,63.4,56.46,37.5,50.0,50.0,60.66,5.03,False
2026-09-11,ESTC,59.3,👀 综合中性,83.39,66.3,71.0,72.42,50.87,62.03,93.12,8.26,False
2026-09-11,ETN,40.0,⚠️ 谨慎评估,425.4,59.34,25.12,12.45,50.0,50.0,89.41,3.96,False
2026-09-11,EW,45.46,⚠️ 谨慎评估,84.37,66.78,16.69,60.64,50.0,50.0,46.99,0.86,False
2026-09-11,EXLS,51.56,👀 综合中性,35.26,92.33,42.03,46.23,50.0,47.35,62.51,5.33,False
2026-09-11,FAC,31.31,🚫 风险较高,5.31,100.0,50.0,0.0,50.0,50.0,38.08,20.0,False
2026-09-11,FCEL,15.47,🚫 风险较高,15.89,81.82,0.0,0.0,50.0,50.0,81.88,18.93,False
2026-09-11,FCX,39.86,⚠️ 谨慎评估,71.07,85.29,16.7,11.67,50.0,50.0,84.44,6.57,False
2026-09-11,FELE,39.57,⚠️ 谨慎评估,97.83,79.44,20.77,11.71,50.0,50.0,45.9,2.86,False
2026-09-11,FFIV,55.51,👀 综合中性,411.7,90.59,32.25,65.87,50.0,50.0,98.52,5.4,False
2026-09-11,FLGT,33.49,🚫 风险较高,20.45,82.28,11.0,0.0,50.0,50.0,70.24,7.74,False
2026-09-11,FLS,38.56,⚠️ 谨慎评估,74.46,90.4,18.4,12.6,50.0,50.0,53.65,6.37,False
2026-09-11,FLY,38.26,⚠️ 谨慎评估,21.13,83.33,100.0,0.0,50.0,50.0,15.96,20.0,False
2026-09-11,FN,46.56,⚠️ 谨慎评估,414.6,78.44,61.31,28.89,50.86,53.44,27.72,7.08,False
2026-09-11,FORM,49.34,⚠️ 谨慎评估,115.0,63.1,74.78,20.99,50.0,50.0,87.93,8.92,False
2026-09-11,FOUR,43.89,⚠️ 谨慎评估,45.05,100.0,49.73,24.86,50.0,50.0,43.61,11.63,False
2026-09-11,FPS,39.43,⚠️ 谨慎评估,31.82,70.51,100.0,0.0,50.0,50.0,32.52,17.92,False
2026-09-11,FRNM,65.96,✅ 综合良好,14.37,94.36,100.0,2.98,50.0,50.0,95.88,2.95,False
2026-09-11,FTAI,32.2,🚫 风险较高,186.1,75.98,41.19,0.69,50.0,50.0,19.2,10.32,False
2026-09-11,FTNT,64.73,👀 综合中性,156.1,81.07,71.25,73.5,50.0,43.56,94.88,4.17,False
2026-09-11,GD,44.18,⚠️ 谨慎评估,355.9,84.1,23.35,15.81,50.0,50.0,48.34,0.68,False
2026-09-11,GDDY,50.35,👀 综合中性,98.07,97.34,35.56,43.83,50.0,50.0,73.36,6.92,False
2026-09-11,GE,40.73,⚠️ 谨慎评估,323.7,55.16,38.93,29.17,50.0,54.94,52.51,5.16,False
2026-09-11,GEHC,40.3,⚠️ 谨慎评估,63.93,95.54,22.47,15.02,50.0,50.0,18.53,3.53,False
2026-09-11,GEN,59.6,👀 综合中性,30.26,94.14,50.85,70.01,50.0,50.0,98.12,7.25,False
2026-09-11,GEV,48.23,⚠️ 谨慎评估,957.3,48.79,65.36,46.04,50.0,57.48,80.6,8.58,False
2026-09-11,GFS,26.88,🚫 风险较高,46.95,83.41,9.69,11.39,50.0,50.0,43.92,13.33,False
2026-09-11,GGG,40.62,⚠️ 谨慎评估,76.7,64.07,19.43,44.8,50.0,50.0,39.18,2.69,False
2026-09-11,GH,57.98,👀 综合中性,157.4,79.37,100.0,20.97,50.0,50.0,81.12,9.15,False
2026-09-11,GHM,31.65,🚫 风险较高,87.9,46.62,30.15,0.67,50.0,50.0,49.34,5.25,False
2026-09-11,GKOS,59.43,👀 综合中性,167.2,63.01,83.85,40.12,50.0,50.0,76.12,2.76,False
2026-09-11,GMED,42.38,⚠️ 谨慎评估,74.19,86.95,9.78,59.15,50.0,50.0,19.18,3.25,False
2026-09-11,GNRC,37.8,⚠️ 谨慎评估,187.0,86.94,52.89,6.78,50.0,50.0,36.78,12.51,False
2026-09-11,GOOGL,58.49,👀 综合中性,338.5,64.66,51.47,88.27,50.0,70.89,66.85,4.32,False
2026-09-11,GRAL,25.13,🚫 风险较高,76.23,76.31,64.25,0.0,50.0,50.0,71.76,20.0,False
2026-09-11,GRC,40.0,⚠️ 谨慎评估,74.47,76.1,22.74,13.8,50.0,50.0,70.71,5.05,False
2026-09-11,GRMN,49.9,⚠️ 谨慎评估,282.7,70.09,32.53,55.3,50.0,51.15,81.12,3.77,False
2026-09-11,GSIT,10.85,🚫 风险较高,5.11,33.33,8.46,16.66,50.0,50.0,15.92,17.02,False
2026-09-11,GTES,51.69,👀 综合中性,26.04,95.74,52.08,17.46,50.0,50.0,75.5,5.65,False
2026-09-11,GTLB,64.13,👀 综合中性,46.99,76.68,81.78,72.28,50.0,70.01,99.96,9.49,False
2026-09-11,GTLS,28.52,🚫 风险较高,209.9,79.25,0.0,8.22,50.0,50.0,50.0,8.56,False
2026-09-11,HAE,42.7,⚠️ 谨慎评估,102.7,61.77,17.46,54.05,50.0,50.0,73.88,4.51,False
2026-09-11,HAWK,41.41,⚠️ 谨慎评估,16.3,46.15,100.0,54.55,50.0,50.0,11.84,17.19,False
2026-09-11,HAYW,37.34,⚠️ 谨慎评估,13.11,76.23,18.82,30.36,50.0,50.0,24.05,4.57,False
2026-09-11,HII,39.44,⚠️ 谨慎评估,279.7,88.5,33.89,7.18,50.0,50.0,17.68,4.58,False
2026-09-11,HLIO,48.08,⚠️ 谨慎评估,70.66,91.57,52.27,15.7,50.0,50.0,52.12,5.87,False
2026-09-11,HNGE,63.04,👀 综合中性,88.59,90.99,100.0,70.18,50.0,50.0,94.12,15.1,False
2026-09-11,HON,46.76,⚠️ 谨慎评估,202.4,90.23,40.5,28.21,50.0,45.06,30.63,3.21,False
2026-09-11,HONA,23.9,🚫 风险较高,158.3,80.76,9.33,5.72,50.0,50.0,30.99,13.54,False
2026-09-11,HPE,56.12,👀 综合中性,62.09,94.66,57.17,25.53,50.0,45.06,99.48,5.39,False
2026-09-11,HPQ,38.31,⚠️ 谨慎评估,35.48,76.5,18.73,13.24,50.0,50.0,81.6,6.82,False
2026-09-11,HQY,53.33,👀 综合中性,96.26,93.04,29.16,58.73,50.0,50.0,67.13,3.09,False
2026-09-11,HSTM,57.06,👀 综合中性,29.11,96.15,43.44,38.29,50.0,50.0,95.36,3.31,False
2026-09-11,HTFL,55.36,👀 综合中性,49.88,79.36,100.0,36.86,50.0,50.0,94.16,15.46,False
2026-09-11,HUBB,40.97,⚠️ 谨慎评估,460.4,71.16,24.85,12.51,50.0,50.0,58.11,2.16,False
2026-09-11,HUBS,57.9,👀 综合中性,225.3,93.49,73.91,66.1,50.0,56.94,41.58,9.04,False
2026-09-11,HWM,39.68,⚠️ 谨慎评估,229.6,61.24,44.52,14.39,50.0,50.0,38.01,4.66,False
2026-09-11,HXL,50.79,👀 综合中性,92.74,79.24,53.33,15.05,50.0,50.0,74.33,3.08,False
2026-09-11,IART,34.58,🚫 风险较高,15.5,71.55,8.92,29.13,50.0,50.0,69.18,8.25,False
2026-09-11,IBM,30.39,🚫 风险较高,243.3,69.92,16.52,37.74,50.0,45.06,61.14,3.87,True
2026-09-11,ICHR,32.49,🚫 风险较高,57.35,67.48,42.62,1.04,50.0,50.0,71.88,14.0,False
2026-09-11,ICLR,35.16,⚠️ 谨慎评估,169.3,85.82,1.75,25.22,50.0,50.0,92.21,10.45,False
2026-09-11,IDXGD,43.29,⚠️ 谨慎评估,6.5,100.0,0.0,37.91,50.0,50.0,68.48,4.24,False
2026-09-11,IDXX,38.29,⚠️ 谨慎评估,504.7,84.66,33.73,33.32,50.0,50.0,19.74,9.05,False
2026-09-11,IE,23.79,🚫 风险较高,10.4,66.67,0.0,23.4,50.0,50.0,27.72,10.83,False
2026-09-11,IEX,42.26,⚠️ 谨慎评估,224.2,65.42,20.96,25.48,50.0,50.0,70.51,1.94,False
2026-09-11,ILMN,43.74,⚠️ 谨慎评估,206.4,82.37,19.23,39.83,50.0,50.0,87.32,7.25,False
2026-09-11,INFQ,49.68,⚠️ 谨慎评估,13.12,95.96,100.0,9.74,50.0,50.0,72.48,18.22,False
2026-09-11,INIO,32.8,🚫 风险较高,20.35,70.21,72.62,1.31,50.0,50.0,24.64,17.06,False
2026-09-11,INMD,42.3,⚠️ 谨慎评估,14.9,96.07,4.49,65.53,50.0,50.0,69.39,9.8,False
2026-09-11,INSP,32.06,🚫 风险较高,73.0,48.81,0.0,51.95,50.0,50.0,70.06,7.5,False
2026-09-11,INTC,21.25,🚫 风险较高,102.9,56.75,11.01,23.62,50.0,26.09,87.84,10.71,False
2026-09-11,INTT,40.3,⚠️ 谨慎评估,11.42,89.58,46.92,9.59,50.0,50.0,46.71,10.46,False
2026-09-11,IONQ,28.92,🚫 风险较高,36.75,81.64,100.0,0.0,50.0,50.0,22.3,20.0,False
2026-09-11,IOT,52.55,👀 综合中性,38.38,60.44,74.75,48.4,50.0,50.0,89.74,9.46,False
2026-09-11,IPGP,26.79,🚫 风险较高,79.99,62.52,14.45,4.94,50.0,50.0,28.8,7.95,False
2026-09-11,IQV,47.16,⚠️ 谨慎评估,261.8,97.87,22.79,27.44,50.0,50.0,94.96,6.72,False
2026-09-11,IR,37.91,⚠️ 谨慎评估,72.93,86.53,20.77,21.42,50.0,50.0,28.42,5.64,False
2026-09-11,IRMD,30.58,🚫 风险较高,82.22,22.12,8.47,59.41,50.0,50.0,26.2,2.49,False
2026-09-11,IRTC,33.16,🚫 风险较高,111.4,42.96,38.62,47.83,50.0,50.0,19.73,9.23,False
2026-09-11,ISRG,43.12,⚠️ 谨慎评估,369.1,62.62,40.67,66.71,50.0,53.44,30.68,7.99,False
2026-09-11,ITGR,33.76,🚫 风险较高,126.0,56.82,2.15,11.67,50.0,50.0,99.08,4.8,False
2026-09-11,ITT,46.73,⚠️ 谨慎评估,204.1,73.71,50.71,8.46,50.0,50.0,75.56,4.51,False
2026-09-11,ITW,39.68,⚠️ 谨慎评估,268.2,65.13,20.41,24.76,50.0,50.0,53.94,2.56,False
2026-09-11,JBL,47.11,⚠️ 谨慎评估,318.1,89.42,31.9,19.01,50.0,46.85,83.03,4.59,False
2026-09-11,JBTM,47.78,⚠️ 谨慎评估,114.4,95.44,50.55,12.27,50.0,50.0,35.79,4.36,False
2026-09-11,KAI,42.61,⚠️ 谨慎评估,266.3,87.64,40.01,18.61,50.0,50.0,19.91,4.7,False
2026-09-11,KE,39.71,⚠️ 谨慎评估,26.17,98.49,20.03,9.77,50.0,50.0,47.17,6.18,False
2026-09-11,KIDS,48.19,⚠️ 谨慎评估,22.06,82.18,31.38,38.81,50.0,50.0,70.32,3.94,False
2026-09-11,KLAC,39.6,⚠️ 谨慎评估,180.6,23.1,30.35,79.42,50.0,48.03,74.97,6.82,False
2026-09-11,KLIC,54.74,👀 综合中性,86.13,69.98,100.0,22.07,50.0,50.0,82.33,10.8,False
2026-09-11,KRMN,33.64,🚫 风险较高,35.28,65.31,98.38,2.6,50.0,50.0,5.96,20.0,False
2026-09-11,KTOS,22.63,🚫 风险较高,46.69,30.69,41.37,0.0,50.0,50.0,9.52,9.8,False
2026-09-11,LASR,22.16,🚫 风险较高,40.37,66.16,59.69,14.34,50.0,50.0,18.24,17.58,False
2026-09-11,LH,52.58,👀 综合中性,311.5,97.9,33.56,24.48,50.0,50.0,70.94,1.16,False
2026-09-11,LHX,45.84,⚠️ 谨慎评估,245.5,82.72,63.16,6.78,50.0,50.0,11.4,3.65,False
2026-09-11,LITE,45.78,⚠️ 谨慎评估,927.0,39.73,74.11,27.55,43.24,54.94,96.32,8.6,False
2026-09-11,LIVN,59.3,👀 综合中性,78.18,85.19,55.85,43.22,50.0,50.0,86.54,1.84,False
2026-09-11,LMRI,21.06,🚫 风险较高,11.49,83.47,15.54,2.88,50.0,50.0,50.47,20.0,False
2026-09-11,LMT,51.93,👀 综合中性,524.2,94.52,55.58,16.24,50.0,50.0,42.26,2.53,False
2026-09-11,LOAR,41.47,⚠️ 谨慎评估,66.51,40.79,48.6,34.95,50.0,50.0,45.84,3.66,False
2026-09-11,LRCX,44.4,⚠️ 谨慎评估,298.2,52.5,45.42,46.46,50.0,49.13,85.52,7.89,False
2026-09-11,LSCC,58.78,👀 综合中性,119.8,54.47,100.0,61.08,50.0,50.0,86.3,9.91,False
2026-09-11,LTBR,12.01,🚫 风险较高,7.02,0.0,50.0,0.0,50.0,50.0,19.72,17.46,False
2026-09-11,LUNR,43.4,⚠️ 谨慎评估,14.35,82.85,100.0,19.43,50.0,51.94,11.48,17.43,False
2026-09-11,LYNX,45.41,⚠️ 谨慎评估,12.74,79.82,60.92,0.94,50.0,50.0,35.22,4.45,False
2026-09-11,MBGL,46.6,⚠️ 谨慎评估,20.16,95.04,10.51,40.98,50.0,50.0,67.79,2.96,False
2026-09-11,MBLY,35.03,⚠️ 谨慎评估,8.25,97.73,14.13,50.66,41.11,26.59,33.93,9.92,False
2026-09-11,MCHP,42.5,⚠️ 谨慎评估,74.2,72.91,31.97,55.9,50.0,28.87,60.3,7.38,False
2026-09-11,MDB,54.72,👀 综合中性,362.2,67.5,85.97,52.58,46.87,60.75,64.85,10.09,False
2026-09-11,MDT,55.22,👀 综合中性,90.96,94.83,37.86,52.82,50.0,50.0,66.99,2.83,False
2026-09-11,MEDP,55.58,👀 综合中性,587.5,95.21,54.82,48.59,50.0,50.0,71.08,6.56,False
2026-09-11,META,57.55,👀 综合中性,648.0,76.53,58.81,83.4,50.0,63.03,43.3,5.6,False
2026-09-11,MFP,24.03,🚫 风险较高,41.61,91.5,28.0,2.46,50.0,50.0,33.61,20.0,False
2026-09-11,MFPVV,41.72,⚠️ 谨慎评估,35.05,93.88,50.0,2.95,50.0,50.0,50.0,10.0,False
2026-09-11,MIDD,36.95,⚠️ 谨慎评估,108.3,89.45,13.37,25.32,50.0,50.0,32.96,6.38,False
2026-09-11,MIR,37.18,⚠️ 谨慎评估,15.98,77.93,29.11,22.99,50.0,50.0,39.74,8.11,False
2026-09-11,MPWR,48.06,⚠️ 谨慎评估,1234.0,55.62,83.94,33.13,50.0,50.0,52.93,9.31,False
2026-09-11,MRAM,41.17,⚠️ 谨慎评估,16.22,73.02,72.15,15.35,50.0,50.0,69.79,15.75,False
2026-09-11,MRCY,23.77,🚫 风险较高,80.61,34.34,9.96,11.47,50.0,50.0,29.52,5.26,False
2026-09-11,MRVL,43.09,⚠️ 谨慎评估,236.1,54.24,78.25,56.35,77.61,45.48,93.84,10.86,False
2026-09-11,MSFT,57.8,👀 综合中性,495.6,84.82,54.5,49.52,50.0,53.44,97.0,5.26,False
2026-09-11,MTD,40.84,⚠️ 谨慎评估,1294.0,83.83,26.51,29.84,50.0,50.0,43.42,6.37,False
2026-09-11,MTSI,45.93,⚠️ 谨慎评估,274.9,55.41,78.28,30.01,50.0,50.0,75.81,11.8,False
2026-09-11,MU,49.79,⚠️ 谨慎评估,975.3,71.69,95.56,65.82,47.87,87.14,94.52,9.46,False
2026-09-11,MWA,42.36,⚠️ 谨慎评估,23.94,88.85,25.63,14.87,50.0,50.0,42.65,3.31,False
2026-09-11,MXL,36.38,⚠️ 谨慎评估,74.57,80.86,92.62,24.48,50.0,50.0,98.0,19.29,False
2026-09-11,NDRA,43.27,⚠️ 谨慎评估,5.62,66.67,50.0,0.0,50.0,50.0,99.12,7.48,False
2026-09-11,NDSN,49.26,⚠️ 谨慎评估,314.5,75.4,28.66,43.96,50.0,50.0,73.09,1.89,False
2026-09-11,NEO,35.78,⚠️ 谨慎评估,17.32,71.69,28.0,14.73,50.0,50.0,95.4,12.31,False
2026-09-11,NEOG,31.52,🚫 风险较高,11.78,63.39,7.54,16.98,50.0,50.0,91.36,9.73,False
2026-09-11,NET,58.27,👀 综合中性,306.5,55.59,93.56,56.31,50.0,61.53,95.76,10.41,False
2026-09-11,NFLX,51.33,👀 综合中性,77.4,92.42,51.16,51.6,50.0,56.94,47.55,8.13,False
2026-09-11,NNE,17.47,🚫 风险较高,16.41,66.67,50.0,0.0,50.0,50.0,24.64,20.0,False
2026-09-11,NOC,32.7,🚫 风险较高,519.0,65.04,13.99,14.97,50.0,50.0,27.22,3.77,False
2026-09-11,NOW,60.9,👀 综合中性,132.5,91.59,49.57,71.06,61.8,58.23,90.74,7.73,False
2026-09-11,NPK,50.34,👀 综合中性,154.3,51.07,65.63,7.19,50.0,50.0,96.4,2.0,False
2026-09-11,NPO,34.2,🚫 风险较高,300.5,52.84,27.78,15.17,50.0,50.0,72.56,7.84,False
2026-09-11,NRC,43.8,⚠️ 谨慎评估,21.12,91.01,10.0,33.94,50.0,50.0,84.81,5.47,False
2026-09-11,NTAP,65.64,✅ 综合良好,199.3,99.78,85.27,43.84,50.0,50.0,96.56,6.87,False
2026-09-11,NTNX,64.01,👀 综合中性,65.92,93.1,69.77,72.57,50.0,54.94,90.92,7.52,False
2026-09-11,NTRA,59.0,👀 综合中性,328.9,78.88,94.25,23.36,50.0,50.0,92.92,8.13,False
2026-09-11,NTSK,45.37,⚠️ 谨慎评估,14.7,79.96,73.0,46.13,50.0,50.0,92.04,20.0,False
2026-09-11,NVCR,48.16,⚠️ 谨慎评估,15.51,85.17,31.69,40.9,50.0,50.0,69.93,4.92,False
2026-09-11,NVDA,75.55,✅ 综合良好,218.3,75.71,95.7,89.86,95.37,54.63,87.75,10.31,False
2026-09-11,NVEC,62.72,👀 综合中性,100.5,83.4,80.68,70.61,50.0,40.3,76.84,6.44,False
2026-09-11,NVMI,26.23,🚫 风险较高,371.8,37.64,26.71,33.94,50.0,50.0,40.95,12.16,False
2026-09-11,NVT,58.68,👀 综合中性,162.4,79.37,92.84,9.78,50.0,50.0,98.16,6.69,False
2026-09-11,NVTS,9.34,🚫 风险较高,11.63,66.67,0.0,0.0,50.0,50.0,41.19,20.0,False
2026-09-11,NXPI,52.19,👀 综合中性,236.6,91.31,44.26,55.21,50.0,45.06,68.38,6.76,False
2026-09-11,OESX,44.62,⚠️ 谨慎评估,27.25,65.94,56.15,0.0,50.0,50.0,99.88,7.59,False
2026-09-11,OKTA,60.02,👀 综合中性,166.5,81.02,62.73,67.11,50.0,54.94,88.8,6.31,False
2026-09-11,OMCL,48.52,⚠️ 谨慎评估,32.79,99.99,52.6,23.46,50.0,50.0,22.06,5.35,False
2026-09-11,OMDA,43.99,⚠️ 谨慎评估,19.66,59.38,100.0,28.85,50.0,50.0,74.48,19.66,False
2026-09-11,ON,37.83,⚠️ 谨慎评估,76.14,90.34,32.4,31.31,50.0,50.0,64.02,14.44,False
2026-09-11,ONTO,50.52,👀 综合中性,281.3,57.19,61.4,54.37,50.0,57.73,91.68,9.36,False
2026-09-11,OPRX,36.59,⚠️ 谨慎评估,7.29,96.37,0.0,52.56,50.0,50.0,40.69,9.64,False
2026-09-11,ORCL,33.92,🚫 风险较高,150.3,85.04,51.69,23.84,50.0,53.44,52.62,8.88,True
2026-09-11,OSS,46.68,⚠️ 谨慎评估,9.19,52.73,100.0,41.19,50.0,50.0,16.09,11.65,False
2026-09-11,OTIS,41.65,⚠️ 谨慎评估,69.1,88.93,22.5,16.43,50.0,50.0,38.19,3.04,False
2026-09-11,P,42.47,⚠️ 谨慎评估,98.18,54.64,40.17,48.53,50.0,50.0,87.2,9.5,False
2026-09-11,PANW,61.14,👀 综合中性,330.6,47.67,83.76,73.94,50.0,65.7,88.16,5.81,False
2026-09-11,PATH,63.3,👀 综合中性,13.75,95.69,64.31,71.23,56.2,75.84,66.53,8.08,False
2026-09-11,PAY,57.07,👀 综合中性,36.38,97.01,83.67,21.13,50.0,50.0,78.24,9.24,False
2026-09-11,PEN,35.4,⚠️ 谨慎评估,317.7,26.27,17.86,48.46,50.0,50.0,45.01,1.09,False
2026-09-11,PH,40.6,⚠️ 谨慎评估,950.2,70.56,26.93,16.7,50.0,50.0,60.29,3.78,False
2026-09-11,PHR,48.97,⚠️ 谨慎评估,10.31,100.0,56.83,36.08,50.0,50.0,23.07,7.96,False
2026-09-11,PI,23.05,🚫 风险较高,176.8,20.06,21.03,31.82,50.0,50.0,97.36,15.73,False
2026-09-11,PINC,55.32,👀 综合中性,,75.32,50.0,50.0,50.0,50.0,52.57,0.0,False
2026-09-11,PL,44.4,⚠️ 谨慎评估,16.45,82.03,97.08,33.61,50.0,50.0,8.0,17.12,False
2026-09-11,PLAB,33.79,🚫 风险较高,28.99,87.15,22.74,17.94,50.0,50.0,30.82,10.1,False
2026-09-11,PLPC,51.18,👀 综合中性,423.5,75.5,60.41,5.02,50.0,50.0,93.08,4.08,False
2026-09-11,PLTR,70.4,✅ 综合良好,167.2,52.78,100.0,97.93,85.2,94.48,79.58,14.29,False
2026-09-11,PNR,31.51,🚫 风险较高,56.58,94.71,3.09,23.54,50.0,50.0,7.28,7.46,False
2026-09-11,PODD,48.91,⚠️ 谨慎评估,132.0,89.43,67.24,49.14,50.0,50.0,13.96,9.55,False
2026-09-11,POET,50.64,👀 综合中性,7.95,33.33,100.0,37.5,50.0,50.0,61.52,7.8,False
2026-09-11,POWI,35.96,⚠️ 谨慎评估,52.28,45.65,48.58,34.23,50.0,50.0,48.82,10.33,False
2026-09-11,POWL,29.36,🚫 风险较高,182.5,51.45,22.06,18.89,50.0,50.0,41.05,8.38,False
2026-09-11,PRCT,40.17,⚠️ 谨慎评估,20.38,82.17,37.38,29.2,50.0,50.0,29.32,7.92,False
2026-09-11,PRPO,48.79,⚠️ 谨慎评估,27.32,84.52,60.5,15.1,50.0,50.0,70.65,7.57,False
2026-09-11,PRVA,55.61,👀 综合中性,20.42,97.32,72.88,20.06,50.0,50.0,31.08,3.19,False
2026-09-11,PSNL,28.62,🚫 风险较高,16.21,74.46,75.0,0.0,50.0,50.0,74.56,17.94,False
2026-09-11,PSQL,21.05,🚫 风险较高,7.98,50.0,50.0,0.0,50.0,50.0,32.48,19.7,False
2026-09-11,PTC,48.18,⚠️ 谨慎评估,130.8,96.87,24.21,77.83,50.0,47.35,27.97,6.45,False
2026-09-11,PXLW,41.01,⚠️ 谨慎评估,7.14,71.06,0.0,100.0,50.0,50.0,96.22,12.82,False
2026-09-11,Q,37.4,⚠️ 谨慎评估,126.4,74.92,24.32,25.26,50.0,50.0,72.24,9.68,False
2026-09-11,QBTS,18.88,🚫 风险较高,16.8,66.67,6.77,30.23,50.0,50.0,16.64,17.35,False
2026-09-11,QCOM,35.64,⚠️ 谨慎评估,182.0,87.45,14.21,56.38,14.09,53.44,52.26,7.25,False
2026-09-11,QDEL,30.6,🚫 风险较高,11.78,81.96,12.0,16.07,50.0,50.0,13.0,7.5,False
2026-09-11,QGEN,39.92,⚠️ 谨慎评估,42.5,65.59,14.97,43.08,50.0,50.0,63.05,4.71,False
2026-09-11,QLYS,56.04,👀 综合中性,150.3,95.2,34.84,79.69,50.0,50.0,74.08,6.07,False
2026-09-11,QMCO,22.5,🚫 风险较高,23.58,63.29,47.23,6.11,50.0,50.0,96.24,20.0,False
2026-09-11,QRVO,47.94,⚠️ 谨慎评估,116.7,95.84,42.38,25.69,50.0,50.0,62.0,6.88,False
2026-09-11,QUBT,29.73,🚫 风险较高,7.99,83.33,100.0,0.0,50.0,50.0,29.78,20.0,False
2026-09-11,QUIK,45.67,⚠️ 谨慎评估,10.82,66.74,82.62,16.45,50.0,50.0,39.78,9.78,False
2026-09-11,RBCN,22.03,🚫 风险较高,6.35,61.52,41.67,3.41,50.0,50.0,62.0,15.06,False
2026-09-11,RBRK,63.14,👀 综合中性,86.65,79.06,94.75,65.07,50.0,50.0,84.44,9.56,False
2026-09-11,RCAT,46.68,⚠️ 谨慎评估,7.96,83.33,100.0,0.0,50.0,50.0,15.96,11.58,False
2026-09-11,RDNT,44.39,⚠️ 谨慎评估,75.49,83.84,36.46,20.49,50.0,50.0,91.59,8.73,False
2026-09-11,RDW,31.34,🚫 风险较高,10.62,83.33,100.0,0.0,50.0,50.0,51.26,20.0,False
2026-09-11,RELY,61.17,👀 综合中性,21.99,99.98,71.12,29.55,50.0,50.0,73.84,3.42,False
2026-09-11,RFIL,30.98,🚫 风险较高,10.32,84.98,22.15,3.64,50.0,50.0,30.36,10.14,False
2026-09-11,RGTI,39.18,⚠️ 谨慎评估,15.27,45.82,100.0,31.25,50.0,50.0,17.28,16.4,False
2026-09-11,RKLB,27.14,🚫 风险较高,62.95,55.92,100.0,0.0,50.0,50.0,50.0,20.0,False
2026-09-11,RMBS,37.72,⚠️ 谨慎评估,86.97,66.41,34.98,65.36,50.0,50.0,50.0,14.11,False
2026-09-11,ROK,40.21,⚠️ 谨慎评估,428.4,71.63,30.31,37.63,50.0,40.75,50.0,6.41,False
2026-09-11,RRX,42.51,⚠️ 谨慎评估,162.3,90.79,31.56,12.21,50.0,50.0,50.0,5.37,False
2026-09-11,RTX,46.28,⚠️ 谨慎评估,197.7,82.66,34.41,16.88,50.0,50.0,50.0,1.39,False
2026-09-11,RVTY,31.81,🚫 风险较高,124.3,44.76,12.94,31.74,50.0,50.0,50.0,5.14,False
2026-09-11,RXRX,38.39,⚠️ 谨慎评估,3.2,74.38,36.36,16.07,92.5,32.45,50.0,14.73,False
2026-09-11,S,54.24,👀 综合中性,19.75,91.37,52.0,47.56,50.0,50.0,50.0,4.17,False
2026-09-11,SAIL,36.54,⚠️ 谨慎评估,17.24,89.48,42.0,42.55,50.0,50.0,50.0,18.24,False
2026-09-11,SARO,41.19,⚠️ 谨慎评估,24.04,93.88,31.18,10.29,50.0,50.0,50.0,6.92,False
2026-09-11,SCCO,59.06,👀 综合中性,193.5,84.16,72.73,64.36,50.0,50.0,50.0,5.61,False
2026-09-11,SCIA,66.57,✅ 综合良好,8.86,97.73,100.0,10.36,50.0,50.0,98.32,4.36,False
2026-09-11,SDGR,39.95,⚠️ 谨慎评估,19.02,82.55,35.83,17.86,91.5,43.56,50.0,15.85,False
2026-09-11,SHC,46.31,⚠️ 谨慎评估,18.37,95.39,55.08,26.42,50.0,50.0,50.0,10.5,False
2026-09-11,SIBN,44.2,⚠️ 谨慎评估,18.38,80.85,31.08,37.5,50.0,50.0,50.0,5.37,False
2026-09-11,SITM,27.53,🚫 风险较高,635.7,28.43,100.0,28.9,50.0,50.0,50.0,18.31,False
2026-09-11,SKHY,63.7,👀 综合中性,190.1,95.74,100.0,99.46,50.0,50.0,50.0,15.37,False
2026-09-11,SKYT,48.45,⚠️ 谨慎评估,32.46,67.24,100.0,0.0,50.0,50.0,50.0,10.0,False
2026-09-11,SLAB,37.34,⚠️ 谨慎评估,220.3,48.86,35.85,25.76,50.0,50.0,50.0,5.26,False
2026-09-11,SLP,35.13,⚠️ 谨慎评估,18.42,71.24,18.75,36.24,50.0,50.0,50.0,9.24,False
2026-09-11,SMCI,52.94,👀 综合中性,40.1,90.0,83.67,26.5,73.49,41.27,50.0,13.78,False
2026-09-11,SMR,11.06,🚫 风险较高,8.61,66.67,0.0,0.0,50.0,50.0,50.0,18.59,False
2026-09-11,SMTC,25.0,🚫 风险较高,167.2,53.35,58.0,27.9,50.0,50.0,50.0,16.02,False
2026-09-11,SNDK,55.1,👀 综合中性,1633.0,89.66,100.0,71.82,50.0,50.0,50.0,18.6,False
2026-09-11,SNOW,49.26,⚠️ 谨慎评估,329.0,51.35,89.14,52.81,54.6,42.18,50.0,11.35,False
2026-09-11,SNPS,63.74,👀 综合中性,397.4,92.22,82.29,75.94,50.97,47.35,50.0,6.6,False
2026-09-11,SOPH,51.23,👀 综合中性,7.87,81.6,68.0,10.67,50.0,50.0,50.0,3.69,False
2026-09-11,SOUN,42.32,⚠️ 谨慎评估,6.26,82.66,100.0,12.14,98.33,70.22,50.0,18.62,True
2026-09-11,SPCX,40.36,⚠️ 谨慎评估,151.2,38.23,100.0,21.59,50.0,50.0,50.0,15.52,False
2026-09-11,SPOK,42.57,⚠️ 谨慎评估,10.65,100.0,5.0,36.0,50.0,50.0,50.0,4.08,False
2026-09-11,SSYS,20.48,🚫 风险较高,7.72,53.66,7.23,5.82,50.0,50.0,50.0,12.93,False
2026-09-11,STE,42.63,⚠️ 谨慎评估,210.8,82.52,22.84,23.79,50.0,50.0,50.0,3.15,False
2026-09-11,STI,59.79,👀 综合中性,7.23,83.33,100.0,37.5,50.0,50.0,50.0,7.5,False
2026-09-11,STX,47.75,⚠️ 谨慎评估,830.2,72.62,89.68,23.57,50.0,50.0,50.0,12.73,False
2026-09-11,SWKS,23.75,🚫 风险较高,88.35,52.22,1.71,12.94,50.0,50.0,50.0,9.06,False
2026-09-11,SXI,41.02,⚠️ 谨慎评估,269.2,72.87,26.86,24.77,50.0,50.0,50.0,3.98,False
2026-09-11,SYK,51.62,👀 综合中性,275.6,88.05,35.18,53.21,50.0,50.0,50.0,2.77,False
2026-09-11,SYM,26.17,🚫 风险较高,42.13,40.0,41.08,21.56,50.0,50.0,50.0,15.33,False
2026-09-11,SYNA,30.86,🚫 风险较高,101.0,75.25,21.38,18.92,50.0,50.0,50.0,12.37,False
2026-09-11,TACT,28.86,🚫 风险较高,5.16,61.21,9.38,15.52,50.0,50.0,50.0,8.05,False
2026-09-11,TALK,42.0,⚠️ 谨慎评估,5.25,72.92,34.0,18.05,50.0,50.0,50.0,3.79,False
2026-09-11,TBRG,40.55,⚠️ 谨慎评估,26.24,100.0,10.42,24.6,50.0,50.0,50.0,5.74,False
2026-09-11,TDG,46.47,⚠️ 谨慎评估,1140.0,67.08,35.41,44.92,50.0,50.0,50.0,2.54,False
2026-09-11,TDOC,27.57,🚫 风险较高,6.16,99.34,0.0,25.72,50.0,50.0,50.0,16.16,False
2026-09-11,TEAM,60.64,👀 综合中性,179.7,91.48,75.89,68.44,50.0,55.44,50.0,7.44,False
2026-09-11,TEM,33.67,🚫 风险较高,59.01,65.19,68.65,20.27,96.67,53.94,50.0,18.08,True
2026-09-11,TENB,45.77,⚠️ 谨慎评估,30.11,90.98,21.5,59.94,50.0,50.0,50.0,6.79,False
2026-09-11,TER,52.84,👀 综合中性,379.7,67.45,100.0,34.26,50.0,50.0,50.0,10.79,False
2026-09-11,TMDX,29.01,🚫 风险较高,82.18,69.96,23.06,30.3,50.0,50.0,50.0,15.29,False
2026-09-11,TMO,46.1,⚠️ 谨慎评估,609.8,89.18,30.62,28.15,50.0,50.0,50.0,3.61,False
2026-09-11,TNC,33.58,🚫 风险较高,68.74,78.55,6.01,8.21,50.0,50.0,50.0,4.86,False
2026-09-11,TNDM,27.76,🚫 风险较高,17.11,64.25,16.62,20.01,50.0,50.0,50.0,12.25,False
2026-09-11,TOST,48.97,⚠️ 谨慎评估,32.12,97.97,75.35,18.6,50.0,50.0,50.0,12.25,False
2026-09-11,TRT,43.18,⚠️ 谨慎评估,10.1,66.74,100.0,1.17,50.0,50.0,50.0,15.34,False
2026-09-11,TSLA,22.17,🚫 风险较高,365.4,22.71,31.08,29.09,50.0,30.45,50.0,12.55,False
2026-09-11,TSM,59.78,👀 综合中性,433.2,73.05,69.7,79.67,50.0,58.27,50.0,5.03,False
2026-09-11,TTD,40.6,⚠️ 谨慎评估,14.34,96.27,4.38,61.75,50.0,50.0,50.0,9.01,False
2026-09-11,TWLO,53.39,👀 综合中性,227.3,88.4,73.75,26.14,50.0,50.0,50.0,6.65,False
2026-09-11,TWST,36.69,⚠️ 谨慎评估,127.2,73.09,58.0,2.29,50.0,50.0,50.0,12.77,False
2026-09-11,TXG,28.63,🚫 风险较高,68.59,52.74,0.0,67.83,50.0,50.0,50.0,12.09,False
2026-09-11,TXN,43.71,⚠️ 谨慎评估,268.7,59.71,38.71,51.02,50.0,46.85,50.0,5.25,False
2026-09-11,TXT,38.65,⚠️ 谨慎评估,81.0,78.97,15.93,8.73,50.0,50.0,50.0,2.44,False
2026-09-11,TYL,50.54,👀 综合中性,336.7,92.83,38.27,46.89,50.0,46.85,50.0,4.31,False
2026-09-11,U,39.72,⚠️ 谨慎评估,43.96,64.73,51.53,55.04,50.0,45.06,50.0,13.87,False
2026-09-11,UCTT,33.08,🚫 风险较高,74.04,81.9,45.08,0.0,50.0,50.0,50.0,14.57,False
2026-09-11,UFPT,39.54,⚠️ 谨慎评估,277.9,76.27,32.38,8.67,50.0,50.0,50.0,5.11,False
2026-09-11,ULBI,46.63,⚠️ 谨慎评估,5.6,91.73,44.99,6.63,50.0,50.0,50.0,3.96,False
2026-09-11,UMAC,32.08,🚫 风险较高,22.95,83.33,100.0,0.0,50.0,50.0,50.0,18.89,False
2026-09-11,VCYT,43.46,⚠️ 谨慎评估,40.87,96.67,38.75,47.35,50.0,50.0,50.0,12.66,False
2026-09-11,VECO,31.44,🚫 风险较高,44.83,70.2,23.25,10.96,50.0,50.0,50.0,10.06,False
2026-09-11,VEEV,55.05,👀 综合中性,262.4,92.95,56.66,64.29,50.0,50.0,50.0,7.35,False
2026-09-11,VELO,29.03,🚫 风险较高,10.53,83.33,88.15,0.0,50.0,50.0,50.0,20.0,False
2026-09-11,VOYG,23.39,🚫 风险较高,33.78,70.11,31.54,0.0,50.0,50.0,50.0,18.52,False
2026-09-11,VREX,31.18,🚫 风险较高,18.46,59.46,13.38,6.0,50.0,50.0,50.0,4.96,False
2026-09-11,VRNS,43.2,⚠️ 谨慎评估,45.12,56.62,45.75,53.92,50.0,50.0,50.0,7.65,False
2026-09-11,VRSN,48.57,⚠️ 谨慎评估,292.7,64.93,23.18,81.65,50.0,50.0,50.0,2.46,False
2026-09-11,VRT,46.56,⚠️ 谨慎评估,257.1,71.65,58.88,37.77,58.53,65.32,50.0,11.39,False
2026-09-11,VSEC,54.04,👀 综合中性,195.0,75.97,100.0,0.77,50.0,50.0,50.0,6.27,False
2026-09-11,VSH,38.08,⚠️ 谨慎评估,33.21,84.34,61.05,0.0,50.0,50.0,50.0,14.05,False
2026-09-11,VVX,47.4,⚠️ 谨慎评估,72.22,97.93,31.69,11.06,50.0,50.0,50.0,1.77,False
2026-09-11,WAT,58.12,👀 综合中性,408.3,85.3,100.0,14.36,50.0,50.0,50.0,6.09,False
2026-09-11,WAY,52.32,👀 综合中性,23.47,98.97,45.51,53.94,50.0,50.0,50.0,6.94,False
2026-09-11,WDAY,58.9,👀 综合中性,185.7,98.57,61.34,67.2,50.0,48.85,50.0,6.11,False
2026-09-11,WDC,46.62,⚠️ 谨慎评估,447.2,78.92,85.46,29.36,50.0,50.0,50.0,14.93,False
2026-09-11,WEAV,43.03,⚠️ 谨慎评估,7.31,97.27,38.75,37.99,50.0,50.0,50.0,11.81,False
2026-09-11,WEX,62.07,👀 综合中性,191.5,100.0,60.86,68.59,50.0,50.0,50.0,3.43,False
2026-09-11,WGS,26.95,🚫 风险较高,85.27,67.39,28.5,18.17,50.0,50.0,50.0,16.38,False
2026-09-11,WIX,46.33,⚠️ 谨慎评估,76.58,100.0,37.25,40.77,50.0,50.0,50.0,9.1,False
2026-09-11,WOLF,26.82,🚫 风险较高,25.92,100.0,0.0,45.45,50.0,50.0,50.0,20.0,False
2026-09-11,WTS,43.79,⚠️ 谨慎评估,356.0,75.86,34.13,22.31,50.0,50.0,50.0,3.26,False
2026-09-11,WWD,43.36,⚠️ 谨慎评估,337.3,70.36,43.1,7.04,50.0,50.0,50.0,2.54,False
2026-09-11,XE,45.0,⚠️ 谨慎评估,14.93,100.0,100.0,0.0,50.0,50.0,50.0,20.0,False
2026-09-11,XGN,30.33,🚫 风险较高,7.03,83.28,39.75,5.42,50.0,50.0,50.0,17.08,False
2026-09-11,XPON,25.83,🚫 风险较高,5.07,66.67,0.0,0.0,50.0,50.0,50.0,7.5,False
2026-09-11,XYL,36.89,⚠️ 谨慎评估,107.0,69.2,19.55,17.54,50.0,50.0,50.0,4.47,False
2026-09-11,XYZ,19.66,🚫 风险较高,79.21,88.54,13.56,13.57,50.0,50.0,50.0,16.92,False
2026-09-11,YSS,25.56,🚫 风险较高,7.88,98.2,23.69,0.0,50.0,50.0,50.0,20.0,False
2026-09-11,ZBH,52.31,👀 综合中性,93.49,93.62,27.48,57.86,50.0,50.0,50.0,1.96,False
2026-09-11,ZETA,58.22,👀 综合中性,30.18,93.45,100.0,25.16,50.0,50.0,50.0,9.24,False
2026-09-11,ZM,55.16,👀 综合中性,95.57,94.9,42.14,70.21,50.0,46.56,50.0,4.54,False
2026-09-11,ZS,60.54,👀 综合中性,164.5,77.42,85.82,68.85,50.0,59.25,50.0,7.65,False
2026-09-12,A,44.04,⚠️ 谨慎评估,146.9,86.19,26.66,27.18,50.0,50.0,72.59,6.2,False
2026-09-12,AADX,37.67,⚠️ 谨慎评估,12.2,87.06,80.62,1.97,50.0,50.0,14.44,16.64,False
2026-09-12,AAPL,44.31,⚠️ 谨慎评估,332.3,54.11,33.05,41.13,50.0,46.85,83.04,3.93,False
2026-09-12,ABT,40.47,⚠️ 谨慎评估,102.0,77.49,16.15,42.42,50.0,50.0,38.62,4.29,False
2026-09-12,ACHR,17.71,🚫 风险较高,5.58,66.67,50.0,0.0,50.0,50.0,27.81,20.0,False
2026-09-12,ACIW,56.99,👀 综合中性,52.09,97.33,52.31,29.93,50.0,50.0,89.95,4.04,False
2026-09-12,ACLS,25.27,🚫 风险较高,113.4,66.51,14.0,8.82,50.0,50.0,47.94,12.65,False
2026-09-12,ACMR,44.75,⚠️ 谨慎评估,72.0,78.66,78.46,4.79,50.0,50.0,79.49,14.26,False
2026-09-12,ACN,47.89,⚠️ 谨慎评估,183.9,97.76,28.82,49.36,50.0,45.06,54.9,6.27,False
2026-09-12,ADBE,52.05,👀 综合中性,252.2,97.08,38.4,80.6,46.97,45.06,47.45,7.7,False
2026-09-12,ADI,57.16,👀 综合中性,378.8,58.59,59.99,77.66,50.0,47.35,85.11,4.45,False
2026-09-12,ADIG,33.83,🚫 风险较高,20.53,86.51,8.77,9.07,50.0,50.0,51.95,7.22,False
2026-09-12,ADPT,40.03,⚠️ 谨慎评估,24.2,78.45,53.75,14.3,50.0,50.0,76.84,13.93,False
2026-09-12,ADSE,41.45,⚠️ 谨慎评估,11.58,81.65,0.0,31.25,50.0,50.0,70.33,1.6,False
2026-09-12,ADSK,56.12,👀 综合中性,212.4,97.13,61.53,75.11,50.0,47.35,26.31,7.32,False
2026-09-12,ADVB,30.25,🚫 风险较高,8.19,66.67,50.0,0.0,50.0,50.0,94.16,20.0,False
2026-09-12,AEHR,23.21,🚫 风险较高,94.69,50.77,59.54,0.0,50.0,50.0,90.52,18.14,False
2026-09-12,AEIS,46.73,⚠️ 谨慎评估,287.2,75.75,70.79,1.75,50.0,50.0,60.89,7.47,False
2026-09-12,AFRM,39.45,⚠️ 谨慎评估,71.44,93.62,90.92,18.46,50.0,59.75,72.48,14.84,True
2026-09-12,AHCO,31.39,🚫 风险较高,6.06,83.33,27.23,7.26,50.0,50.0,36.96,11.87,False
2026-09-12,AI,43.16,⚠️ 谨慎评估,10.54,86.97,28.05,26.92,97.33,53.44,69.22,17.02,False
2026-09-12,AIP,49.32,⚠️ 谨慎评估,22.69,70.82,78.77,68.75,50.0,50.0,54.47,15.3,False
2026-09-12,AIR,46.33,⚠️ 谨慎评估,125.5,82.65,43.29,3.56,50.0,50.0,72.03,3.76,False
2026-09-12,AKAM,41.95,⚠️ 谨慎评估,106.8,89.96,7.87,31.16,50.0,50.0,60.35,3.72,False
2026-09-12,ALAB,34.6,🚫 风险较高,291.2,49.18,100.0,45.47,50.0,50.0,94.72,20.0,False
2026-09-12,ALGM,32.72,🚫 风险较高,36.31,54.88,50.0,20.61,50.0,50.0,52.23,14.07,False
2026-09-12,ALMR,63.4,👀 综合中性,27.89,97.24,100.0,33.93,50.0,50.0,62.54,7.39,False
2026-09-12,ALMU,24.64,🚫 风险较高,13.41,66.67,3.69,4.43,50.0,50.0,22.2,7.5,False
2026-09-12,ALOT,34.91,🚫 风险较高,28.99,66.64,14.46,10.26,50.0,50.0,62.0,4.77,False
2026-09-12,AMAT,45.16,⚠️ 谨慎评估,456.5,62.08,43.69,44.11,50.0,47.35,74.57,6.99,False
2026-09-12,AMBA,28.21,🚫 风险较高,67.86,56.54,28.0,31.34,50.0,50.0,55.25,15.32,False
2026-09-12,AMBQ,55.64,👀 综合中性,63.52,82.63,100.0,4.53,50.0,50.0,97.04,11.27,False
2026-09-12,AMD,50.01,👀 综合中性,516.1,49.73,75.78,58.03,35.89,53.94,99.04,10.06,False
2026-09-12,AME,45.52,⚠️ 谨慎评估,241.9,67.67,29.82,22.38,50.0,50.0,81.09,1.93,False
2026-09-12,AMKR,28.56,🚫 风险较高,51.73,87.08,69.13,0.0,50.0,50.0,55.66,17.18,False
2026-09-12,AMPX,27.78,🚫 风险较高,9.44,66.67,100.0,0.0,50.0,50.0,25.4,18.84,False
2026-09-12,AMSC,16.22,🚫 风险较高,29.53,58.98,44.47,0.05,50.0,50.0,37.1,20.0,False
2026-09-12,AMWL,31.99,🚫 风险较高,13.0,87.76,0.0,8.17,50.0,50.0,98.84,11.67,False
2026-09-12,AMZN,54.98,👀 综合中性,256.8,78.41,65.8,28.84,50.0,61.44,79.62,5.58,False
2026-09-12,ANET,51.18,👀 综合中性,199.6,40.53,53.93,72.88,56.0,55.44,97.84,7.87,False
2026-09-12,AORT,26.98,🚫 风险较高,25.08,47.71,25.08,34.32,50.0,50.0,14.8,10.46,False
2026-09-12,AOS,34.37,🚫 风险较高,57.39,88.32,5.6,19.7,50.0,50.0,29.86,5.64,False
2026-09-12,AOSL,16.32,🚫 风险较高,25.78,34.67,20.14,20.1,50.0,43.56,44.49,12.03,True
2026-09-12,APP,51.92,👀 综合中性,324.0,96.7,97.92,72.96,87.33,78.72,38.0,14.67,True
2026-09-12,ARM,30.77,🚫 风险较高,264.8,20.19,64.64,74.91,39.07,62.03,98.4,14.26,True
2026-09-12,ARXS,52.43,👀 综合中性,52.45,78.23,46.15,22.45,50.0,50.0,92.16,2.34,False
2026-09-12,ASML,39.8,⚠️ 谨慎评估,1698.0,38.13,31.3,76.76,50.0,40.75,86.01,9.84,False
2026-09-12,ASYS,43.46,⚠️ 谨慎评估,14.91,90.89,59.17,20.36,50.0,50.0,63.19,13.88,False
2026-09-12,ATEC,39.95,⚠️ 谨慎评估,10.58,72.04,30.92,43.68,50.0,50.0,41.15,7.86,False
2026-09-12,ATKR,38.65,⚠️ 谨慎评估,94.15,95.73,11.76,13.63,50.0,50.0,81.92,8.67,False
2026-09-12,ATRO,52.4,👀 综合中性,73.98,80.26,70.38,2.8,50.0,50.0,85.72,5.24,False
2026-09-12,AVAV,20.13,🚫 风险较高,146.7,53.13,16.46,0.0,50.0,50.0,23.48,11.96,False
2026-09-12,AVGO,47.48,⚠️ 谨慎评估,362.0,71.66,87.07,63.11,62.55,59.88,62.86,7.05,True
2026-09-12,AVNS,31.45,🚫 风险较高,24.99,75.77,12.38,15.04,50.0,50.0,50.0,9.05,False
2026-09-12,AVR,45.82,⚠️ 谨慎评估,8.35,33.33,100.0,37.5,50.0,50.0,82.4,14.71,False
2026-09-12,AXGN,44.75,⚠️ 谨慎评估,42.16,47.24,43.23,45.06,50.0,50.0,67.94,4.06,False
2026-09-12,AXON,28.97,🚫 风险较高,479.3,37.41,36.79,31.59,50.0,50.0,37.81,11.23,False
2026-09-12,AXTI,40.53,⚠️ 谨慎评估,64.77,36.1,100.0,0.0,50.0,50.0,90.4,15.73,False
2026-09-12,AYI,40.43,⚠️ 谨慎评估,319.0,81.43,28.91,24.76,50.0,50.0,50.54,6.85,False
2026-09-12,BA,35.62,⚠️ 谨慎评估,210.4,71.24,20.0,6.23,50.0,50.0,57.22,5.28,False
2026-09-12,BBAI,22.55,🚫 风险较高,2.87,77.41,41.78,0.0,86.67,43.06,18.44,19.34,True
2026-09-12,BBNX,36.71,⚠️ 谨慎评估,16.57,82.77,65.85,22.89,50.0,50.0,52.63,20.0,False
2026-09-12,BDSX,62.34,👀 综合中性,26.96,83.33,85.5,38.36,50.0,50.0,94.36,5.89,False
2026-09-12,BE,31.29,🚫 风险较高,275.8,53.7,100.0,17.79,50.0,50.0,72.16,18.9,False
2026-09-12,BETA,44.76,⚠️ 谨慎评估,21.17,74.47,100.0,25.07,50.0,50.0,61.1,20.0,False
2026-09-12,BFLY,46.23,⚠️ 谨慎评估,7.33,77.47,68.46,36.06,50.0,50.0,72.96,14.08,False
2026-09-12,BIAF,39.61,⚠️ 谨慎评估,7.95,83.33,47.5,0.0,50.0,50.0,35.72,7.5,False
2026-09-12,BIO,38.77,⚠️ 谨慎评估,369.3,56.9,17.83,27.66,50.0,50.0,85.92,4.81,False
2026-09-12,BIOQ,39.51,⚠️ 谨慎评估,33.0,100.0,0.0,38.88,50.0,50.0,0.0,1.32,False
2026-09-12,BKFG,29.95,🚫 风险较高,94.0,67.23,0.0,10.04,50.0,50.0,0.0,0.0,False
2026-09-12,BLLN,49.19,⚠️ 谨慎评估,98.77,63.16,100.0,34.03,50.0,50.0,77.75,16.32,False
2026-09-12,BLSH,49.06,⚠️ 谨慎评估,35.12,76.65,100.0,46.11,50.0,50.0,68.12,20.0,False
2026-09-12,BOX,50.73,👀 综合中性,33.75,96.62,34.0,45.22,50.0,50.0,95.88,8.46,False
2026-09-12,BRAI,24.75,🚫 风险较高,5.68,66.67,50.0,0.0,50.0,50.0,39.14,20.0,False
2026-09-12,BRKR,35.28,⚠️ 谨慎评估,53.43,71.5,15.69,17.2,50.0,50.0,73.55,7.88,False
2026-09-12,BSX,40.84,⚠️ 谨慎评估,42.98,88.65,23.41,55.18,50.0,50.0,13.88,7.41,False
2026-09-12,BTSG,56.37,👀 综合中性,58.73,98.55,75.21,19.44,50.0,50.0,93.88,9.45,False
2026-09-12,BVS,58.78,👀 综合中性,12.98,92.21,49.56,53.97,50.0,50.0,74.84,2.63,False
2026-09-12,BW,53.2,👀 综合中性,7.94,79.06,100.0,29.98,50.0,50.0,32.68,10.38,False
2026-09-12,BWXT,35.13,⚠️ 谨慎评估,150.1,59.6,32.48,7.29,50.0,50.0,30.6,4.06,False
2026-09-12,CAMT,21.38,🚫 风险较高,148.0,23.21,10.2,19.94,50.0,50.0,62.99,10.1,False
2026-09-12,CARL,53.28,👀 综合中性,14.73,83.33,100.0,26.31,50.0,50.0,78.76,15.21,False
2026-09-12,CBLL,51.96,👀 综合中性,23.63,80.39,57.69,37.5,50.0,50.0,90.4,8.21,False
2026-09-12,CBRS,45.2,⚠️ 谨慎评估,191.9,73.1,100.0,0.0,50.0,50.0,49.07,14.33,False
2026-09-12,CDNA,55.51,👀 综合中性,50.26,68.24,100.0,41.57,50.0,50.0,96.52,14.03,False
2026-09-12,CDNS,55.46,👀 综合中性,289.4,76.44,61.29,85.09,53.8,45.93,36.74,6.94,False
2026-09-12,CDRE,38.31,⚠️ 谨慎评估,28.58,93.86,35.35,16.64,50.0,50.0,15.21,8.32,False
2026-09-12,CERT,27.08,🚫 风险较高,7.55,65.85,2.5,28.21,50.0,50.0,60.23,11.97,False
2026-09-12,CEVA,33.79,🚫 风险较高,29.01,62.91,27.85,42.55,50.0,50.0,71.52,14.29,False
2026-09-12,CHKP,38.35,⚠️ 谨慎评估,131.6,45.0,13.15,77.31,50.0,50.0,48.19,5.35,False
2026-09-12,CLS,50.75,👀 综合中性,346.6,81.16,75.85,21.96,35.28,55.44,73.11,7.65,False
2026-09-12,CMI,33.47,🚫 风险较高,556.8,64.41,21.5,9.44,50.0,50.0,41.32,5.34,False
2026-09-12,CMPD,30.09,🚫 风险较高,6.75,52.94,3.5,0.0,50.0,50.0,82.28,4.6,False
2026-09-12,CNMD,39.23,⚠️ 谨慎评估,46.3,66.96,15.59,34.72,50.0,50.0,68.86,5.15,False
2026-09-12,COHR,48.94,⚠️ 谨慎评估,305.4,66.06,76.06,23.7,50.24,56.94,86.56,11.24,False
2026-09-12,COHU,44.7,⚠️ 谨慎评估,57.08,59.99,66.77,18.16,50.0,50.0,95.84,11.3,False
2026-09-12,CORZ,36.14,⚠️ 谨慎评估,17.94,79.7,100.0,31.25,50.0,50.0,52.89,17.73,False
2026-09-12,CPAY,62.38,👀 综合中性,408.2,98.49,38.12,75.89,50.0,50.0,88.36,2.07,False
2026-09-12,CR,44.85,⚠️ 谨慎评估,201.8,69.36,38.09,25.68,50.0,50.0,67.07,4.1,False
2026-09-12,CRCT,47.46,⚠️ 谨慎评估,5.62,78.06,31.04,31.86,50.0,50.0,94.4,5.13,False
2026-09-12,CRDO,33.91,🚫 风险较高,162.9,67.69,98.99,50.09,50.0,50.0,34.51,19.04,False
2026-09-12,CRL,38.75,⚠️ 谨慎评估,278.3,99.41,0.0,24.66,50.0,50.0,81.96,8.03,False
2026-09-12,CRM,60.08,👀 综合中性,247.7,96.03,55.31,71.01,50.0,48.85,82.08,6.7,False
2026-09-12,CRSR,28.09,🚫 风险较高,13.54,87.84,4.92,5.55,50.0,50.0,71.84,13.72,False
2026-09-12,CRUS,49.43,⚠️ 谨慎评估,118.8,96.68,33.6,55.91,50.0,51.15,45.23,6.33,False
2026-09-12,CRWD,54.74,👀 综合中性,206.7,36.14,81.63,67.3,50.0,63.66,96.44,9.0,False
2026-09-12,CRWV,47.01,⚠️ 谨慎评估,88.99,82.63,100.0,20.92,50.0,50.0,63.45,19.0,False
2026-09-12,CSCO,53.07,👀 综合中性,112.1,67.62,36.63,59.76,50.0,47.35,95.4,2.85,False
2026-09-12,CSTL,48.43,⚠️ 谨慎评估,32.33,83.33,50.25,36.11,50.0,50.0,74.03,8.62,False
2026-09-12,CSW,48.49,⚠️ 谨慎评估,300.7,79.38,49.76,13.34,50.0,50.0,54.3,2.26,False
2026-09-12,CTEV,45.47,⚠️ 谨慎评估,35.98,92.17,16.5,46.44,50.0,50.0,90.84,8.14,False
2026-09-12,CUAI,34.07,🚫 风险较高,6.45,50.88,100.0,46.35,50.0,50.0,83.04,20.0,False
2026-09-12,CW,34.78,🚫 风险较高,558.9,60.75,25.86,18.8,50.0,50.0,16.01,3.26,False
2026-09-12,CXT,51.1,👀 综合中性,51.99,99.91,45.72,22.2,50.0,50.0,89.1,7.55,False
2026-09-12,DBX,43.54,⚠️ 谨慎评估,35.56,45.2,8.24,73.26,50.0,50.0,96.64,3.21,False
2026-09-12,DCI,41.12,⚠️ 谨慎评估,89.25,80.66,23.47,13.73,50.0,50.0,53.58,3.3,False
2026-09-12,DCO,46.22,⚠️ 谨慎评估,172.7,76.06,41.47,8.93,50.0,50.0,75.6,3.26,False
2026-09-12,DCTH,49.25,⚠️ 谨慎评估,15.91,70.35,29.92,59.26,50.0,50.0,73.72,3.56,False
2026-09-12,DDOG,61.65,👀 综合中性,221.2,55.81,90.15,68.4,61.43,63.53,89.32,9.88,False
2026-09-12,DELL,42.6,⚠️ 谨慎评估,567.3,91.76,72.43,14.14,50.0,54.94,82.08,5.48,True
2026-09-12,DGX,54.58,👀 综合中性,235.0,97.69,33.1,26.72,50.0,50.0,79.84,0.23,False
2026-09-12,DHR,51.0,👀 综合中性,200.1,90.3,49.53,30.77,50.0,50.0,44.39,3.5,False
2026-09-12,DIOD,35.13,⚠️ 谨慎评估,95.01,67.13,31.25,11.27,50.0,50.0,94.64,12.26,False
2026-09-12,DLO,74.33,✅ 综合良好,14.86,98.54,89.88,69.82,50.0,66.39,86.24,3.58,False
2026-09-12,DOCN,40.44,⚠️ 谨慎评估,123.0,69.89,41.71,12.69,50.0,50.0,96.12,10.48,False
2026-09-12,DOCS,43.4,⚠️ 谨慎评估,25.58,96.52,10.65,80.26,50.0,50.0,51.88,10.79,False
2026-09-12,DOCU,59.33,👀 综合中性,65.65,96.54,43.17,67.21,50.0,46.85,97.4,5.28,False
2026-09-12,DOV,39.22,⚠️ 谨慎评估,189.1,83.06,22.52,14.73,50.0,50.0,36.78,3.91,False
2026-09-12,DOX,41.91,⚠️ 谨慎评估,61.42,96.14,3.94,36.29,50.0,50.0,58.61,4.61,False
2026-09-12,DPC,41.41,⚠️ 谨慎评估,42.3,75.22,59.54,0.0,50.0,50.0,47.05,8.22,False
2026-09-12,DRIO,21.78,🚫 风险较高,6.93,66.67,0.0,2.36,50.0,50.0,29.64,9.87,False
2026-09-12,DRS,44.16,⚠️ 谨慎评估,36.07,84.7,41.33,16.02,50.0,50.0,22.06,2.72,False
2026-09-12,DT,60.29,👀 综合中性,51.07,93.88,45.03,73.71,52.47,55.44,96.32,6.47,False
2026-09-12,DUOL,61.74,👀 综合中性,143.7,94.59,48.01,80.7,50.0,47.73,50.0,1.06,False
2026-09-12,DXCM,47.57,⚠️ 谨慎评估,83.03,78.62,38.33,49.53,50.0,50.0,71.44,7.31,False
2026-09-12,EAF,16.93,🚫 风险较高,6.58,66.67,2.46,0.0,50.0,50.0,32.44,15.26,False
2026-09-12,EMR,45.66,⚠️ 谨慎评估,152.2,80.32,25.7,39.31,50.0,50.0,74.71,5.2,False
2026-09-12,ENOV,29.4,🚫 风险较高,19.28,72.49,12.62,35.29,50.0,50.0,12.92,9.84,False
2026-09-12,ENR,36.75,⚠️ 谨慎评估,20.58,77.76,5.56,17.62,50.0,50.0,72.05,5.04,False
2026-09-12,ENS,48.81,⚠️ 谨慎评估,179.4,95.52,50.46,21.45,50.0,50.0,45.65,5.69,False
2026-09-12,ENTG,44.49,⚠️ 谨慎评估,140.4,72.3,47.83,23.61,50.0,50.0,84.53,8.92,False
2026-09-12,EPAC,48.06,⚠️ 谨慎评估,35.22,91.36,31.11,36.08,50.0,50.0,41.17,2.52,False
2026-09-12,ESP,49.91,⚠️ 谨慎评估,63.69,85.19,41.04,12.93,50.0,50.0,85.29,2.86,False
2026-09-12,ESTA,48.46,⚠️ 谨慎评估,70.94,63.4,56.46,37.5,50.0,50.0,60.66,5.03,False
2026-09-12,ESTC,59.3,👀 综合中性,83.39,66.3,71.0,72.42,50.87,62.03,93.12,8.26,False
2026-09-12,ETN,40.0,⚠️ 谨慎评估,425.4,59.34,25.12,12.45,50.0,50.0,89.41,3.96,False
2026-09-12,EW,45.46,⚠️ 谨慎评估,84.37,66.78,16.69,60.64,50.0,50.0,46.99,0.86,False
2026-09-12,EXLS,51.56,👀 综合中性,35.26,92.33,42.03,46.23,50.0,47.35,62.51,5.33,False
2026-09-12,FAC,31.31,🚫 风险较高,5.31,100.0,50.0,0.0,50.0,50.0,38.08,20.0,False
2026-09-12,FCEL,15.47,🚫 风险较高,15.89,81.82,0.0,0.0,50.0,50.0,81.88,18.93,False
2026-09-12,FCX,39.86,⚠️ 谨慎评估,71.07,85.29,16.7,11.67,50.0,50.0,84.44,6.57,False
2026-09-12,FELE,39.57,⚠️ 谨慎评估,97.83,79.44,20.77,11.71,50.0,50.0,45.9,2.86,False
2026-09-12,FFIV,55.51,👀 综合中性,411.7,90.59,32.25,65.87,50.0,50.0,98.52,5.4,False
2026-09-12,FLGT,33.49,🚫 风险较高,20.45,82.28,11.0,0.0,50.0,50.0,70.24,7.74,False
2026-09-12,FLS,38.56,⚠️ 谨慎评估,74.46,90.4,18.4,12.6,50.0,50.0,53.65,6.37,False
2026-09-12,FLY,38.26,⚠️ 谨慎评估,21.13,83.33,100.0,0.0,50.0,50.0,15.96,20.0,False
2026-09-12,FN,46.56,⚠️ 谨慎评估,414.6,78.44,61.31,28.89,50.86,53.44,27.72,7.08,False
2026-09-12,FORM,49.34,⚠️ 谨慎评估,115.0,63.1,74.78,20.99,50.0,50.0,87.93,8.92,False
2026-09-12,FOUR,43.89,⚠️ 谨慎评估,45.05,100.0,49.73,24.86,50.0,50.0,43.61,11.63,False
2026-09-12,FPS,39.43,⚠️ 谨慎评估,31.82,70.51,100.0,0.0,50.0,50.0,32.52,17.92,False
2026-09-12,FRNM,65.96,✅ 综合良好,14.37,94.36,100.0,2.98,50.0,50.0,95.88,2.95,False
2026-09-12,FTAI,32.2,🚫 风险较高,186.1,75.98,41.19,0.69,50.0,50.0,19.2,10.32,False
2026-09-12,FTNT,64.73,👀 综合中性,156.1,81.07,71.25,73.5,50.0,43.56,94.88,4.17,False
2026-09-12,GD,44.18,⚠️ 谨慎评估,355.9,84.1,23.35,15.81,50.0,50.0,48.34,0.68,False
2026-09-12,GDDY,50.35,👀 综合中性,98.07,97.34,35.56,43.83,50.0,50.0,73.36,6.92,False
2026-09-12,GE,40.73,⚠️ 谨慎评估,323.7,55.16,38.93,29.17,50.0,54.94,52.51,5.16,False
2026-09-12,GEHC,40.3,⚠️ 谨慎评估,63.93,95.54,22.47,15.02,50.0,50.0,18.53,3.53,False
2026-09-12,GEN,59.6,👀 综合中性,30.26,94.14,50.85,70.01,50.0,50.0,98.12,7.25,False
2026-09-12,GEV,48.23,⚠️ 谨慎评估,957.3,48.79,65.36,46.04,50.0,57.48,80.6,8.58,False
2026-09-12,GFS,26.88,🚫 风险较高,46.95,83.41,9.69,11.39,50.0,50.0,43.92,13.33,False
2026-09-12,GGG,40.62,⚠️ 谨慎评估,76.7,64.07,19.43,44.8,50.0,50.0,39.18,2.69,False
2026-09-12,GH,57.98,👀 综合中性,157.4,79.37,100.0,20.97,50.0,50.0,81.12,9.15,False
2026-09-12,GHM,31.65,🚫 风险较高,87.9,46.62,30.15,0.67,50.0,50.0,49.34,5.25,False
2026-09-12,GKOS,59.43,👀 综合中性,167.2,63.01,83.85,40.12,50.0,50.0,76.12,2.76,False
2026-09-12,GMED,42.38,⚠️ 谨慎评估,74.19,86.95,9.78,59.15,50.0,50.0,19.18,3.25,False
2026-09-12,GNRC,37.8,⚠️ 谨慎评估,187.0,86.94,52.89,6.78,50.0,50.0,36.78,12.51,False
2026-09-12,GOOGL,58.49,👀 综合中性,338.5,64.66,51.47,88.27,50.0,70.89,66.85,4.32,False
2026-09-12,GRAL,25.13,🚫 风险较高,76.23,76.31,64.25,0.0,50.0,50.0,71.76,20.0,False
2026-09-12,GRC,40.0,⚠️ 谨慎评估,74.47,76.1,22.74,13.8,50.0,50.0,70.71,5.05,False
2026-09-12,GRMN,49.9,⚠️ 谨慎评估,282.7,70.09,32.53,55.3,50.0,51.15,81.12,3.77,False
2026-09-12,GSIT,10.85,🚫 风险较高,5.11,33.33,8.46,16.66,50.0,50.0,15.92,17.02,False
2026-09-12,GTES,51.69,👀 综合中性,26.04,95.74,52.08,17.46,50.0,50.0,75.5,5.65,False
2026-09-12,GTLB,64.13,👀 综合中性,46.99,76.68,81.78,72.28,50.0,70.01,99.96,9.49,False
2026-09-12,GTLS,28.52,🚫 风险较高,209.9,79.25,0.0,8.22,50.0,50.0,50.0,8.56,False
2026-09-12,HAE,42.7,⚠️ 谨慎评估,102.7,61.77,17.46,54.05,50.0,50.0,73.88,4.51,False
2026-09-12,HAWK,41.41,⚠️ 谨慎评估,16.3,46.15,100.0,54.55,50.0,50.0,11.84,17.19,False
2026-09-12,HAYW,37.34,⚠️ 谨慎评估,13.11,76.23,18.82,30.36,50.0,50.0,24.05,4.57,False
2026-09-12,HII,39.44,⚠️ 谨慎评估,279.7,88.5,33.89,7.18,50.0,50.0,17.68,4.58,False
2026-09-12,HLIO,48.08,⚠️ 谨慎评估,70.66,91.57,52.27,15.7,50.0,50.0,52.12,5.87,False
2026-09-12,HNGE,63.04,👀 综合中性,88.59,90.99,100.0,70.18,50.0,50.0,94.12,15.1,False
2026-09-12,HON,46.76,⚠️ 谨慎评估,202.4,90.23,40.5,28.21,50.0,45.06,30.63,3.21,False
2026-09-12,HONA,23.9,🚫 风险较高,158.3,80.76,9.33,5.72,50.0,50.0,30.99,13.54,False
2026-09-12,HPE,56.12,👀 综合中性,62.09,94.66,57.17,25.53,50.0,45.06,99.48,5.39,False
2026-09-12,HPQ,38.31,⚠️ 谨慎评估,35.48,76.5,18.73,13.24,50.0,50.0,81.6,6.82,False
2026-09-12,HQY,53.33,👀 综合中性,96.26,93.04,29.16,58.73,50.0,50.0,67.13,3.09,False
2026-09-12,HSTM,57.06,👀 综合中性,29.11,96.15,43.44,38.29,50.0,50.0,95.36,3.31,False
2026-09-12,HTFL,55.36,👀 综合中性,49.88,79.36,100.0,36.86,50.0,50.0,94.16,15.46,False
2026-09-12,HUBB,40.97,⚠️ 谨慎评估,460.4,71.16,24.85,12.51,50.0,50.0,58.11,2.16,False
2026-09-12,HUBS,57.9,👀 综合中性,225.3,93.49,73.91,66.1,50.0,56.94,41.58,9.04,False
2026-09-12,HWM,39.68,⚠️ 谨慎评估,229.6,61.24,44.52,14.39,50.0,50.0,38.01,4.66,False
2026-09-12,HXL,50.79,👀 综合中性,92.74,79.24,53.33,15.05,50.0,50.0,74.33,3.08,False
2026-09-12,IART,34.58,🚫 风险较高,15.5,71.55,8.92,29.13,50.0,50.0,69.18,8.25,False
2026-09-12,IBM,30.39,🚫 风险较高,243.3,69.92,16.52,37.74,50.0,45.06,61.14,3.87,True
2026-09-12,ICHR,32.49,🚫 风险较高,57.35,67.48,42.62,1.04,50.0,50.0,71.88,14.0,False
2026-09-12,ICLR,35.16,⚠️ 谨慎评估,169.3,85.82,1.75,25.22,50.0,50.0,92.21,10.45,False
2026-09-12,IDXGD,43.29,⚠️ 谨慎评估,6.5,100.0,0.0,37.91,50.0,50.0,68.48,4.24,False
2026-09-12,IDXX,38.29,⚠️ 谨慎评估,504.7,84.66,33.73,33.32,50.0,50.0,19.74,9.05,False
2026-09-12,IE,23.79,🚫 风险较高,10.4,66.67,0.0,23.4,50.0,50.0,27.72,10.83,False
2026-09-12,IEX,42.26,⚠️ 谨慎评估,224.2,65.42,20.96,25.48,50.0,50.0,70.51,1.94,False
2026-09-12,ILMN,43.74,⚠️ 谨慎评估,206.4,82.37,19.23,39.83,50.0,50.0,87.32,7.25,False
2026-09-12,INFQ,49.68,⚠️ 谨慎评估,13.12,95.96,100.0,9.74,50.0,50.0,72.48,18.22,False
2026-09-12,INIO,32.8,🚫 风险较高,20.35,70.21,72.62,1.31,50.0,50.0,24.64,17.06,False
2026-09-12,INMD,42.3,⚠️ 谨慎评估,14.9,96.07,4.49,65.53,50.0,50.0,69.39,9.8,False
2026-09-12,INSP,32.06,🚫 风险较高,73.0,48.81,0.0,51.95,50.0,50.0,70.06,7.5,False
2026-09-12,INTC,21.25,🚫 风险较高,102.9,56.75,11.01,23.62,50.0,26.09,87.84,10.71,False
2026-09-12,INTT,40.3,⚠️ 谨慎评估,11.42,89.58,46.92,9.59,50.0,50.0,46.71,10.46,False
2026-09-12,IONQ,28.92,🚫 风险较高,36.75,81.64,100.0,0.0,50.0,50.0,22.3,20.0,False
2026-09-12,IOT,52.55,👀 综合中性,38.38,60.44,74.75,48.4,50.0,50.0,89.74,9.46,False
2026-09-12,IPGP,26.79,🚫 风险较高,79.99,62.52,14.45,4.94,50.0,50.0,28.8,7.95,False
2026-09-12,IQV,47.16,⚠️ 谨慎评估,261.8,97.87,22.79,27.44,50.0,50.0,94.96,6.72,False
2026-09-12,IR,37.91,⚠️ 谨慎评估,72.93,86.53,20.77,21.42,50.0,50.0,28.42,5.64,False
2026-09-12,IRMD,30.58,🚫 风险较高,82.22,22.12,8.47,59.41,50.0,50.0,26.2,2.49,False
2026-09-12,IRTC,33.16,🚫 风险较高,111.4,42.96,38.62,47.83,50.0,50.0,19.73,9.23,False
2026-09-12,ISRG,43.12,⚠️ 谨慎评估,369.1,62.62,40.67,66.71,50.0,53.44,30.68,7.99,False
2026-09-12,ITGR,33.76,🚫 风险较高,126.0,56.82,2.15,11.67,50.0,50.0,99.08,4.8,False
2026-09-12,ITT,46.73,⚠️ 谨慎评估,204.1,73.71,50.71,8.46,50.0,50.0,75.56,4.51,False
2026-09-12,ITW,39.68,⚠️ 谨慎评估,268.2,65.13,20.41,24.76,50.0,50.0,53.94,2.56,False
2026-09-12,JBL,47.11,⚠️ 谨慎评估,318.1,89.42,31.9,19.01,50.0,46.85,83.03,4.59,False
2026-09-12,JBTM,47.78,⚠️ 谨慎评估,114.4,95.44,50.55,12.27,50.0,50.0,35.79,4.36,False
2026-09-12,KAI,42.61,⚠️ 谨慎评估,266.3,87.64,40.01,18.61,50.0,50.0,19.91,4.7,False
2026-09-12,KE,39.71,⚠️ 谨慎评估,26.17,98.49,20.03,9.77,50.0,50.0,47.17,6.18,False
2026-09-12,KIDS,48.19,⚠️ 谨慎评估,22.06,82.18,31.38,38.81,50.0,50.0,70.32,3.94,False
2026-09-12,KLAC,39.6,⚠️ 谨慎评估,180.6,23.1,30.35,79.42,50.0,48.03,74.97,6.82,False
2026-09-12,KLIC,54.74,👀 综合中性,86.13,69.98,100.0,22.07,50.0,50.0,82.33,10.8,False
2026-09-12,KRMN,33.64,🚫 风险较高,35.28,65.31,98.38,2.6,50.0,50.0,5.96,20.0,False
2026-09-12,KTOS,22.63,🚫 风险较高,46.69,30.69,41.37,0.0,50.0,50.0,9.52,9.8,False
2026-09-12,LASR,22.16,🚫 风险较高,40.37,66.16,59.69,14.34,50.0,50.0,18.24,17.58,False
2026-09-12,LH,52.58,👀 综合中性,311.5,97.9,33.56,24.48,50.0,50.0,70.94,1.16,False
2026-09-12,LHX,45.84,⚠️ 谨慎评估,245.5,82.72,63.16,6.78,50.0,50.0,11.4,3.65,False
2026-09-12,LITE,45.78,⚠️ 谨慎评估,927.0,39.73,74.11,27.55,43.24,54.94,96.32,8.6,False
2026-09-12,LIVN,59.3,👀 综合中性,78.18,85.19,55.85,43.22,50.0,50.0,86.54,1.84,False
2026-09-12,LMRI,21.06,🚫 风险较高,11.49,83.47,15.54,2.88,50.0,50.0,50.47,20.0,False
2026-09-12,LMT,51.93,👀 综合中性,524.2,94.52,55.58,16.24,50.0,50.0,42.26,2.53,False
2026-09-12,LOAR,41.47,⚠️ 谨慎评估,66.51,40.79,48.6,34.95,50.0,50.0,45.84,3.66,False
2026-09-12,LRCX,44.4,⚠️ 谨慎评估,298.2,52.5,45.42,46.46,50.0,49.13,85.52,7.89,False
2026-09-12,LSCC,58.78,👀 综合中性,119.8,54.47,100.0,61.08,50.0,50.0,86.3,9.91,False
2026-09-12,LTBR,12.01,🚫 风险较高,7.02,0.0,50.0,0.0,50.0,50.0,19.72,17.46,False
2026-09-12,LUNR,43.4,⚠️ 谨慎评估,14.35,82.85,100.0,19.43,50.0,51.94,11.48,17.43,False
2026-09-12,LYNX,45.41,⚠️ 谨慎评估,12.74,79.82,60.92,0.94,50.0,50.0,35.22,4.45,False
2026-09-12,MBGL,46.6,⚠️ 谨慎评估,20.16,95.04,10.51,40.98,50.0,50.0,67.79,2.96,False
2026-09-12,MBLY,35.03,⚠️ 谨慎评估,8.25,97.73,14.13,50.66,41.11,26.59,33.93,9.92,False
2026-09-12,MCHP,42.5,⚠️ 谨慎评估,74.2,72.91,31.97,55.9,50.0,28.87,60.3,7.38,False
2026-09-12,MDB,54.72,👀 综合中性,362.2,67.5,85.97,52.58,46.87,60.75,64.85,10.09,False
2026-09-12,MDT,55.22,👀 综合中性,90.96,94.83,37.86,52.82,50.0,50.0,66.99,2.83,False
2026-09-12,MEDP,55.58,👀 综合中性,587.5,95.21,54.82,48.59,50.0,50.0,71.08,6.56,False
2026-09-12,META,57.55,👀 综合中性,648.0,76.53,58.81,83.4,50.0,63.03,43.3,5.6,False
2026-09-12,MFP,24.03,🚫 风险较高,41.61,91.5,28.0,2.46,50.0,50.0,33.61,20.0,False
2026-09-12,MFPVV,41.72,⚠️ 谨慎评估,35.05,93.88,50.0,2.95,50.0,50.0,50.0,10.0,False
2026-09-12,MIDD,36.95,⚠️ 谨慎评估,108.3,89.45,13.37,25.32,50.0,50.0,32.96,6.38,False
2026-09-12,MIR,37.18,⚠️ 谨慎评估,15.98,77.93,29.11,22.99,50.0,50.0,39.74,8.11,False
2026-09-12,MPWR,48.06,⚠️ 谨慎评估,1234.0,55.62,83.94,33.13,50.0,50.0,52.93,9.31,False
2026-09-12,MRAM,41.17,⚠️ 谨慎评估,16.22,73.02,72.15,15.35,50.0,50.0,69.79,15.75,False
2026-09-12,MRCY,23.77,🚫 风险较高,80.61,34.34,9.96,11.47,50.0,50.0,29.52,5.26,False
2026-09-12,MRVL,43.09,⚠️ 谨慎评估,236.1,54.24,78.25,56.35,77.61,45.48,93.84,10.86,False
2026-09-12,MSFT,57.8,👀 综合中性,495.6,84.82,54.5,49.52,50.0,53.44,97.0,5.26,False
2026-09-12,MTD,40.84,⚠️ 谨慎评估,1294.0,83.83,26.51,29.84,50.0,50.0,43.42,6.37,False
2026-09-12,MTSI,45.93,⚠️ 谨慎评估,274.9,55.41,78.28,30.01,50.0,50.0,75.81,11.8,False
2026-09-12,MU,49.79,⚠️ 谨慎评估,975.3,71.69,95.56,65.82,47.87,87.14,94.52,9.46,False
2026-09-12,MWA,42.36,⚠️ 谨慎评估,23.94,88.85,25.63,14.87,50.0,50.0,42.65,3.31,False
2026-09-12,MXL,36.38,⚠️ 谨慎评估,74.57,80.86,92.62,24.48,50.0,50.0,98.0,19.29,False
2026-09-12,NDRA,43.27,⚠️ 谨慎评估,5.62,66.67,50.0,0.0,50.0,50.0,99.12,7.48,False
2026-09-12,NDSN,49.26,⚠️ 谨慎评估,314.5,75.4,28.66,43.96,50.0,50.0,73.09,1.89,False
2026-09-12,NEO,35.78,⚠️ 谨慎评估,17.32,71.69,28.0,14.73,50.0,50.0,95.4,12.31,False
2026-09-12,NEOG,31.52,🚫 风险较高,11.78,63.39,7.54,16.98,50.0,50.0,91.36,9.73,False
2026-09-12,NET,58.27,👀 综合中性,306.5,55.59,93.56,56.31,50.0,61.53,95.76,10.41,False
2026-09-12,NFLX,51.33,👀 综合中性,77.4,92.42,51.16,51.6,50.0,56.94,47.55,8.13,False
2026-09-12,NNE,17.47,🚫 风险较高,16.41,66.67,50.0,0.0,50.0,50.0,24.64,20.0,False
2026-09-12,NOC,32.7,🚫 风险较高,519.0,65.04,13.99,14.97,50.0,50.0,27.22,3.77,False
2026-09-12,NOW,60.9,👀 综合中性,132.5,91.59,49.57,71.06,61.8,58.23,90.74,7.73,False
2026-09-12,NPK,50.34,👀 综合中性,154.3,51.07,65.63,7.19,50.0,50.0,96.4,2.0,False
2026-09-12,NPO,34.2,🚫 风险较高,300.5,52.84,27.78,15.17,50.0,50.0,72.56,7.84,False
2026-09-12,NRC,43.8,⚠️ 谨慎评估,21.12,91.01,10.0,33.94,50.0,50.0,84.81,5.47,False
2026-09-12,NTAP,65.64,✅ 综合良好,199.3,99.78,85.27,43.84,50.0,50.0,96.56,6.87,False
2026-09-12,NTNX,64.01,👀 综合中性,65.92,93.1,69.77,72.57,50.0,54.94,90.92,7.52,False
2026-09-12,NTRA,59.0,👀 综合中性,328.9,78.88,94.25,23.36,50.0,50.0,92.92,8.13,False
2026-09-12,NTSK,45.37,⚠️ 谨慎评估,14.7,79.96,73.0,46.13,50.0,50.0,92.04,20.0,False
2026-09-12,NVCR,48.16,⚠️ 谨慎评估,15.51,85.17,31.69,40.9,50.0,50.0,69.93,4.92,False
2026-09-12,NVDA,75.55,✅ 综合良好,218.3,75.71,95.7,89.86,95.37,54.63,87.75,10.31,False
2026-09-12,NVEC,62.72,👀 综合中性,100.5,83.4,80.68,70.61,50.0,40.3,76.84,6.44,False
2026-09-12,NVMI,26.23,🚫 风险较高,371.8,37.64,26.71,33.94,50.0,50.0,40.95,12.16,False
2026-09-12,NVT,58.68,👀 综合中性,162.4,79.37,92.84,9.78,50.0,50.0,98.16,6.69,False
2026-09-12,NVTS,9.34,🚫 风险较高,11.63,66.67,0.0,0.0,50.0,50.0,41.19,20.0,False
2026-09-12,NXPI,52.19,👀 综合中性,236.6,91.31,44.26,55.21,50.0,45.06,68.38,6.76,False
2026-09-12,OESX,44.62,⚠️ 谨慎评估,27.25,65.94,56.15,0.0,50.0,50.0,99.88,7.59,False
2026-09-12,OKTA,60.02,👀 综合中性,166.5,81.02,62.73,67.11,50.0,54.94,88.8,6.31,False
2026-09-12,OMCL,48.52,⚠️ 谨慎评估,32.79,99.99,52.6,23.46,50.0,50.0,22.06,5.35,False
2026-09-12,OMDA,43.99,⚠️ 谨慎评估,19.66,59.38,100.0,28.85,50.0,50.0,74.48,19.66,False
2026-09-12,ON,37.83,⚠️ 谨慎评估,76.14,90.34,32.4,31.31,50.0,50.0,64.02,14.44,False
2026-09-12,ONTO,50.52,👀 综合中性,281.3,57.19,61.4,54.37,50.0,57.73,91.68,9.36,False
2026-09-12,OPRX,36.59,⚠️ 谨慎评估,7.29,96.37,0.0,52.56,50.0,50.0,40.69,9.64,False
2026-09-12,ORCL,33.92,🚫 风险较高,150.3,85.04,51.69,23.84,50.0,53.44,52.62,8.88,True
2026-09-12,OSS,46.68,⚠️ 谨慎评估,9.19,52.73,100.0,41.19,50.0,50.0,16.09,11.65,False
2026-09-12,OTIS,41.65,⚠️ 谨慎评估,69.1,88.93,22.5,16.43,50.0,50.0,38.19,3.04,False
2026-09-12,P,42.47,⚠️ 谨慎评估,98.18,54.64,40.17,48.53,50.0,50.0,87.2,9.5,False
2026-09-12,PANW,61.14,👀 综合中性,330.6,47.67,83.76,73.94,50.0,65.7,88.16,5.81,False
2026-09-12,PATH,63.3,👀 综合中性,13.75,95.69,64.31,71.23,56.2,75.84,66.53,8.08,False
2026-09-12,PAY,57.07,👀 综合中性,36.38,97.01,83.67,21.13,50.0,50.0,78.24,9.24,False
2026-09-12,PEN,35.4,⚠️ 谨慎评估,317.7,26.27,17.86,48.46,50.0,50.0,45.01,1.09,False
2026-09-12,PH,40.6,⚠️ 谨慎评估,950.2,70.56,26.93,16.7,50.0,50.0,60.29,3.78,False
2026-09-12,PHR,48.97,⚠️ 谨慎评估,10.31,100.0,56.83,36.08,50.0,50.0,23.07,7.96,False
2026-09-12,PI,23.05,🚫 风险较高,176.8,20.06,21.03,31.82,50.0,50.0,97.36,15.73,False
2026-09-12,PINC,55.32,👀 综合中性,,75.32,50.0,50.0,50.0,50.0,52.57,0.0,False
2026-09-12,PL,44.4,⚠️ 谨慎评估,16.45,82.03,97.08,33.61,50.0,50.0,8.0,17.12,False
2026-09-12,PLAB,33.79,🚫 风险较高,28.99,87.15,22.74,17.94,50.0,50.0,30.82,10.1,False
2026-09-12,PLPC,51.18,👀 综合中性,423.5,75.5,60.41,5.02,50.0,50.0,93.08,4.08,False
2026-09-12,PLTR,70.4,✅ 综合良好,167.2,52.78,100.0,97.93,85.2,94.48,79.58,14.29,False
2026-09-12,PNR,31.51,🚫 风险较高,56.58,94.71,3.09,23.54,50.0,50.0,7.28,7.46,False
2026-09-12,PODD,48.91,⚠️ 谨慎评估,132.0,89.43,67.24,49.14,50.0,50.0,13.96,9.55,False
2026-09-12,POET,50.64,👀 综合中性,7.95,33.33,100.0,37.5,50.0,50.0,61.52,7.8,False
2026-09-12,POWI,35.96,⚠️ 谨慎评估,52.28,45.65,48.58,34.23,50.0,50.0,48.82,10.33,False
2026-09-12,POWL,29.36,🚫 风险较高,182.5,51.45,22.06,18.89,50.0,50.0,41.05,8.38,False
2026-09-12,PRCT,40.17,⚠️ 谨慎评估,20.38,82.17,37.38,29.2,50.0,50.0,29.32,7.92,False
2026-09-12,PRPO,48.79,⚠️ 谨慎评估,27.32,84.52,60.5,15.1,50.0,50.0,70.65,7.57,False
2026-09-12,PRVA,55.61,👀 综合中性,20.42,97.32,72.88,20.06,50.0,50.0,31.08,3.19,False
2026-09-12,PSNL,28.62,🚫 风险较高,16.21,74.46,75.0,0.0,50.0,50.0,74.56,17.94,False
2026-09-12,PSQL,21.05,🚫 风险较高,7.98,50.0,50.0,0.0,50.0,50.0,32.48,19.7,False
2026-09-12,PTC,48.18,⚠️ 谨慎评估,130.8,96.87,24.21,77.83,50.0,47.35,27.97,6.45,False
2026-09-12,PXLW,41.01,⚠️ 谨慎评估,7.14,71.06,0.0,100.0,50.0,50.0,96.22,12.82,False
2026-09-12,Q,37.4,⚠️ 谨慎评估,126.4,74.92,24.32,25.26,50.0,50.0,72.24,9.68,False
2026-09-12,QBTS,18.88,🚫 风险较高,16.8,66.67,6.77,30.23,50.0,50.0,16.64,17.35,False
2026-09-12,QCOM,35.64,⚠️ 谨慎评估,182.0,87.45,14.21,56.38,14.09,53.44,52.26,7.25,False
2026-09-12,QDEL,30.6,🚫 风险较高,11.78,81.96,12.0,16.07,50.0,50.0,13.0,7.5,False
2026-09-12,QGEN,39.92,⚠️ 谨慎评估,42.5,65.59,14.97,43.08,50.0,50.0,63.05,4.71,False
2026-09-12,QLYS,56.04,👀 综合中性,150.3,95.2,34.84,79.69,50.0,50.0,74.08,6.07,False
2026-09-12,QMCO,22.5,🚫 风险较高,23.58,63.29,47.23,6.11,50.0,50.0,96.24,20.0,False
2026-09-12,QRVO,47.94,⚠️ 谨慎评估,116.7,95.84,42.38,25.69,50.0,50.0,62.0,6.88,False
2026-09-12,QUBT,29.73,🚫 风险较高,7.99,83.33,100.0,0.0,50.0,50.0,29.78,20.0,False
2026-09-12,QUIK,45.67,⚠️ 谨慎评估,10.82,66.74,82.62,16.45,50.0,50.0,39.78,9.78,False
2026-09-12,RBCN,22.03,🚫 风险较高,6.35,61.52,41.67,3.41,50.0,50.0,62.0,15.06,False
2026-09-12,RBRK,63.14,👀 综合中性,86.65,79.06,94.75,65.07,50.0,50.0,84.44,9.56,False
2026-09-12,RCAT,46.68,⚠️ 谨慎评估,7.96,83.33,100.0,0.0,50.0,50.0,15.96,11.58,False
2026-09-12,RDNT,44.39,⚠️ 谨慎评估,75.49,83.84,36.46,20.49,50.0,50.0,91.59,8.73,False
2026-09-12,RDW,31.34,🚫 风险较高,10.62,83.33,100.0,0.0,50.0,50.0,51.26,20.0,False
2026-09-12,RELY,61.17,👀 综合中性,21.99,99.98,71.12,29.55,50.0,50.0,73.84,3.42,False
2026-09-12,RFIL,30.98,🚫 风险较高,10.32,84.98,22.15,3.64,50.0,50.0,30.36,10.14,False
2026-09-12,RGTI,39.18,⚠️ 谨慎评估,15.27,45.82,100.0,31.25,50.0,50.0,17.28,16.4,False
2026-09-12,RKLB,27.14,🚫 风险较高,62.95,55.92,100.0,0.0,50.0,50.0,50.0,20.0,False
2026-09-12,RMBS,37.72,⚠️ 谨慎评估,86.97,66.41,34.98,65.36,50.0,50.0,50.0,14.11,False
2026-09-12,ROK,40.21,⚠️ 谨慎评估,428.4,71.63,30.31,37.63,50.0,40.75,50.0,6.41,False
2026-09-12,RRX,42.51,⚠️ 谨慎评估,162.3,90.79,31.56,12.21,50.0,50.0,50.0,5.37,False
2026-09-12,RTX,46.28,⚠️ 谨慎评估,197.7,82.66,34.41,16.88,50.0,50.0,50.0,1.39,False
2026-09-12,RVTY,31.81,🚫 风险较高,124.3,44.76,12.94,31.74,50.0,50.0,50.0,5.14,False
2026-09-12,RXRX,38.39,⚠️ 谨慎评估,3.2,74.38,36.36,16.07,92.5,32.45,50.0,14.73,False
2026-09-12,S,54.24,👀 综合中性,19.75,91.37,52.0,47.56,50.0,50.0,50.0,4.17,False
2026-09-12,SAIL,36.54,⚠️ 谨慎评估,17.24,89.48,42.0,42.55,50.0,50.0,50.0,18.24,False
2026-09-12,SARO,41.19,⚠️ 谨慎评估,24.04,93.88,31.18,10.29,50.0,50.0,50.0,6.92,False
2026-09-12,SCCO,59.06,👀 综合中性,193.5,84.16,72.73,64.36,50.0,50.0,50.0,5.61,False
2026-09-12,SCIA,66.57,✅ 综合良好,8.86,97.73,100.0,10.36,50.0,50.0,98.32,4.36,False
2026-09-12,SDGR,39.95,⚠️ 谨慎评估,19.02,82.55,35.83,17.86,91.5,43.56,50.0,15.85,False
2026-09-12,SHC,46.31,⚠️ 谨慎评估,18.37,95.39,55.08,26.42,50.0,50.0,50.0,10.5,False
2026-09-12,SIBN,44.2,⚠️ 谨慎评估,18.38,80.85,31.08,37.5,50.0,50.0,50.0,5.37,False
2026-09-12,SITM,27.53,🚫 风险较高,635.7,28.43,100.0,28.9,50.0,50.0,50.0,18.31,False
2026-09-12,SKHY,63.7,👀 综合中性,190.1,95.74,100.0,99.46,50.0,50.0,50.0,15.37,False
2026-09-12,SKYT,48.45,⚠️ 谨慎评估,32.46,67.24,100.0,0.0,50.0,50.0,50.0,10.0,False
2026-09-12,SLAB,37.34,⚠️ 谨慎评估,220.3,48.86,35.85,25.76,50.0,50.0,50.0,5.26,False
2026-09-12,SLP,35.13,⚠️ 谨慎评估,18.42,71.24,18.75,36.24,50.0,50.0,50.0,9.24,False
2026-09-12,SMCI,52.94,👀 综合中性,40.1,90.0,83.67,26.5,73.49,41.27,50.0,13.78,False
2026-09-12,SMR,11.06,🚫 风险较高,8.61,66.67,0.0,0.0,50.0,50.0,50.0,18.59,False
2026-09-12,SMTC,25.0,🚫 风险较高,167.2,53.35,58.0,27.9,50.0,50.0,50.0,16.02,False
2026-09-12,SNDK,55.1,👀 综合中性,1633.0,89.66,100.0,71.82,50.0,50.0,50.0,18.6,False
2026-09-12,SNOW,49.26,⚠️ 谨慎评估,329.0,51.35,89.14,52.81,54.6,42.18,50.0,11.35,False
2026-09-12,SNPS,63.74,👀 综合中性,397.4,92.22,82.29,75.94,50.97,47.35,50.0,6.6,False
2026-09-12,SOPH,51.23,👀 综合中性,7.87,81.6,68.0,10.67,50.0,50.0,50.0,3.69,False
2026-09-12,SOUN,42.32,⚠️ 谨慎评估,6.26,82.66,100.0,12.14,98.33,70.22,50.0,18.62,True
2026-09-12,SPCX,40.36,⚠️ 谨慎评估,151.2,38.23,100.0,21.59,50.0,50.0,50.0,15.52,False
2026-09-12,SPOK,42.57,⚠️ 谨慎评估,10.65,100.0,5.0,36.0,50.0,50.0,50.0,4.08,False
2026-09-12,SSYS,20.48,🚫 风险较高,7.72,53.66,7.23,5.82,50.0,50.0,50.0,12.93,False
2026-09-12,STE,42.63,⚠️ 谨慎评估,210.8,82.52,22.84,23.79,50.0,50.0,50.0,3.15,False
2026-09-12,STI,59.79,👀 综合中性,7.23,83.33,100.0,37.5,50.0,50.0,50.0,7.5,False
2026-09-12,STX,47.75,⚠️ 谨慎评估,830.2,72.62,89.68,23.57,50.0,50.0,50.0,12.73,False
2026-09-12,SWKS,23.75,🚫 风险较高,88.35,52.22,1.71,12.94,50.0,50.0,50.0,9.06,False
2026-09-12,SXI,41.02,⚠️ 谨慎评估,269.2,72.87,26.86,24.77,50.0,50.0,50.0,3.98,False
2026-09-12,SYK,51.62,👀 综合中性,275.6,88.05,35.18,53.21,50.0,50.0,50.0,2.77,False
2026-09-12,SYM,26.17,🚫 风险较高,42.13,40.0,41.08,21.56,50.0,50.0,50.0,15.33,False
2026-09-12,SYNA,30.86,🚫 风险较高,101.0,75.25,21.38,18.92,50.0,50.0,50.0,12.37,False
2026-09-12,TACT,28.86,🚫 风险较高,5.16,61.21,9.38,15.52,50.0,50.0,50.0,8.05,False
2026-09-12,TALK,42.0,⚠️ 谨慎评估,5.25,72.92,34.0,18.05,50.0,50.0,50.0,3.79,False
2026-09-12,TBRG,40.55,⚠️ 谨慎评估,26.24,100.0,10.42,24.6,50.0,50.0,50.0,5.74,False
2026-09-12,TDG,46.47,⚠️ 谨慎评估,1140.0,67.08,35.41,44.92,50.0,50.0,50.0,2.54,False
2026-09-12,TDOC,27.57,🚫 风险较高,6.16,99.34,0.0,25.72,50.0,50.0,50.0,16.16,False
2026-09-12,TEAM,60.64,👀 综合中性,179.7,91.48,75.89,68.44,50.0,55.44,50.0,7.44,False
2026-09-12,TEM,33.67,🚫 风险较高,59.01,65.19,68.65,20.27,96.67,53.94,50.0,18.08,True
2026-09-12,TENB,45.77,⚠️ 谨慎评估,30.11,90.98,21.5,59.94,50.0,50.0,50.0,6.79,False
2026-09-12,TER,52.84,👀 综合中性,379.7,67.45,100.0,34.26,50.0,50.0,50.0,10.79,False
2026-09-12,TMDX,29.01,🚫 风险较高,82.18,69.96,23.06,30.3,50.0,50.0,50.0,15.29,False
2026-09-12,TMO,46.1,⚠️ 谨慎评估,609.8,89.18,30.62,28.15,50.0,50.0,50.0,3.61,False
2026-09-12,TNC,33.58,🚫 风险较高,68.74,78.55,6.01,8.21,50.0,50.0,50.0,4.86,False
2026-09-12,TNDM,27.76,🚫 风险较高,17.11,64.25,16.62,20.01,50.0,50.0,50.0,12.25,False
2026-09-12,TOST,48.97,⚠️ 谨慎评估,32.12,97.97,75.35,18.6,50.0,50.0,50.0,12.25,False
2026-09-12,TRT,43.18,⚠️ 谨慎评估,10.1,66.74,100.0,1.17,50.0,50.0,50.0,15.34,False
2026-09-12,TSLA,22.17,🚫 风险较高,365.4,22.71,31.08,29.09,50.0,30.45,50.0,12.55,False
2026-09-12,TSM,59.78,👀 综合中性,433.2,73.05,69.7,79.67,50.0,58.27,50.0,5.03,False
2026-09-12,TTD,40.6,⚠️ 谨慎评估,14.34,96.27,4.38,61.75,50.0,50.0,50.0,9.01,False
2026-09-12,TWLO,53.39,👀 综合中性,227.3,88.4,73.75,26.14,50.0,50.0,50.0,6.65,False
2026-09-12,TWST,36.69,⚠️ 谨慎评估,127.2,73.09,58.0,2.29,50.0,50.0,50.0,12.77,False
2026-09-12,TXG,28.63,🚫 风险较高,68.59,52.74,0.0,67.83,50.0,50.0,50.0,12.09,False
2026-09-12,TXN,43.71,⚠️ 谨慎评估,268.7,59.71,38.71,51.02,50.0,46.85,50.0,5.25,False
2026-09-12,TXT,38.65,⚠️ 谨慎评估,81.0,78.97,15.93,8.73,50.0,50.0,50.0,2.44,False
2026-09-12,TYL,50.54,👀 综合中性,336.7,92.83,38.27,46.89,50.0,46.85,50.0,4.31,False
2026-09-12,U,39.72,⚠️ 谨慎评估,43.96,64.73,51.53,55.04,50.0,45.06,50.0,13.87,False
2026-09-12,UCTT,33.08,🚫 风险较高,74.04,81.9,45.08,0.0,50.0,50.0,50.0,14.57,False
2026-09-12,UFPT,39.54,⚠️ 谨慎评估,277.9,76.27,32.38,8.67,50.0,50.0,50.0,5.11,False
2026-09-12,ULBI,46.63,⚠️ 谨慎评估,5.6,91.73,44.99,6.63,50.0,50.0,50.0,3.96,False
2026-09-12,UMAC,32.08,🚫 风险较高,22.95,83.33,100.0,0.0,50.0,50.0,50.0,18.89,False
2026-09-12,VCYT,43.46,⚠️ 谨慎评估,40.87,96.67,38.75,47.35,50.0,50.0,50.0,12.66,False
2026-09-12,VECO,31.44,🚫 风险较高,44.83,70.2,23.25,10.96,50.0,50.0,50.0,10.06,False
2026-09-12,VEEV,55.05,👀 综合中性,262.4,92.95,56.66,64.29,50.0,50.0,50.0,7.35,False
2026-09-12,VELO,29.03,🚫 风险较高,10.53,83.33,88.15,0.0,50.0,50.0,50.0,20.0,False
2026-09-12,VOYG,23.39,🚫 风险较高,33.78,70.11,31.54,0.0,50.0,50.0,50.0,18.52,False
2026-09-12,VREX,31.18,🚫 风险较高,18.46,59.46,13.38,6.0,50.0,50.0,50.0,4.96,False
2026-09-12,VRNS,43.2,⚠️ 谨慎评估,45.12,56.62,45.75,53.92,50.0,50.0,50.0,7.65,False
2026-09-12,VRSN,48.57,⚠️ 谨慎评估,292.7,64.93,23.18,81.65,50.0,50.0,50.0,2.46,False
2026-09-12,VRT,46.56,⚠️ 谨慎评估,257.1,71.65,58.88,37.77,58.53,65.32,50.0,11.39,False
2026-09-12,VSEC,54.04,👀 综合中性,195.0,75.97,100.0,0.77,50.0,50.0,50.0,6.27,False
2026-09-12,VSH,38.08,⚠️ 谨慎评估,33.21,84.34,61.05,0.0,50.0,50.0,50.0,14.05,False
2026-09-12,VVX,47.4,⚠️ 谨慎评估,72.22,97.93,31.69,11.06,50.0,50.0,50.0,1.77,False
2026-09-12,WAT,58.12,👀 综合中性,408.3,85.3,100.0,14.36,50.0,50.0,50.0,6.09,False
2026-09-12,WAY,52.32,👀 综合中性,23.47,98.97,45.51,53.94,50.0,50.0,50.0,6.94,False
2026-09-12,WDAY,58.9,👀 综合中性,185.7,98.57,61.34,67.2,50.0,48.85,50.0,6.11,False
2026-09-12,WDC,46.62,⚠️ 谨慎评估,447.2,78.92,85.46,29.36,50.0,50.0,50.0,14.93,False
2026-09-12,WEAV,43.03,⚠️ 谨慎评估,7.31,97.27,38.75,37.99,50.0,50.0,50.0,11.81,False
2026-09-12,WEX,62.07,👀 综合中性,191.5,100.0,60.86,68.59,50.0,50.0,50.0,3.43,False
2026-09-12,WGS,26.95,🚫 风险较高,85.27,67.39,28.5,18.17,50.0,50.0,50.0,16.38,False
2026-09-12,WIX,46.33,⚠️ 谨慎评估,76.58,100.0,37.25,40.77,50.0,50.0,50.0,9.1,False
2026-09-12,WOLF,26.82,🚫 风险较高,25.92,100.0,0.0,45.45,50.0,50.0,50.0,20.0,False
2026-09-12,WTS,43.79,⚠️ 谨慎评估,356.0,75.86,34.13,22.31,50.0,50.0,50.0,3.26,False
2026-09-12,WWD,43.36,⚠️ 谨慎评估,337.3,70.36,43.1,7.04,50.0,50.0,50.0,2.54,False
2026-09-12,XE,45.0,⚠️ 谨慎评估,14.93,100.0,100.0,0.0,50.0,50.0,50.0,20.0,False
2026-09-12,XGN,30.33,🚫 风险较高,7.03,83.28,39.75,5.42,50.0,50.0,50.0,17.08,False
2026-09-12,XPON,25.83,🚫 风险较高,5.07,66.67,0.0,0.0,50.0,50.0,50.0,7.5,False
2026-09-12,XYL,36.89,⚠️ 谨慎评估,107.0,69.2,19.55,17.54,50.0,50.0,50.0,4.47,False
2026-09-12,XYZ,19.66,🚫 风险较高,79.21,88.54,13.56,13.57,50.0,50.0,50.0,16.92,False
2026-09-12,YSS,25.56,🚫 风险较高,7.88,98.2,23.69,0.0,50.0,50.0,50.0,20.0,False
2026-09-12,ZBH,52.31,👀 综合中性,93.49,93.62,27.48,57.86,50.0,50.0,50.0,1.96,False
2026-09-12,ZETA,58.22,👀 综合中性,30.18,93.45,100.0,25.16,50.0,50.0,50.0,9.24,False
2026-09-12,ZM,55.16,👀 综合中性,95.57,94.9,42.14,70.21,50.0,46.56,50.0,4.54,False
2026-09-12,ZS,60.54,👀 综合中性,164.5,77.42,85.82,68.85,50.0,59.25,50.0,7.65,False
2026-09-14,A,58.08,👀 综合中性,146.8,76.91,62.69,68.75,50.0,50.0,79.11,6.2,False
2026-09-14,AADX,53.22,👀 综合中性,11.65,99.3,100.0,57.09,50.0,50.0,14.32,16.64,False
2026-09-14,AAPL,44.3,⚠️ 谨慎评估,333.1,53.97,33.05,41.12,50.0,46.85,83.2,3.93,False
2026-09-14,ABT,54.29,👀 综合中性,103.1,92.17,51.85,52.88,50.0,50.0,42.54,4.29,False
2026-09-14,ACHR,19.14,🚫 风险较高,5.51,66.67,50.0,12.03,50.0,50.0,28.88,20.0,False
2026-09-14,ACIW,57.17,👀 综合中性,52.65,97.3,52.31,29.89,50.0,50.0,91.93,4.04,False
2026-09-14,ACLS,23.81,🚫 风险较高,105.3,68.87,14.0,8.82,50.0,50.0,32.37,13.02,False
2026-09-14,ACMR,43.3,⚠️ 谨慎评估,66.86,80.39,78.46,4.79,50.0,50.0,61.5,14.26,False
2026-09-14,ACN,49.08,⚠️ 谨慎评估,195.0,97.3,28.82,49.07,50.0,45.06,68.15,6.27,False
2026-09-14,ADBE,54.16,👀 综合中性,265.6,97.66,39.39,80.39,46.97,45.06,65.17,7.7,False
2026-09-14,ADI,55.79,👀 综合中性,361.0,58.84,59.99,77.67,50.0,47.35,70.86,4.45,False
2026-09-14,ADIG,32.98,🚫 风险较高,20.35,86.54,8.77,9.12,50.0,50.0,43.32,7.22,False
2026-09-14,ADPT,61.91,👀 综合中性,24.78,86.53,100.0,64.33,50.0,50.0,88.8,13.93,False
2026-09-14,ADSE,40.88,⚠️ 谨慎评估,11.36,82.41,0.0,31.25,50.0,50.0,63.1,1.6,False
2026-09-14,ADSK,58.16,👀 综合中性,228.9,96.7,61.53,74.97,50.0,47.35,47.81,7.32,False
2026-09-14,ADVB,30.16,🚫 风险较高,7.78,66.67,50.0,0.0,50.0,50.0,93.24,20.0,False
2026-09-14,AEHR,23.28,🚫 风险较高,83.37,53.59,59.54,0.0,50.0,50.0,85.8,18.14,False
2026-09-14,AEIS,54.71,👀 综合中性,254.3,68.87,100.0,31.78,50.0,50.0,36.35,7.47,False
2026-09-14,AFRM,40.12,⚠️ 谨慎评估,73.38,93.25,90.92,18.38,50.0,59.75,82.18,14.84,True
2026-09-14,AHCO,46.49,⚠️ 谨慎评估,5.88,83.33,87.22,8.81,50.0,50.0,35.64,11.87,False
2026-09-14,AI,44.47,⚠️ 谨慎评估,11.17,86.36,28.05,26.92,97.33,53.44,83.6,17.02,False
2026-09-14,AIP,47.68,⚠️ 谨慎评估,20.61,72.09,78.77,68.75,50.0,50.0,35.74,15.32,False
2026-09-14,AIR,63.21,👀 综合中性,120.1,87.91,97.75,29.29,50.0,50.0,58.43,4.05,False
2026-09-14,AKAM,42.1,⚠️ 谨慎评估,105.6,90.28,7.87,31.17,50.0,50.0,61.19,3.72,False
2026-09-14,ALAB,34.57,🚫 风险较高,257.0,52.7,100.0,45.47,50.0,50.0,87.33,20.0,False
2026-09-14,ALGM,31.77,🚫 风险较高,33.85,58.54,50.0,20.61,50.0,50.0,38.53,14.38,False
2026-09-14,ALMR,63.94,👀 综合中性,27.99,100.0,100.0,32.4,50.0,50.0,64.74,7.39,False
2026-09-14,ALMU,24.83,🚫 风险较高,12.54,66.67,3.69,4.36,50.0,50.0,24.2,7.5,False
2026-09-14,ALOT,34.91,🚫 风险较高,28.99,66.64,14.46,10.26,50.0,50.0,62.0,4.77,False
2026-09-14,AMAT,43.76,⚠️ 谨慎评估,424.2,65.34,43.69,44.11,50.0,47.35,55.04,7.09,False
2026-09-14,AMBA,27.36,🚫 风险较高,63.98,57.08,28.0,31.34,50.0,50.0,45.67,15.32,False
2026-09-14,AMBQ,55.56,👀 综合中性,59.61,82.85,100.0,4.53,50.0,50.0,95.84,11.27,False
2026-09-14,AMD,50.23,👀 综合中性,493.4,51.27,75.78,58.03,35.89,53.94,98.16,10.06,False
2026-09-14,AME,62.35,👀 综合中性,233.7,61.22,88.75,54.84,50.0,50.0,66.27,1.93,False
2026-09-14,AMKR,27.46,🚫 风险较高,47.12,87.82,69.13,0.0,50.0,50.0,39.53,17.18,False
2026-09-14,AMPX,27.94,🚫 风险较高,9.17,66.67,100.0,0.0,50.0,50.0,27.64,18.84,False
2026-09-14,AMSC,25.38,🚫 风险较高,27.28,62.75,92.29,2.5,50.0,50.0,28.48,20.0,False
2026-09-14,AMWL,30.64,🚫 风险较高,13.87,86.29,0.0,8.17,50.0,50.0,87.2,11.56,False
2026-09-14,AMZN,54.23,👀 综合中性,253.5,78.69,65.8,28.86,50.0,61.44,71.53,5.58,False
2026-09-14,ANET,51.65,👀 综合中性,187.8,44.83,53.93,72.88,56.0,55.44,93.92,7.87,False
2026-09-14,AORT,42.37,⚠️ 谨慎评估,24.97,50.42,79.44,40.22,50.0,50.0,18.56,10.46,False
2026-09-14,AOS,43.2,⚠️ 谨慎评估,57.38,90.91,14.75,59.69,50.0,50.0,30.21,5.64,False
2026-09-14,AOSL,15.5,🚫 风险较高,24.22,36.16,20.14,20.1,50.0,43.56,30.55,12.03,True
2026-09-14,APP,50.98,👀 综合中性,334.2,96.56,97.92,72.91,87.33,78.72,25.76,14.67,True
2026-09-14,ARM,31.04,🚫 风险较高,239.0,24.16,64.64,74.91,39.07,62.03,94.04,14.26,True
2026-09-14,ARXS,70.81,✅ 综合良好,49.11,93.75,100.0,54.55,50.0,50.0,71.41,3.26,False
2026-09-14,ASML,37.46,⚠️ 谨慎评估,1575.0,38.38,31.3,76.76,50.0,40.75,62.1,9.84,False
2026-09-14,ASYS,42.17,⚠️ 谨慎评估,13.61,92.99,59.17,20.36,50.0,50.0,46.31,13.91,False
2026-09-14,ATEC,58.97,👀 综合中性,10.86,79.57,100.0,49.89,50.0,50.0,34.28,7.86,False
2026-09-14,ATKR,48.36,⚠️ 谨慎评估,94.07,94.69,44.95,26.26,50.0,50.0,79.2,8.67,False
2026-09-14,ATRO,67.36,✅ 综合良好,70.97,85.18,100.0,48.58,50.0,50.0,82.74,5.24,False
2026-09-14,AVAV,38.86,⚠️ 谨慎评估,153.4,64.61,53.5,39.35,50.0,50.0,36.24,11.96,False
2026-09-14,AVGO,46.77,⚠️ 谨慎评估,344.7,73.37,87.07,63.11,62.55,59.88,50.09,7.05,True
2026-09-14,AVNS,38.22,⚠️ 谨慎评估,24.99,77.26,38.24,15.08,50.0,50.0,50.0,9.05,False
2026-09-14,AVR,50.68,👀 综合中性,8.72,52.14,100.0,37.5,50.0,50.0,93.36,14.71,False
2026-09-14,AXGN,62.06,👀 综合中性,43.78,51.1,100.0,51.97,50.0,50.0,81.0,4.06,False
2026-09-14,AXON,42.9,⚠️ 谨慎评估,490.2,55.17,58.33,60.68,50.0,50.0,44.1,11.23,False
2026-09-14,AXTI,38.43,⚠️ 谨慎评估,57.06,37.98,100.0,0.0,50.0,50.0,65.67,15.73,False
2026-09-14,AYI,55.64,👀 综合中性,309.0,86.99,64.31,63.65,50.0,50.0,44.67,6.85,False
2026-09-14,BA,52.55,👀 综合中性,210.3,87.33,65.0,20.78,50.0,50.0,59.92,5.28,False
2026-09-14,BBAI,23.07,🚫 风险较高,2.88,77.37,41.78,0.0,86.67,43.06,25.4,19.34,True
2026-09-14,BBNX,45.09,⚠️ 谨慎评估,16.73,83.33,100.0,21.71,50.0,50.0,51.67,20.0,False
2026-09-14,BDSX,66.04,✅ 综合良好,27.4,83.33,100.0,37.5,50.0,50.0,96.36,5.89,False
2026-09-14,BE,35.15,⚠️ 谨慎评估,257.1,55.0,100.0,39.81,50.0,50.0,88.0,18.9,False
2026-09-14,BETA,48.15,⚠️ 谨慎评估,20.68,83.33,100.0,37.5,50.0,50.0,58.62,20.0,False
2026-09-14,BFLY,56.39,👀 综合中性,7.41,83.33,100.0,41.92,50.0,50.0,75.2,14.08,False
2026-09-14,BIAF,58.38,👀 综合中性,7.93,83.33,100.0,37.5,50.0,50.0,35.88,7.5,False
2026-09-14,BIO,51.35,👀 综合中性,368.6,80.97,46.77,33.16,50.0,50.0,83.04,4.81,False
2026-09-14,BIOQ,48.17,⚠️ 谨慎评估,33.0,100.0,0.0,96.59,50.0,50.0,0.0,1.32,False
2026-09-14,BKFG,29.95,🚫 风险较高,94.0,67.23,0.0,10.04,50.0,50.0,0.0,0.0,False
2026-09-14,BLLN,49.39,⚠️ 谨慎评估,100.8,45.05,100.0,56.8,50.0,50.0,81.81,16.32,False
2026-09-14,BLSH,49.35,⚠️ 谨慎评估,37.62,75.62,100.0,46.06,50.0,50.0,73.14,20.0,False
2026-09-14,BOX,50.8,👀 综合中性,34.86,96.46,34.0,45.17,50.0,50.0,96.92,8.46,False
2026-09-14,BRAI,24.47,🚫 风险较高,5.55,66.67,50.0,0.0,50.0,50.0,36.36,20.0,False
2026-09-14,BRKR,46.92,⚠️ 谨慎评估,52.66,91.07,45.56,18.35,50.0,50.0,74.43,7.88,False
2026-09-14,BSX,56.47,👀 综合中性,45.05,99.35,66.71,66.48,50.0,50.0,23.56,7.41,False
2026-09-14,BTSG,56.4,👀 综合中性,60.3,98.33,75.21,19.38,50.0,50.0,94.72,9.45,False
2026-09-14,BVS,66.07,✅ 综合良好,13.16,98.67,63.7,65.99,50.0,50.0,81.44,2.63,False
2026-09-14,BW,52.02,👀 综合中性,7.03,72.72,100.0,31.81,50.0,50.0,30.84,10.38,False
2026-09-14,BWXT,55.93,👀 综合中性,148.5,66.32,82.58,51.95,50.0,50.0,33.56,4.13,False
2026-09-14,CAMT,20.12,🚫 风险较高,133.8,26.76,10.2,19.94,50.0,50.0,43.32,10.1,False
2026-09-14,CARL,54.6,👀 综合中性,15.34,83.33,100.0,26.61,50.0,50.0,91.48,15.21,False
2026-09-14,CBLL,63.65,👀 综合中性,24.33,83.33,100.0,37.5,50.0,50.0,95.64,8.21,False
2026-09-14,CBRS,44.46,⚠️ 谨慎评估,181.2,73.56,100.0,0.0,50.0,50.0,40.79,14.33,False
2026-09-14,CDNA,59.32,👀 综合中性,52.37,71.12,100.0,68.75,50.0,50.0,88.16,14.03,False
2026-09-14,CDNS,54.65,👀 综合中性,279.1,76.71,61.29,85.09,53.8,45.93,28.83,7.01,False
2026-09-14,CDRE,54.06,👀 综合中性,28.62,100.0,59.75,71.77,50.0,50.0,16.8,8.32,False
2026-09-14,CERT,29.39,🚫 风险较高,8.0,63.81,2.5,28.13,50.0,50.0,87.57,11.97,False
2026-09-14,CEVA,33.17,🚫 风险较高,27.78,63.46,27.85,42.55,50.0,50.0,64.23,14.29,False
2026-09-14,CHKP,39.47,⚠️ 谨慎评估,138.5,45.0,13.15,77.08,50.0,50.0,59.68,5.35,False
2026-09-14,CLS,50.31,👀 综合中性,316.1,83.49,75.85,21.96,35.28,55.44,64.03,7.65,False
2026-09-14,CMI,45.73,⚠️ 谨慎评估,541.1,62.03,69.93,17.19,50.0,50.0,36.96,5.43,False
2026-09-14,CMPD,30.17,🚫 风险较高,6.75,52.94,3.5,0.0,50.0,50.0,82.28,4.52,False
2026-09-14,CNMD,47.29,⚠️ 谨慎评估,46.38,74.38,38.3,41.65,50.0,50.0,67.39,5.15,False
2026-09-14,COHR,47.03,⚠️ 谨慎评估,266.5,70.44,76.06,23.7,50.24,56.94,58.67,11.24,False
2026-09-14,COHU,44.98,⚠️ 谨慎评估,49.97,62.73,66.77,18.16,50.0,50.0,93.2,11.3,False
2026-09-14,CORZ,35.43,⚠️ 谨慎评估,16.96,79.78,100.0,31.25,50.0,50.0,43.29,17.73,False
2026-09-14,CPAY,62.88,👀 综合中性,412.6,98.47,38.12,75.84,50.0,50.0,93.48,2.07,False
2026-09-14,CR,61.61,👀 综合中性,199.2,61.89,85.0,71.13,50.0,50.0,64.09,4.1,False
2026-09-14,CRCT,47.4,⚠️ 谨慎评估,5.65,77.98,31.04,31.8,50.0,50.0,94.0,5.13,False
2026-09-14,CRDO,33.38,🚫 风险较高,150.1,70.6,98.99,50.09,50.0,50.0,21.66,19.04,False
2026-09-14,CRL,42.0,⚠️ 谨慎评估,273.1,71.43,11.5,68.75,50.0,50.0,75.6,8.03,False
2026-09-14,CRM,59.48,👀 综合中性,259.4,95.81,55.31,70.92,50.0,48.85,76.64,6.7,False
2026-09-14,CRSR,29.52,🚫 风险较高,13.03,89.13,4.92,5.55,50.0,50.0,83.52,13.72,False
2026-09-14,CRUS,49.32,⚠️ 谨慎评估,116.3,96.9,33.6,56.03,50.0,51.15,43.47,6.33,False
2026-09-14,CRWD,53.3,👀 综合中性,235.4,31.21,81.63,67.31,50.0,63.66,91.84,9.0,False
2026-09-14,CRWV,45.73,⚠️ 谨慎评估,82.98,82.81,100.0,20.99,50.0,50.0,50.17,19.0,False
2026-09-14,CSCO,53.07,👀 综合中性,110.1,68.4,36.63,59.8,50.0,47.35,93.8,2.85,False
2026-09-14,CSTL,63.96,👀 综合中性,33.44,83.33,100.0,44.64,50.0,50.0,92.19,8.62,False
2026-09-14,CSW,64.96,👀 综合中性,293.1,72.83,100.0,51.69,50.0,50.0,49.0,2.26,False
2026-09-14,CTEV,45.75,⚠️ 谨慎评估,36.44,92.15,16.5,46.43,50.0,50.0,93.72,8.14,False
2026-09-14,CUAI,41.74,⚠️ 谨慎评估,6.45,76.56,100.0,80.25,50.0,50.0,83.04,20.0,False
2026-09-14,CW,57.11,👀 综合中性,551.2,83.51,65.83,72.42,50.0,50.0,14.9,3.4,False
2026-09-14,CXT,70.45,✅ 综合良好,49.81,100.0,100.0,68.66,50.0,50.0,76.99,7.55,False
2026-09-14,DBX,43.72,⚠️ 谨慎评估,37.31,45.0,8.24,73.09,50.0,50.0,99.04,3.21,False
2026-09-14,DCI,57.74,👀 综合中性,87.93,80.98,74.82,41.04,50.0,50.0,49.8,3.3,False
2026-09-14,DCO,68.68,✅ 综合良好,164.5,87.12,90.67,62.55,50.0,50.0,75.48,3.34,False
2026-09-14,DCTH,65.91,✅ 综合良好,16.44,84.38,71.35,71.12,50.0,50.0,90.84,3.56,False
2026-09-14,DDOG,61.94,👀 综合中性,230.1,54.47,90.15,68.4,61.43,63.53,94.92,9.88,False
2026-09-14,DELL,43.44,⚠️ 谨慎评估,534.3,93.12,72.43,14.14,50.0,54.94,90.56,5.48,True
2026-09-14,DGX,70.19,✅ 综合良好,237.9,87.02,75.58,69.47,50.0,50.0,87.0,0.23,False
2026-09-14,DHR,61.03,👀 综合中性,203.2,80.0,72.29,68.75,50.0,50.0,51.49,3.5,False
2026-09-14,DIOD,34.77,🚫 风险较高,90.31,68.48,31.25,11.27,50.0,50.0,88.31,12.26,False
2026-09-14,DLO,74.29,✅ 综合良好,14.84,98.54,89.88,69.82,50.0,66.39,85.9,3.59,False
2026-09-14,DOCN,40.6,⚠️ 谨慎评估,120.2,70.46,41.71,12.71,50.0,50.0,96.56,10.48,False
2026-09-14,DOCS,44.09,⚠️ 谨慎评估,26.39,96.33,10.65,80.11,50.0,50.0,59.31,10.79,False
2026-09-14,DOCU,59.45,👀 综合中性,69.76,96.03,43.17,67.13,50.0,46.85,99.72,5.28,False
2026-09-14,DOV,57.93,👀 综合中性,189.2,86.6,71.15,55.77,50.0,50.0,33.71,3.91,False
2026-09-14,DOX,42.55,⚠️ 谨慎评估,63.17,96.0,3.94,36.1,50.0,50.0,65.59,4.61,False
2026-09-14,DPC,61.85,👀 综合中性,39.96,90.43,100.0,53.53,50.0,50.0,39.57,8.22,False
2026-09-14,DRIO,22.24,🚫 风险较高,7.09,66.67,0.0,2.36,50.0,50.0,34.18,9.87,False
2026-09-14,DRS,66.04,✅ 综合良好,35.91,94.7,85.71,73.7,50.0,50.0,23.33,2.72,False
2026-09-14,DT,60.4,👀 综合中性,53.34,93.16,45.03,73.67,52.47,55.44,98.92,6.47,False
2026-09-14,DUOL,59.18,👀 综合中性,151.1,94.59,48.01,80.7,50.0,47.73,95.44,8.16,False
2026-09-14,DXCM,65.28,✅ 综合良好,84.68,88.06,93.84,59.74,50.0,50.0,75.6,7.31,False
2026-09-14,EAF,18.96,🚫 风险较高,6.66,66.67,9.41,0.0,50.0,50.0,35.36,15.26,False
2026-09-14,EMR,64.19,👀 综合中性,148.3,85.69,80.76,70.97,50.0,50.0,64.12,5.2,False
2026-09-14,ENOV,38.94,⚠️ 谨慎评估,18.22,87.81,34.44,42.73,50.0,50.0,12.76,9.92,False
2026-09-14,ENR,45.77,⚠️ 谨慎评估,20.27,84.66,21.27,46.15,50.0,50.0,66.37,5.04,False
2026-09-14,ENS,56.74,👀 综合中性,169.3,98.89,75.29,40.27,50.0,50.0,32.18,6.12,False
2026-09-14,ENTG,43.08,⚠️ 谨慎评估,128.5,75.3,47.83,23.92,50.0,50.0,63.93,8.92,False
2026-09-14,EPAC,66.19,✅ 综合良好,34.49,96.18,78.04,75.43,50.0,50.0,36.54,2.52,False
2026-09-14,ESP,67.91,✅ 综合良好,63.62,85.05,96.23,39.13,50.0,50.0,88.19,2.85,False
2026-09-14,ESTA,60.39,👀 综合中性,71.92,66.67,100.0,37.5,50.0,50.0,64.57,5.03,False
2026-09-14,ESTC,59.46,👀 综合中性,85.11,66.3,71.0,72.42,50.87,62.03,94.68,8.26,False
2026-09-14,ETN,48.58,⚠️ 谨慎评估,393.2,46.62,58.33,43.77,50.0,50.0,70.67,3.96,False
2026-09-14,EW,60.44,👀 综合中性,85.52,84.38,53.8,72.8,50.0,50.0,50.5,0.86,False
2026-09-14,EXLS,53.08,👀 综合中性,36.45,91.89,42.03,46.14,50.0,47.35,78.72,5.33,False
2026-09-14,FAC,31.16,🚫 风险较高,5.08,100.0,50.0,0.0,50.0,50.0,36.64,20.0,False
2026-09-14,FCEL,15.09,🚫 风险较高,15.28,81.82,0.0,0.0,50.0,50.0,76.88,18.93,False
2026-09-14,FCX,50.7,👀 综合中性,69.34,84.7,36.11,59.12,50.0,50.0,74.33,6.57,False
2026-09-14,FELE,54.62,👀 综合中性,96.09,81.63,65.25,37.47,50.0,50.0,42.26,2.86,False
2026-09-14,FFIV,55.63,👀 综合中性,411.5,90.61,32.25,65.87,50.0,50.0,99.68,5.4,False
2026-09-14,FLGT,48.87,⚠️ 谨慎评估,20.65,83.33,47.0,37.5,50.0,50.0,75.65,7.74,False
2026-09-14,FLS,49.65,⚠️ 谨慎评估,71.39,89.59,52.5,40.51,50.0,50.0,38.97,6.37,False
2026-09-14,FLY,44.29,⚠️ 谨慎评估,21.36,83.33,100.0,34.61,50.0,50.0,24.32,20.0,False
2026-09-14,FN,46.33,⚠️ 谨慎评估,382.6,80.25,61.31,29.05,50.86,53.44,22.6,7.18,False
2026-09-14,FORM,48.07,⚠️ 谨慎评估,102.9,68.06,74.78,20.99,50.0,50.0,65.38,8.92,False
2026-09-14,FOUR,44.12,⚠️ 谨慎评估,45.32,100.0,49.73,24.84,50.0,50.0,45.52,11.59,False
2026-09-14,FPS,41.63,⚠️ 谨慎评估,28.64,70.84,100.0,21.59,50.0,50.0,24.84,18.26,False
2026-09-14,FRNM,66.81,✅ 综合良好,14.96,100.0,100.0,0.0,50.0,50.0,97.6,2.95,False
2026-09-14,FTAI,42.18,⚠️ 谨慎评估,176.0,76.74,58.33,38.54,50.0,50.0,19.84,10.52,False
2026-09-14,FTNT,64.41,👀 综合中性,170.2,77.41,71.25,73.39,50.0,43.56,99.16,4.17,False
2026-09-14,GD,61.71,👀 综合中性,356.8,97.85,61.88,49.43,50.0,50.0,49.4,0.68,False
2026-09-14,GDDY,51.59,👀 综合中性,104.5,97.12,35.56,43.53,50.0,50.0,86.67,6.92,False
2026-09-14,GE,40.63,⚠️ 谨慎评估,317.6,56.24,38.93,29.19,50.0,54.94,49.41,5.16,False
2026-09-14,GEHC,52.9,👀 综合中性,64.25,100.0,63.41,23.44,50.0,50.0,20.59,3.53,False
2026-09-14,GEN,58.87,👀 综合中性,31.41,93.94,50.85,69.83,50.0,50.0,91.2,7.23,False
2026-09-14,GEV,45.8,⚠️ 谨慎评估,874.8,48.79,65.36,46.04,50.0,57.48,57.01,8.65,False
2026-09-14,GFS,25.49,🚫 风险较高,43.54,85.37,9.69,11.39,50.0,50.0,26.78,13.39,False
2026-09-14,GGG,55.14,👀 综合中性,76.54,65.66,59.21,73.11,50.0,50.0,39.27,2.69,False
2026-09-14,GH,65.51,✅ 综合良好,167.8,84.12,100.0,54.93,50.0,50.0,96.0,9.15,False
2026-09-14,GHM,35.76,⚠️ 谨慎评估,83.69,36.03,58.33,0.73,50.0,50.0,41.14,5.25,False
2026-09-14,GKOS,65.35,✅ 综合良好,171.1,66.67,100.0,44.56,50.0,50.0,80.92,2.76,False
2026-09-14,GMED,52.7,👀 综合中性,75.77,100.0,28.84,73.53,50.0,50.0,27.12,3.25,False
2026-09-14,GNRC,51.45,👀 综合中性,177.0,83.34,95.2,41.58,50.0,50.0,24.42,12.7,False
2026-09-14,GOOGL,59.32,👀 综合中性,349.4,64.58,51.47,88.27,50.0,70.89,75.31,4.32,False
2026-09-14,GRAL,37.25,⚠️ 谨慎评估,75.53,83.33,100.0,37.5,50.0,50.0,73.72,20.0,False
2026-09-14,GRC,54.42,👀 综合中性,71.5,80.84,69.6,35.94,50.0,50.0,57.92,5.33,False
2026-09-14,GRMN,50.28,👀 综合中性,280.4,70.45,32.53,55.31,50.0,51.15,84.2,3.77,False
2026-09-14,GSIT,11.06,🚫 风险较高,4.98,33.33,8.46,16.66,50.0,50.0,18.04,17.02,False
2026-09-14,GTES,65.44,✅ 综合良好,25.42,98.89,81.47,60.47,50.0,50.0,68.79,5.65,False
2026-09-14,GTLB,62.81,👀 综合中性,49.25,76.68,81.78,72.28,50.0,70.01,86.72,9.49,False
2026-09-14,GTLS,29.48,🚫 风险较高,209.9,71.18,0.0,25.36,50.0,50.0,50.0,8.56,False
2026-09-14,HAE,54.14,👀 综合中性,106.3,71.32,44.67,61.42,50.0,50.0,90.08,4.51,False
2026-09-14,HAWK,41.56,⚠️ 谨慎评估,16.38,46.15,100.0,54.55,50.0,50.0,13.36,17.19,False
2026-09-14,HAYW,54.21,👀 综合中性,12.87,78.0,59.61,74.63,50.0,50.0,20.95,4.58,False
2026-09-14,HII,54.77,👀 综合中性,280.0,90.0,88.04,15.03,50.0,50.0,20.81,4.58,False
2026-09-14,HLIO,60.66,👀 综合中性,67.25,91.55,90.05,44.75,50.0,50.0,41.3,6.0,False
2026-09-14,HNGE,63.11,👀 综合中性,94.79,89.64,100.0,70.56,50.0,50.0,97.0,15.1,False
2026-09-14,HON,46.7,⚠️ 谨慎评估,201.4,90.36,40.5,28.23,50.0,45.06,29.96,3.23,False
2026-09-14,HONA,41.33,⚠️ 谨慎评估,164.1,94.82,30.33,61.15,50.0,50.0,41.52,13.54,False
2026-09-14,HPE,56.06,👀 综合中性,55.41,96.29,57.17,25.53,50.0,45.06,95.6,5.39,False
2026-09-14,HPQ,38.33,⚠️ 谨慎评估,34.02,75.0,18.73,13.55,50.0,50.0,84.32,6.82,False
2026-09-14,HQY,53.28,👀 综合中性,96.04,93.07,29.16,58.73,50.0,50.0,66.55,3.09,False
2026-09-14,HSTM,57.3,👀 综合中性,29.63,95.9,43.44,38.26,50.0,50.0,98.32,3.31,False
2026-09-14,HTFL,55.26,👀 综合中性,49.54,79.4,100.0,36.84,50.0,50.0,93.12,15.46,False
2026-09-14,HUBB,54.4,👀 综合中性,442.4,64.94,73.02,39.32,50.0,50.0,44.49,2.19,False
2026-09-14,HUBS,59.96,👀 综合中性,250.6,92.17,73.91,66.09,50.0,56.94,64.85,9.04,False
2026-09-14,HWM,62.99,👀 综合中性,227.1,69.78,98.33,69.73,50.0,50.0,36.91,4.7,False
2026-09-14,HXL,68.14,✅ 综合良好,91.02,93.62,79.58,70.86,50.0,50.0,69.7,3.08,False
2026-09-14,IART,43.35,⚠️ 谨慎评估,15.71,93.28,21.11,33.89,50.0,50.0,75.84,8.25,False
2026-09-14,IBM,30.19,🚫 风险较高,249.1,69.13,16.52,37.68,50.0,45.06,60.03,3.87,True
2026-09-14,ICHR,30.71,🚫 风险较高,51.38,70.8,42.62,1.04,50.0,50.0,47.9,14.05,False
2026-09-14,ICLR,44.16,⚠️ 谨慎评估,168.9,79.64,18.08,67.57,50.0,50.0,90.25,10.45,False
2026-09-14,IDXGD,53.85,👀 综合中性,6.3,99.54,19.5,75.34,50.0,50.0,70.08,4.24,False
2026-09-14,IDXX,53.49,👀 综合中性,509.6,79.05,76.83,68.75,50.0,50.0,22.1,9.05,False
2026-09-14,IE,25.34,🚫 风险较高,9.66,66.67,0.0,37.5,50.0,50.0,22.08,10.83,False
2026-09-14,IEX,59.68,👀 综合中性,222.1,62.74,66.1,72.21,50.0,50.0,67.14,1.94,False
2026-09-14,ILMN,53.95,👀 综合中性,208.2,76.94,47.83,68.75,50.0,50.0,85.4,7.25,False
2026-09-14,INFQ,49.3,⚠️ 谨慎评估,12.6,96.28,100.0,9.65,50.0,50.0,68.17,18.22,False
2026-09-14,INIO,38.41,⚠️ 谨慎评估,17.45,62.23,100.0,20.58,50.0,50.0,19.08,19.03,False
2026-09-14,INMD,45.99,⚠️ 谨慎评估,14.89,100.0,9.72,78.25,50.0,50.0,66.24,9.8,False
2026-09-14,INSP,32.11,🚫 风险较高,74.32,43.7,0.0,61.2,50.0,50.0,66.94,7.5,False
2026-09-14,INTC,22.1,🚫 风险较高,97.19,56.87,11.01,23.62,50.0,26.09,99.0,10.71,False
2026-09-14,INTT,39.33,⚠️ 谨慎评估,10.72,91.07,46.92,9.59,50.0,50.0,34.07,10.46,False
2026-09-14,IONQ,29.9,🚫 风险较高,37.5,81.55,100.0,0.0,50.0,50.0,35.53,20.0,False
2026-09-14,IOT,52.73,👀 综合中性,42.91,57.8,74.75,48.42,50.0,50.0,96.76,9.46,False
2026-09-14,IPGP,28.16,🚫 风险较高,74.9,64.89,14.45,5.01,50.0,50.0,37.72,7.95,False
2026-09-14,IQV,57.98,👀 综合中性,265.7,80.0,54.96,68.75,50.0,50.0,96.44,6.72,False
2026-09-14,IR,59.87,👀 综合中性,72.13,88.02,79.41,69.27,50.0,50.0,26.61,5.64,False
2026-09-14,IRMD,33.04,🚫 风险较高,82.53,20.24,11.61,71.58,50.0,50.0,28.39,2.49,False
2026-09-14,IRTC,52.08,👀 综合中性,114.7,48.87,100.0,56.12,50.0,50.0,31.22,9.23,False
2026-09-14,ISRG,43.73,⚠️ 谨慎评估,377.9,61.4,40.67,66.71,50.0,53.44,39.21,7.99,False
2026-09-14,ITGR,38.33,⚠️ 谨慎评估,126.1,80.27,1.3,18.95,50.0,50.0,89.12,4.8,False
2026-09-14,ITT,49.45,⚠️ 谨慎评估,199.5,62.01,58.33,32.6,50.0,50.0,70.82,4.51,False
2026-09-14,ITW,57.18,👀 综合中性,269.0,62.25,64.23,72.91,50.0,50.0,52.94,2.56,False
2026-09-14,JBL,46.08,⚠️ 谨慎评估,298.7,91.3,31.9,19.17,50.0,46.85,68.71,4.59,False
2026-09-14,JBTM,58.19,👀 综合中性,111.8,97.73,75.64,40.37,50.0,50.0,30.91,4.41,False
2026-09-14,KAI,63.59,👀 综合中性,267.3,86.58,98.85,61.03,50.0,50.0,21.07,4.7,False
2026-09-14,KE,49.5,⚠️ 谨慎评估,23.95,100.0,50.93,14.81,50.0,50.0,57.23,6.18,False
2026-09-14,KIDS,66.47,✅ 综合良好,22.34,83.65,100.0,42.59,50.0,50.0,72.96,3.94,False
2026-09-14,KLAC,37.8,⚠️ 谨慎评估,169.1,23.27,30.35,79.42,50.0,48.03,56.79,6.84,False
2026-09-14,KLIC,53.0,👀 综合中性,79.45,71.54,100.0,22.07,50.0,50.0,61.79,10.8,False
2026-09-14,KRMN,39.62,⚠️ 谨慎评估,34.74,66.46,100.0,38.14,50.0,50.0,6.12,20.0,False
2026-09-14,KTOS,38.92,⚠️ 谨慎评估,47.58,39.09,77.0,34.83,50.0,50.0,14.24,9.8,False
2026-09-14,LASR,22.29,🚫 风险较高,38.45,66.49,59.69,14.34,50.0,50.0,20.8,17.73,False
2026-09-14,LH,66.65,✅ 综合良好,315.3,87.45,73.17,64.47,50.0,50.0,73.56,1.16,False
2026-09-14,LHX,56.19,👀 综合中性,248.9,86.98,65.75,62.61,50.0,50.0,16.14,3.65,False
2026-09-14,LITE,46.67,⚠️ 谨慎评估,835.0,45.27,74.11,27.55,43.24,54.94,94.16,8.6,False
2026-09-14,LIVN,70.04,✅ 综合良好,80.63,89.34,86.39,51.58,50.0,50.0,96.81,1.84,False
2026-09-14,LMRI,27.76,🚫 风险较高,11.39,77.23,45.0,3.48,50.0,50.0,55.39,20.0,False
2026-09-14,LMT,64.8,👀 综合中性,529.4,100.0,86.88,39.23,50.0,50.0,47.25,2.53,False
2026-09-14,LOAR,53.8,👀 综合中性,64.54,43.07,75.17,72.96,50.0,50.0,41.05,3.66,False
2026-09-14,LRCX,42.9,⚠️ 谨慎评估,273.5,57.12,45.42,46.46,50.0,49.13,61.29,7.89,False
2026-09-14,LSCC,56.14,👀 综合中性,106.5,57.76,100.0,61.08,50.0,50.0,58.36,10.41,False
2026-09-14,LTBR,12.11,🚫 风险较高,6.66,0.0,50.0,0.0,50.0,50.0,20.68,17.46,False
2026-09-14,LUNR,43.59,⚠️ 谨慎评估,13.88,82.93,100.0,19.43,50.0,51.94,13.24,17.43,False
2026-09-14,LYNX,61.25,👀 综合中性,13.46,60.0,100.0,55.51,50.0,50.0,53.75,4.45,False
2026-09-14,MBGL,46.82,⚠️ 谨慎评估,20.26,95.01,10.51,40.97,50.0,50.0,70.02,2.96,False
2026-09-14,MBLY,35.47,⚠️ 谨慎评估,8.16,97.81,14.13,50.66,41.11,26.59,38.18,9.92,False
2026-09-14,MCHP,41.87,⚠️ 谨慎评估,71.48,74.36,31.97,55.9,50.0,28.87,51.11,7.38,False
2026-09-14,MDB,56.59,👀 综合中性,382.3,66.34,85.97,52.59,46.87,60.75,85.86,10.09,False
2026-09-14,MDT,73.89,✅ 综合良好,93.8,99.54,95.79,66.02,50.0,50.0,79.64,2.83,False
2026-09-14,MEDP,67.72,✅ 综合良好,595.4,80.0,100.0,68.75,50.0,50.0,79.72,6.56,False
2026-09-14,META,58.01,👀 综合中性,665.6,76.45,58.81,83.4,50.0,63.03,48.05,5.6,False
2026-09-14,MFP,44.59,⚠️ 谨慎评估,41.51,85.17,100.0,27.29,50.0,50.0,34.65,20.0,False
2026-09-14,MFPVV,41.72,⚠️ 谨慎评估,35.05,93.88,50.0,2.94,50.0,50.0,50.0,10.0,False
2026-09-14,MIDD,53.19,👀 综合中性,109.7,91.93,51.13,62.29,50.0,50.0,40.62,6.38,False
2026-09-14,MIR,52.13,👀 综合中性,15.38,67.6,73.96,63.69,50.0,50.0,36.76,8.11,False
2026-09-14,MPWR,46.26,⚠️ 谨慎评估,1143.0,57.77,83.94,33.13,50.0,50.0,34.39,9.69,False
2026-09-14,MRAM,39.57,⚠️ 谨慎评估,14.73,75.11,72.15,15.35,50.0,50.0,49.62,15.75,False
2026-09-14,MRCY,43.4,⚠️ 谨慎评估,81.03,60.28,32.38,68.89,50.0,50.0,31.77,5.26,False
2026-09-14,MRVL,43.33,⚠️ 谨慎评估,218.8,56.62,78.25,56.35,77.61,45.48,92.2,10.86,False
2026-09-14,MSFT,57.85,👀 综合中性,505.4,84.56,54.5,49.48,50.0,53.44,98.08,5.26,False
2026-09-14,MTD,54.69,👀 综合中性,1286.0,80.0,62.4,68.75,50.0,50.0,41.51,6.37,False
2026-09-14,MTSI,43.63,⚠️ 谨慎评估,239.6,58.6,78.28,30.01,50.0,50.0,46.41,11.8,False
2026-09-14,MU,49.82,⚠️ 谨慎评估,924.0,71.77,95.56,65.82,47.87,87.14,94.88,9.46,False
2026-09-14,MWA,59.41,👀 综合中性,23.08,97.51,72.89,49.23,50.0,50.0,28.48,3.55,False
2026-09-14,MXL,36.46,⚠️ 谨慎评估,64.79,82.93,92.62,24.48,50.0,50.0,94.88,19.29,False
2026-09-14,NDRA,43.32,⚠️ 谨慎评估,5.87,66.67,50.0,0.0,50.0,50.0,99.68,7.48,False
2026-09-14,NDSN,68.49,✅ 综合良好,308.3,74.85,92.08,72.07,50.0,50.0,65.8,1.89,False
2026-09-14,NEO,54.93,👀 综合中性,18.41,69.54,81.0,63.29,50.0,50.0,85.92,12.31,False
2026-09-14,NEOG,35.14,⚠️ 谨慎评估,11.95,65.58,16.11,18.74,50.0,50.0,99.2,9.73,False
2026-09-14,NET,57.4,👀 综合中性,330.4,53.32,93.56,56.32,50.0,61.53,91.52,10.41,False
2026-09-14,NFLX,52.12,👀 综合中性,80.32,91.66,51.16,51.52,50.0,56.94,57.09,8.13,False
2026-09-14,NNE,17.77,🚫 风险较高,15.89,66.67,50.0,2.5,50.0,50.0,24.84,20.0,False
2026-09-14,NOC,49.45,⚠️ 谨慎评估,527.4,82.39,37.12,57.88,50.0,50.0,37.85,3.77,False
2026-09-14,NOW,61.38,👀 综合中性,142.3,90.36,49.57,71.02,61.8,58.23,98.08,7.73,False
2026-09-14,NPK,63.88,👀 综合中性,153.3,57.9,100.0,33.42,50.0,50.0,92.88,2.0,False
2026-09-14,NPO,49.4,⚠️ 谨慎评估,283.9,44.19,75.62,59.55,50.0,50.0,57.19,7.99,False
2026-09-14,NRC,44.67,⚠️ 谨慎评估,22.31,90.2,10.0,33.8,50.0,50.0,95.32,5.47,False
2026-09-14,NTAP,65.48,✅ 综合良好,188.3,99.89,85.27,44.03,50.0,50.0,94.48,6.87,False
2026-09-14,NTNX,64.41,👀 综合中性,67.69,92.68,69.77,72.56,50.0,54.94,95.32,7.48,False
2026-09-14,NTRA,67.45,✅ 综合良好,341.8,84.74,100.0,58.75,50.0,50.0,98.24,8.13,False
2026-09-14,NTSK,45.14,⚠️ 谨慎评估,17.0,79.65,73.0,46.97,50.0,50.0,89.12,20.0,False
2026-09-14,NVCR,68.29,✅ 综合良好,16.22,88.03,100.0,45.72,50.0,50.0,87.46,4.92,False
2026-09-14,NVDA,74.88,✅ 综合良好,211.0,75.77,95.7,89.86,95.37,54.63,80.92,10.31,False
2026-09-14,NVEC,62.74,👀 综合中性,97.26,83.54,80.68,70.61,50.0,40.3,76.84,6.44,False
2026-09-14,NVMI,25.57,🚫 风险较高,334.6,41.87,26.71,33.94,50.0,50.0,26.56,12.23,False
2026-09-14,NVT,60.87,👀 综合中性,146.6,67.67,100.0,40.96,50.0,50.0,78.82,6.69,False
2026-09-14,NVTS,8.6,🚫 风险较高,10.89,66.67,0.0,0.0,50.0,50.0,31.29,20.0,False
2026-09-14,NXPI,51.1,👀 综合中性,224.2,92.25,44.26,55.37,50.0,45.06,55.33,6.76,False
2026-09-14,OESX,56.2,👀 综合中性,25.29,60.41,100.0,13.2,50.0,50.0,97.32,7.59,False
2026-09-14,OKTA,57.76,👀 综合中性,186.4,76.71,62.73,67.07,50.0,54.94,74.88,6.31,False
2026-09-14,OMCL,49.77,⚠️ 谨慎评估,33.51,99.97,52.6,23.46,50.0,50.0,34.53,5.35,False
2026-09-14,OMDA,44.15,⚠️ 谨慎评估,20.5,58.75,100.0,28.88,50.0,50.0,77.28,19.66,False
2026-09-14,ON,36.87,⚠️ 谨慎评估,71.65,91.54,32.4,31.31,50.0,50.0,52.1,14.44,False
2026-09-14,ONTO,48.69,⚠️ 谨慎评估,250.1,62.64,61.4,54.37,50.0,57.73,62.45,9.36,False
2026-09-14,OPRX,38.67,⚠️ 谨慎评估,7.81,96.37,0.0,52.12,50.0,50.0,62.19,9.64,False
2026-09-14,ORCL,36.76,⚠️ 谨慎评估,144.8,85.63,69.75,22.08,50.0,53.44,46.7,8.88,True
2026-09-14,OSS,46.27,⚠️ 谨慎评估,8.72,53.33,100.0,41.19,50.0,50.0,12.28,11.8,False
2026-09-14,OTIS,57.25,👀 综合中性,70.18,90.79,71.37,33.23,50.0,50.0,43.06,3.04,False
2026-09-14,P,43.01,⚠️ 谨慎评估,93.78,55.82,40.17,48.53,50.0,50.0,90.28,9.5,False
2026-09-14,PANW,61.71,👀 综合中性,373.9,46.42,83.76,73.94,50.0,65.7,96.36,5.81,False
2026-09-14,PATH,65.04,✅ 综合良好,14.66,95.69,64.31,71.22,56.2,75.84,83.97,8.08,False
2026-09-14,PAY,57.53,👀 综合中性,37.08,96.87,83.67,21.1,50.0,50.0,83.16,9.24,False
2026-09-14,PEN,53.2,👀 综合中性,319.9,48.48,58.01,60.07,50.0,50.0,56.35,0.64,False
2026-09-14,PH,59.33,👀 综合中性,928.8,66.5,86.51,55.55,50.0,50.0,48.51,3.78,False
2026-09-14,PHR,49.5,⚠️ 谨慎评估,10.42,100.0,56.83,36.09,50.0,50.0,28.43,7.96,False
2026-09-14,PI,23.19,🚫 风险较高,173.1,20.61,21.03,31.82,50.0,50.0,97.64,15.73,False
2026-09-14,PINC,54.95,👀 综合中性,,75.48,50.0,50.0,50.0,50.0,48.51,0.0,False
2026-09-14,PL,51.17,👀 综合中性,16.2,85.77,100.0,68.75,50.0,50.0,8.28,17.12,False
2026-09-14,PLAB,33.75,🚫 风险较高,27.16,88.64,22.74,19.82,50.0,50.0,25.16,10.15,False
2026-09-14,PLPC,58.99,👀 综合中性,398.2,56.75,100.0,16.36,50.0,50.0,92.64,4.08,False
2026-09-14,PLTR,71.64,✅ 综合良好,173.3,52.7,100.0,97.93,85.2,94.48,92.15,14.29,False
2026-09-14,PNR,39.25,⚠️ 谨慎评估,56.18,97.58,4.06,69.79,50.0,50.0,7.56,7.51,False
2026-09-14,PODD,60.38,👀 综合中性,137.8,94.14,100.0,56.8,50.0,50.0,25.8,9.55,False
2026-09-14,POET,49.52,⚠️ 谨慎评估,7.43,33.33,100.0,37.5,50.0,50.0,50.31,7.8,False
2026-09-14,POWI,35.13,⚠️ 谨慎评估,48.51,50.76,48.58,34.23,50.0,50.0,32.25,10.53,False
2026-09-14,POWL,42.07,⚠️ 谨慎评估,170.7,45.23,71.24,38.1,50.0,50.0,28.78,8.38,False
2026-09-14,PRCT,56.84,👀 综合中性,21.02,83.33,100.0,29.94,50.0,50.0,35.98,7.92,False
2026-09-14,PRPO,68.84,✅ 综合良好,27.23,82.59,100.0,89.34,50.0,50.0,64.95,7.57,False
2026-09-14,PRVA,57.47,👀 综合中性,20.88,97.18,72.88,20.03,50.0,50.0,50.03,3.19,False
2026-09-14,PSNL,37.59,⚠️ 谨慎评估,16.29,83.33,100.0,19.21,50.0,50.0,85.08,17.94,False
2026-09-14,PSQL,21.16,🚫 风险较高,8.31,50.0,50.0,0.0,50.0,50.0,33.61,19.7,False
2026-09-14,PTC,49.36,⚠️ 谨慎评估,136.7,96.68,24.21,77.71,50.0,47.35,40.33,6.45,False
2026-09-14,PXLW,39.84,⚠️ 谨慎评估,6.81,71.06,0.0,100.0,50.0,50.0,84.5,12.82,False
2026-09-14,Q,36.08,⚠️ 谨慎评估,117.2,78.89,24.32,25.49,50.0,50.0,50.83,9.68,False
2026-09-14,QBTS,19.64,🚫 风险较高,16.83,66.67,6.77,30.23,50.0,50.0,24.32,17.35,False
2026-09-14,QCOM,35.45,⚠️ 谨慎评估,180.2,87.51,14.21,56.41,14.09,53.44,50.27,7.25,False
2026-09-14,QDEL,38.62,⚠️ 谨慎评估,11.12,96.5,32.22,16.88,50.0,50.0,12.36,7.5,False
2026-09-14,QGEN,49.05,⚠️ 谨慎评估,41.88,59.02,39.31,69.78,50.0,50.0,66.63,4.71,False
2026-09-14,QLYS,57.42,👀 综合中性,172.9,93.12,34.84,79.25,50.0,50.0,92.68,6.07,False
2026-09-14,QMCO,22.58,🚫 风险较高,22.82,63.88,47.23,6.11,50.0,50.0,96.12,20.0,False
2026-09-14,QRVO,51.02,👀 综合中性,108.0,98.27,42.38,25.99,50.0,50.0,87.52,6.88,False
2026-09-14,QUBT,30.45,🚫 风险较高,7.97,83.33,100.0,0.0,50.0,50.0,39.39,20.0,False
2026-09-14,QUIK,44.42,⚠️ 谨慎评估,10.33,67.01,82.62,16.45,50.0,50.0,27.73,9.88,False
2026-09-14,RBCN,24.77,🚫 风险较高,6.35,61.52,41.67,3.41,50.0,50.0,98.48,15.06,False
2026-09-14,RBRK,64.08,👀 综合中性,100.2,78.5,94.75,65.27,50.0,50.0,94.64,9.56,False
2026-09-14,RCAT,47.15,⚠️ 谨慎评估,7.8,83.33,100.0,0.0,50.0,50.0,20.6,11.58,False
2026-09-14,RDNT,52.2,👀 综合中性,75.49,65.0,58.33,59.44,50.0,50.0,94.29,8.73,False
2026-09-14,RDW,35.38,⚠️ 谨慎评估,10.49,83.33,100.0,34.1,50.0,50.0,53.89,20.0,False
2026-09-14,RELY,61.67,👀 综合中性,22.25,99.94,71.12,29.53,50.0,50.0,74.76,3.0,False
2026-09-14,RFIL,45.86,⚠️ 谨慎评估,9.05,77.34,84.71,23.43,50.0,50.0,15.4,10.84,False
2026-09-14,RGTI,40.14,⚠️ 谨慎评估,15.27,45.82,100.0,31.25,50.0,50.0,26.92,16.4,False
2026-09-14,RKLB,30.67,🚫 风险较高,62.55,66.67,100.0,37.5,50.0,50.0,19.4,20.0,False
2026-09-14,RMBS,35.68,⚠️ 谨慎评估,80.39,70.16,34.98,65.36,50.0,50.0,24.2,14.32,False
2026-09-14,ROK,42.2,⚠️ 谨慎评估,418.9,72.61,30.31,37.63,50.0,40.75,62.37,5.86,False
2026-09-14,RRX,56.61,👀 综合中性,153.9,97.02,73.24,43.49,50.0,50.0,29.45,5.57,False
2026-09-14,RTX,70.91,✅ 综合良好,195.3,95.89,93.29,66.04,50.0,50.0,49.0,1.4,False
2026-09-14,RVTY,46.57,⚠️ 谨慎评估,128.5,39.18,35.25,68.75,50.0,50.0,97.48,5.14,False
2026-09-14,RXRX,39.3,⚠️ 谨慎评估,3.41,73.36,36.36,16.07,92.5,32.45,59.99,14.62,False
2026-09-14,S,58.42,👀 综合中性,22.61,88.16,52.0,48.24,50.0,50.0,97.24,4.17,False
2026-09-14,SAIL,40.62,⚠️ 谨慎评估,19.88,86.6,42.0,42.41,50.0,50.0,96.8,18.24,False
2026-09-14,SARO,54.22,👀 综合中性,23.6,100.0,69.67,39.07,50.0,50.0,34.38,7.5,False
2026-09-14,SCCO,67.85,✅ 综合良好,188.3,78.93,100.0,75.41,50.0,50.0,63.66,5.61,False
2026-09-14,SCIA,66.4,✅ 综合良好,8.86,97.73,100.0,10.36,50.0,50.0,96.52,4.35,False
2026-09-14,SDGR,45.27,⚠️ 谨慎评估,20.75,82.19,35.83,17.86,91.5,43.56,98.4,15.3,False
2026-09-14,SHC,61.09,👀 综合中性,18.52,90.04,83.08,68.75,50.0,50.0,75.02,10.5,False
2026-09-14,SIBN,65.22,✅ 综合良好,18.7,83.33,100.0,40.0,50.0,50.0,79.13,5.36,False
2026-09-14,SITM,30.48,🚫 风险较高,558.4,31.28,100.0,28.9,50.0,50.0,83.57,18.31,False
2026-09-14,SKHY,67.65,✅ 综合良好,175.6,95.74,100.0,99.46,50.0,50.0,89.59,15.38,False
2026-09-14,SKYT,48.45,⚠️ 谨慎评估,32.46,67.24,100.0,0.0,50.0,50.0,50.0,10.0,False
2026-09-14,SLAB,41.48,⚠️ 谨慎评估,219.3,48.9,35.85,25.76,50.0,50.0,91.39,5.27,False
2026-09-14,SLP,39.38,⚠️ 谨慎评估,18.42,71.24,18.75,36.24,50.0,50.0,92.38,9.23,False
2026-09-14,SMCI,57.57,👀 综合中性,36.74,90.0,83.67,27.0,73.49,41.27,95.56,13.78,False
2026-09-14,SMR,9.74,🚫 风险较高,8.51,66.67,0.0,0.0,50.0,50.0,32.48,18.59,False
2026-09-14,SMTC,29.05,🚫 风险较高,147.1,55.8,58.0,27.9,50.0,50.0,99.24,16.03,False
2026-09-14,SNDK,59.95,👀 综合中性,1552.0,90.72,100.0,72.04,50.0,50.0,95.96,18.6,False
2026-09-14,SNOW,53.51,👀 综合中性,332.4,51.17,89.14,52.82,54.6,42.18,95.44,11.61,False
2026-09-14,SNPS,62.87,👀 综合中性,381.4,92.84,82.29,75.97,50.97,47.35,41.49,6.74,False
2026-09-14,SOPH,55.03,👀 综合中性,7.86,81.6,68.0,10.65,50.0,50.0,88.16,3.7,False
2026-09-14,SOUN,40.0,⚠️ 谨慎评估,6.47,82.55,100.0,12.14,98.33,70.22,19.32,18.62,True
2026-09-14,SPCX,49.04,⚠️ 谨慎评估,148.2,46.15,100.0,54.55,50.0,50.0,71.41,15.51,False
2026-09-14,SPOK,44.53,⚠️ 谨慎评估,10.88,100.0,5.0,35.85,50.0,50.0,69.56,4.05,False
2026-09-14,SSYS,19.67,🚫 风险较高,7.55,54.4,7.23,5.82,50.0,50.0,40.31,12.92,False
2026-09-14,STE,55.39,👀 综合中性,213.7,99.24,64.63,29.11,50.0,50.0,31.57,3.14,False
2026-09-14,STI,59.96,👀 综合中性,7.03,83.33,100.0,37.5,50.0,50.0,51.66,7.5,False
2026-09-14,STX,52.4,👀 综合中性,805.5,73.56,89.68,23.57,50.0,50.0,94.72,12.74,False
2026-09-14,SWKS,28.36,🚫 风险较高,79.26,55.62,1.71,13.32,50.0,50.0,88.8,9.07,False
2026-09-14,SXI,55.54,👀 综合中性,257.3,73.2,68.43,66.88,50.0,50.0,32.61,4.5,False
2026-09-14,SYK,63.87,👀 综合中性,281.9,96.14,81.85,67.05,50.0,50.0,21.12,2.99,False
2026-09-14,SYM,41.0,⚠️ 谨慎评估,41.6,40.0,100.0,31.25,50.0,50.0,36.44,15.33,False
2026-09-14,SYNA,32.86,🚫 风险较高,95.06,77.57,21.38,18.92,50.0,50.0,65.59,12.4,False
2026-09-14,TACT,33.82,🚫 风险较高,5.12,61.41,9.38,15.52,50.0,50.0,99.08,8.04,False
2026-09-14,TALK,42.0,⚠️ 谨慎评估,5.25,72.92,34.0,18.05,50.0,50.0,50.0,3.79,False
2026-09-14,TBRG,40.55,⚠️ 谨慎评估,26.24,100.0,10.42,24.6,50.0,50.0,50.0,5.74,False
2026-09-14,TDG,63.28,👀 综合中性,1111.0,85.49,79.92,74.8,50.0,50.0,26.76,2.69,False
2026-09-14,TDOC,29.27,🚫 风险较高,6.5,98.88,0.0,25.72,50.0,50.0,67.81,16.15,False
2026-09-14,TEAM,63.81,👀 综合中性,192.8,90.24,75.89,68.44,50.0,55.44,99.16,8.94,False
2026-09-14,TEM,36.03,⚠️ 谨慎评估,62.21,65.02,68.65,20.27,96.67,53.94,81.75,18.07,True
2026-09-14,TENB,50.0,👀 综合中性,35.08,89.47,21.5,59.94,50.0,50.0,95.12,6.77,False
2026-09-14,TER,55.39,👀 综合中性,329.2,72.58,100.0,34.26,50.0,50.0,65.23,10.79,False
2026-09-14,TMDX,36.51,⚠️ 谨慎评估,85.86,69.84,58.33,35.86,50.0,50.0,28.63,15.28,False
2026-09-14,TMO,63.68,👀 综合中性,613.6,77.94,70.62,68.75,50.0,50.0,87.2,3.6,False
2026-09-14,TNC,43.11,⚠️ 谨慎评估,68.68,81.6,22.99,38.41,50.0,50.0,51.37,4.86,False
2026-09-14,TNDM,32.67,🚫 风险较高,16.81,66.67,48.89,17.95,50.0,50.0,16.67,12.25,False
2026-09-14,TOST,50.6,👀 综合中性,33.29,97.43,75.35,18.55,50.0,50.0,67.43,12.25,False
2026-09-14,TRT,47.33,⚠️ 谨慎评估,9.87,67.43,100.0,1.17,50.0,50.0,90.11,15.34,False
2026-09-14,TSLA,23.14,🚫 风险较高,359.0,22.86,31.08,29.09,50.0,30.45,52.87,11.9,False
2026-09-14,TSM,63.75,👀 综合中性,418.0,73.13,69.7,79.67,50.0,58.27,89.41,5.02,False
2026-09-14,TTD,38.11,⚠️ 谨慎评估,14.97,95.88,4.38,61.39,50.0,50.0,26.4,9.01,False
2026-09-14,TWLO,57.91,👀 综合中性,231.9,87.82,73.75,26.13,50.0,50.0,96.48,6.66,False
2026-09-14,TWST,40.73,⚠️ 谨慎评估,134.8,72.35,58.0,2.35,50.0,50.0,91.8,12.77,False
2026-09-14,TXG,34.99,🚫 风险较高,70.11,58.95,0.0,68.75,50.0,50.0,99.8,12.09,False
2026-09-14,TXN,47.46,⚠️ 谨慎评估,263.4,60.61,38.71,51.05,50.0,46.85,86.58,5.34,False
2026-09-14,TXT,51.69,👀 综合中性,80.58,92.03,40.17,40.15,50.0,50.0,46.57,2.44,False
2026-09-14,TYL,50.66,👀 综合中性,359.5,91.5,38.27,46.81,50.0,46.85,71.33,6.05,False
2026-09-14,U,43.28,⚠️ 谨慎评估,43.45,65.27,51.53,55.03,50.0,45.06,84.52,13.87,False
2026-09-14,UCTT,34.1,🚫 风险较高,66.39,83.28,45.08,0.0,50.0,50.0,57.56,14.58,False
2026-09-14,UFPT,61.07,👀 综合中性,278.0,86.62,99.09,15.25,50.0,50.0,67.92,5.11,False
2026-09-14,ULBI,46.1,⚠️ 谨慎评估,5.56,90.92,54.36,8.14,50.0,50.0,20.56,3.95,False
2026-09-14,UMAC,35.12,⚠️ 谨慎评估,22.66,83.33,100.0,0.0,50.0,50.0,90.52,18.89,False
2026-09-14,VCYT,58.53,👀 综合中性,41.21,73.33,100.0,68.75,50.0,50.0,62.13,12.66,False
2026-09-14,VECO,31.16,🚫 风险较高,40.9,73.81,23.25,10.96,50.0,50.0,42.02,10.26,False
2026-09-14,VEEV,59.73,👀 综合中性,265.7,92.6,56.66,64.27,50.0,50.0,97.6,7.36,False
2026-09-14,VELO,26.45,🚫 风险较高,9.99,83.33,88.15,0.0,50.0,50.0,15.68,20.0,False
2026-09-14,VOYG,45.48,⚠️ 谨慎评估,33.1,83.33,100.0,2.41,50.0,50.0,69.7,18.52,False
2026-09-14,VREX,42.36,⚠️ 谨慎评估,18.46,68.25,37.22,7.2,50.0,50.0,82.84,4.96,False
2026-09-14,VRNS,46.53,⚠️ 谨慎评估,47.48,55.95,45.75,54.02,50.0,50.0,84.48,7.65,False
2026-09-14,VRSN,53.04,👀 综合中性,298.6,63.99,23.18,81.59,50.0,50.0,96.18,2.41,False
2026-09-14,VRT,47.51,⚠️ 谨慎评估,237.4,75.03,58.88,37.77,58.53,65.32,50.08,11.13,False
2026-09-14,VSEC,55.4,👀 综合中性,187.6,74.69,100.0,16.07,50.0,50.0,43.22,6.27,False
2026-09-14,VSH,41.17,⚠️ 谨慎评估,30.8,85.49,61.05,0.0,50.0,50.0,78.54,14.04,False
2026-09-14,VVX,63.37,👀 综合中性,72.96,100.0,83.92,21.37,50.0,50.0,59.59,1.77,False
2026-09-14,WAT,63.34,👀 综合中性,410.0,70.0,100.0,42.16,50.0,50.0,91.17,6.1,False
2026-09-14,WAY,53.94,👀 综合中性,24.9,98.85,45.51,53.81,50.0,50.0,66.7,6.95,False
2026-09-14,WDAY,61.64,👀 综合中性,194.2,98.32,61.34,67.15,50.0,48.85,92.6,7.58,False
2026-09-14,WDC,50.54,👀 综合中性,426.9,80.16,85.46,29.36,50.0,50.0,88.23,15.08,False
2026-09-14,WEAV,48.04,⚠️ 谨慎评估,7.32,97.26,38.75,38.0,50.0,50.0,98.0,11.6,False
2026-09-14,WEX,66.29,✅ 综合良好,200.8,99.97,60.86,68.17,50.0,50.0,92.88,3.43,False
2026-09-14,WGS,46.58,⚠️ 谨慎评估,89.74,66.67,82.0,37.5,50.0,50.0,85.03,16.38,False
2026-09-14,WIX,50.11,👀 综合中性,83.33,100.0,37.25,40.72,50.0,50.0,87.89,9.1,False
2026-09-14,WOLF,25.53,🚫 风险较高,23.96,100.0,0.0,45.45,50.0,50.0,37.17,20.0,False
2026-09-14,WTS,65.17,✅ 综合良好,351.9,70.82,91.98,58.96,50.0,50.0,74.39,3.27,False
2026-09-14,WWD,66.29,✅ 综合良好,324.7,78.91,100.0,57.3,50.0,50.0,47.42,2.83,False
2026-09-14,XE,42.6,⚠️ 谨慎评估,15.64,100.0,100.0,0.0,50.0,50.0,26.04,20.0,False
2026-09-14,XGN,55.21,👀 综合中性,7.35,83.33,100.0,44.25,50.0,50.0,89.88,17.08,False
2026-09-14,XPON,23.68,🚫 风险较高,4.59,66.67,0.0,0.0,50.0,50.0,28.48,7.5,False
2026-09-14,XYL,52.25,👀 综合中性,107.5,75.4,58.24,59.3,50.0,50.0,31.91,4.48,False
2026-09-14,XYZ,22.79,🚫 风险较高,79.49,88.53,13.56,13.56,50.0,50.0,91.8,16.92,False
2026-09-14,YSS,42.18,⚠️ 谨慎评估,7.71,100.0,77.0,43.45,50.0,50.0,14.16,20.0,False
2026-09-14,ZBH,67.01,✅ 综合良好,96.54,100.0,66.94,68.77,50.0,50.0,69.18,1.96,False
2026-09-14,ZETA,63.01,👀 综合中性,31.01,93.07,100.0,25.15,50.0,50.0,98.52,9.23,False
2026-09-14,ZM,57.11,👀 综合中性,95.36,94.91,42.14,70.21,50.0,46.56,65.86,4.18,False
2026-09-14,ZS,63.17,👀 综合中性,191.7,75.32,85.82,68.89,50.0,59.25,93.62,8.97,False
2026-09-15,A,58.95,👀 综合中性,150.3,76.58,62.69,68.75,50.0,50.0,88.49,6.2,False
2026-09-15,AADX,53.48,👀 综合中性,12.22,98.41,100.0,56.9,50.0,50.0,19.08,16.64,False
2026-09-15,AAPL,44.62,⚠️ 谨慎评估,331.3,54.28,33.05,41.13,50.0,46.85,85.76,3.93,False
2026-09-15,ABT,54.14,👀 综合中性,102.0,92.22,51.85,52.91,50.0,50.0,40.84,4.29,False
2026-09-15,ACHR,19.2,🚫 风险较高,5.47,66.67,50.0,12.03,50.0,50.0,29.62,20.0,False
2026-09-15,ACIW,56.35,👀 综合中性,51.29,97.38,52.31,29.99,50.0,50.0,83.38,4.04,False
2026-09-15,ACLS,23.63,🚫 风险较高,105.0,68.96,14.0,8.82,50.0,50.0,30.54,13.04,False
2026-09-15,ACMR,41.94,⚠️ 谨慎评估,63.94,81.38,78.46,4.79,50.0,50.0,47.51,14.42,False
2026-09-15,ACN,48.91,⚠️ 谨慎评估,193.4,97.38,28.82,49.11,50.0,45.06,66.23,6.27,False
2026-09-15,ADBE,53.44,👀 综合中性,257.8,97.77,39.39,80.51,46.97,45.06,57.63,7.7,False
2026-09-15,ADI,55.6,👀 综合中性,361.4,58.83,59.99,77.66,50.0,47.35,69.02,4.45,False
2026-09-15,ADIG,33.01,🚫 风险较高,20.44,86.52,8.77,9.09,50.0,50.0,43.71,7.22,False
2026-09-15,ADPT,62.53,👀 综合中性,26.68,86.31,100.0,64.33,50.0,50.0,95.44,13.93,False
2026-09-15,ADSE,40.32,⚠️ 谨慎评估,11.17,82.58,0.0,31.25,50.0,50.0,57.16,1.6,False
2026-09-15,ADSK,58.07,👀 综合中性,226.5,96.78,61.53,74.99,50.0,47.35,46.66,7.32,False
2026-09-15,ADVB,29.49,🚫 风险较高,8.08,66.67,50.0,0.0,50.0,50.0,86.56,20.0,False
2026-09-15,AEHR,23.44,🚫 风险较高,81.58,54.94,59.54,0.0,50.0,50.0,85.16,18.14,False
2026-09-15,AEIS,54.27,👀 综合中性,250.6,69.02,100.0,31.78,50.0,50.0,32.37,7.54,False
2026-09-15,AFRM,39.57,⚠️ 谨慎评估,72.09,93.5,90.92,18.42,50.0,59.75,74.34,14.84,True
2026-09-15,AHCO,46.55,⚠️ 谨慎评估,5.82,83.33,87.22,8.84,50.0,50.0,36.28,11.87,False
2026-09-15,AI,43.92,⚠️ 谨慎评估,10.79,86.72,28.05,26.92,97.33,53.44,77.34,17.02,False
2026-09-15,AIP,46.96,⚠️ 谨慎评估,20.41,72.22,78.77,68.75,50.0,50.0,28.87,15.38,False
2026-09-15,AIR,62.06,👀 综合中性,115.9,88.47,97.75,29.46,50.0,50.0,49.68,4.46,False
2026-09-15,AKAM,42.06,⚠️ 谨慎评估,105.4,90.36,7.87,31.17,50.0,50.0,60.66,3.72,False
2026-09-15,ALAB,34.16,🚫 风险较高,252.5,53.19,100.0,45.47,50.0,50.0,80.94,20.0,False
2026-09-15,ALGM,30.29,🚫 风险较高,33.26,59.42,50.0,20.61,50.0,50.0,23.11,14.5,False
2026-09-15,ALMR,64.61,👀 综合中性,28.75,100.0,100.0,32.4,50.0,50.0,71.39,7.39,False
2026-09-15,ALMU,24.87,🚫 风险较高,13.13,66.67,3.69,4.39,50.0,50.0,24.52,7.5,False
2026-09-15,ALOT,34.91,🚫 风险较高,28.99,66.64,14.46,10.26,50.0,50.0,62.0,4.77,False
2026-09-15,AMAT,43.64,⚠️ 谨慎评估,421.2,65.66,43.69,44.11,50.0,47.35,53.47,7.11,False
2026-09-15,AMBA,27.33,🚫 风险较高,64.33,57.03,28.0,31.34,50.0,50.0,45.45,15.32,False
2026-09-15,AMBQ,55.42,👀 综合中性,60.85,82.78,100.0,4.53,50.0,50.0,94.52,11.27,False
2026-09-15,AMD,49.99,⚠️ 谨慎评估,504.2,50.61,75.78,58.03,35.89,53.94,97.04,10.06,False
2026-09-15,AME,62.59,👀 综合中性,234.4,60.98,88.75,54.82,50.0,50.0,69.15,1.93,False
2026-09-15,AMKR,27.21,🚫 风险较高,46.38,87.94,69.13,0.0,50.0,50.0,35.91,17.18,False
2026-09-15,AMPX,27.5,🚫 风险较高,9.16,66.67,100.0,0.0,50.0,50.0,21.76,18.84,False
2026-09-15,AMSC,25.17,🚫 风险较高,27.7,62.34,92.29,2.5,50.0,50.0,26.44,20.0,False
2026-09-15,AMWL,30.59,🚫 风险较高,13.67,86.61,0.0,8.17,50.0,50.0,85.92,11.55,False
2026-09-15,AMZN,53.6,👀 综合中性,248.4,79.13,65.8,28.89,50.0,61.44,64.29,5.58,False
2026-09-15,ANET,51.34,👀 综合中性,192.8,42.99,53.93,72.88,56.0,55.44,94.56,7.87,False
2026-09-15,AORT,43.11,⚠️ 谨慎评估,25.38,49.75,79.44,40.18,50.0,50.0,27.32,10.46,False
2026-09-15,AOS,43.21,⚠️ 谨慎评估,57.22,90.91,14.75,59.7,50.0,50.0,30.27,5.64,False
2026-09-15,AOSL,15.55,🚫 风险较高,24.76,35.64,20.14,20.1,50.0,43.56,32.29,12.03,True
2026-09-15,APP,51.97,👀 综合中性,331.5,96.6,97.92,72.92,87.33,78.72,38.92,14.67,True
2026-09-15,ARM,30.97,🚫 风险较高,241.8,23.69,64.64,74.91,39.07,62.03,94.04,14.26,True
2026-09-15,ARXS,71.34,✅ 综合良好,49.72,93.46,100.0,54.55,50.0,50.0,77.27,3.26,False
2026-09-15,ASML,37.8,⚠️ 谨慎评估,1591.0,38.34,31.3,76.76,50.0,40.75,65.53,9.84,False
2026-09-15,ASYS,42.29,⚠️ 谨慎评估,13.83,92.62,59.17,20.36,50.0,50.0,48.31,13.91,False
2026-09-15,ATEC,59.53,👀 综合中性,10.66,79.79,100.0,49.89,50.0,50.0,39.53,7.86,False
2026-09-15,ATKR,47.39,⚠️ 谨慎评估,94.55,94.59,44.95,26.22,50.0,50.0,69.76,8.67,False
2026-09-15,ATRO,65.16,✅ 综合良好,66.64,86.56,100.0,48.74,50.0,50.0,62.89,5.75,False
2026-09-15,AVAV,38.97,⚠️ 谨慎评估,157.0,64.32,53.5,39.35,50.0,50.0,37.88,11.96,False
2026-09-15,AVGO,46.5,⚠️ 谨慎评估,339.3,73.92,87.07,63.11,62.55,59.88,45.73,7.09,True
2026-09-15,AVNS,38.22,⚠️ 谨慎评估,24.99,77.26,38.24,15.08,50.0,50.0,50.0,9.05,False
2026-09-15,AVR,50.54,👀 综合中性,8.34,54.86,100.0,37.5,50.0,50.0,86.56,14.71,False
2026-09-15,AXGN,62.18,👀 综合中性,44.97,50.76,100.0,51.97,50.0,50.0,82.92,4.06,False
2026-09-15,AXON,41.24,⚠️ 谨慎评估,442.1,56.84,58.33,60.68,50.0,50.0,24.17,11.23,False
2026-09-15,AXTI,38.35,⚠️ 谨慎评估,57.7,37.95,100.0,0.0,50.0,50.0,64.95,15.73,False
2026-09-15,AYI,55.09,👀 综合中性,299.8,87.98,64.31,63.8,50.0,50.0,36.99,6.85,False
2026-09-15,BA,52.42,👀 综合中性,209.7,87.42,65.0,20.78,50.0,50.0,58.49,5.28,False
2026-09-15,BBAI,22.78,🚫 风险较高,2.82,77.59,41.78,0.0,86.67,43.06,21.12,19.34,True
2026-09-15,BBNX,49.29,⚠️ 谨慎评估,19.23,83.33,100.0,21.71,50.0,50.0,93.72,20.0,False
2026-09-15,BDSX,65.75,✅ 综合良好,27.7,83.33,100.0,37.5,50.0,50.0,93.48,5.89,False
2026-09-15,BE,36.05,⚠️ 谨慎评估,259.4,55.0,100.0,39.81,50.0,50.0,99.96,18.9,False
2026-09-15,BETA,48.84,⚠️ 谨慎评估,20.66,83.33,100.0,37.5,50.0,50.0,65.53,20.0,False
2026-09-15,BFLY,56.87,👀 综合中性,7.8,83.33,100.0,41.92,50.0,50.0,79.96,14.08,False
2026-09-15,BIAF,58.29,👀 综合中性,6.36,83.33,100.0,37.5,50.0,50.0,35.0,7.5,False
2026-09-15,BIO,51.1,👀 综合中性,378.0,79.15,46.77,33.09,50.0,50.0,84.2,4.81,False
2026-09-15,BIOQ,48.18,⚠️ 谨慎评估,33.0,100.0,0.0,96.59,50.0,50.0,0.0,1.31,False
2026-09-15,BKFG,29.95,🚫 风险较高,94.0,67.23,0.0,10.03,50.0,50.0,0.0,0.0,False
2026-09-15,BLLN,49.8,⚠️ 谨慎评估,104.3,43.84,100.0,56.8,50.0,50.0,88.37,16.32,False
2026-09-15,BLSH,50.26,👀 综合中性,35.46,76.68,100.0,46.1,50.0,50.0,80.06,20.0,False
2026-09-15,BOX,50.91,👀 综合中性,34.8,96.47,34.0,45.18,50.0,50.0,97.96,8.46,False
2026-09-15,BRAI,24.23,🚫 风险较高,5.44,66.67,50.0,0.0,50.0,50.0,33.92,20.0,False
2026-09-15,BRKR,48.44,⚠️ 谨慎评估,55.75,89.55,45.56,18.19,50.0,50.0,92.92,7.88,False
2026-09-15,BSX,55.9,👀 综合中性,43.87,99.71,66.71,66.61,50.0,50.0,16.96,7.41,False
2026-09-15,BTSG,56.53,👀 综合中性,58.84,98.54,75.21,19.43,50.0,50.0,95.52,9.45,False
2026-09-15,BVS,65.77,✅ 综合良好,13.0,98.84,63.7,66.04,50.0,50.0,78.04,2.63,False
2026-09-15,BW,51.84,👀 综合中性,6.98,72.81,100.0,31.82,50.0,50.0,28.8,10.38,False
2026-09-15,BWXT,55.88,👀 综合中性,146.7,67.04,82.58,51.97,50.0,50.0,32.76,4.24,False
2026-09-15,CAMT,20.19,🚫 风险较高,134.7,28.28,10.2,19.94,50.0,50.0,40.89,10.1,False
2026-09-15,CARL,54.05,👀 综合中性,15.23,83.33,100.0,26.56,50.0,50.0,86.12,15.21,False
2026-09-15,CBLL,63.88,👀 综合中性,25.04,83.33,100.0,37.5,50.0,50.0,97.96,8.21,False
2026-09-15,CBRS,44.77,⚠️ 谨慎评估,184.0,73.44,100.0,0.0,50.0,50.0,44.17,14.33,False
2026-09-15,CDNA,60.22,👀 综合中性,52.64,71.02,100.0,68.75,50.0,50.0,97.36,14.03,False
2026-09-15,CDNS,53.63,👀 综合中性,274.0,76.85,61.29,85.09,53.8,45.93,19.1,7.09,False
2026-09-15,CDRE,53.73,👀 综合中性,27.64,100.0,59.75,71.94,50.0,50.0,13.2,8.32,False
2026-09-15,CERT,29.81,🚫 风险较高,8.4,61.72,2.5,28.06,50.0,50.0,96.0,11.97,False
2026-09-15,CEVA,33.32,🚫 风险较高,27.91,64.24,27.85,42.55,50.0,50.0,64.18,14.29,False
2026-09-15,CHKP,39.44,⚠️ 谨慎评估,137.8,45.0,13.15,77.1,50.0,50.0,59.33,5.35,False
2026-09-15,CLS,50.22,👀 综合中性,316.8,83.42,75.85,21.96,35.28,55.44,63.25,7.65,False
2026-09-15,CMI,45.42,⚠️ 谨慎评估,538.0,62.25,69.93,17.21,50.0,50.0,34.02,5.5,False
2026-09-15,CMPD,31.16,🚫 风险较高,6.75,52.94,3.5,0.0,50.0,50.0,92.2,4.52,False
2026-09-15,CNMD,47.65,⚠️ 谨慎评估,46.95,73.96,38.3,41.6,50.0,50.0,71.96,5.15,False
2026-09-15,COHR,46.99,⚠️ 谨慎评估,271.2,69.91,76.06,23.7,50.24,56.94,59.41,11.24,False
2026-09-15,COHU,45.02,⚠️ 谨慎评估,49.97,62.73,66.77,18.16,50.0,50.0,93.6,11.3,False
2026-09-15,CORZ,34.24,🚫 风险较高,16.04,79.85,100.0,31.25,50.0,50.0,27.42,17.75,False
2026-09-15,CPAY,62.78,👀 综合中性,407.8,98.49,38.12,75.88,50.0,50.0,92.4,2.07,False
2026-09-15,CR,61.16,👀 综合中性,195.4,63.33,85.0,71.19,50.0,50.0,56.65,4.1,False
2026-09-15,CRCT,46.81,⚠️ 谨慎评估,5.65,77.98,31.04,31.8,50.0,50.0,88.16,5.13,False
2026-09-15,CRDO,33.33,🚫 风险较高,150.4,70.54,98.99,50.09,50.0,50.0,21.05,19.04,False
2026-09-15,CRL,42.02,⚠️ 谨慎评估,272.9,71.43,11.5,68.75,50.0,50.0,75.72,8.03,False
2026-09-15,CRM,59.54,👀 综合中性,255.7,95.88,55.31,70.95,50.0,48.85,77.12,6.7,False
2026-09-15,CRSR,29.98,🚫 风险较高,13.36,88.29,4.92,5.55,50.0,50.0,89.6,13.7,False
2026-09-15,CRUS,48.63,⚠️ 谨慎评估,122.2,96.27,33.6,55.73,50.0,51.15,38.27,6.33,False
2026-09-15,CRWD,52.43,👀 综合中性,242.5,30.0,81.63,67.31,50.0,63.66,85.6,9.0,False
2026-09-15,CRWV,45.01,⚠️ 谨慎评估,80.92,82.87,100.0,21.02,50.0,50.0,42.8,19.0,False
2026-09-15,CSCO,52.96,👀 综合中性,110.1,68.4,36.63,59.79,50.0,47.35,92.68,2.85,False
2026-09-15,CSTL,64.27,👀 综合中性,35.5,83.33,100.0,44.64,50.0,50.0,95.32,8.62,False
2026-09-15,CSW,64.89,👀 综合中性,289.5,73.46,100.0,51.72,50.0,50.0,46.97,2.26,False
2026-09-15,CTEV,45.02,⚠️ 谨慎评估,35.54,92.18,16.5,46.44,50.0,50.0,86.36,8.14,False
2026-09-15,CUAI,32.94,🚫 风险较高,8.4,69.35,100.0,25.68,50.0,50.0,62.0,20.0,False
2026-09-15,CW,57.51,👀 综合中性,562.9,82.29,65.83,72.36,50.0,50.0,21.41,3.4,False
2026-09-15,CXT,68.91,✅ 综合良好,47.54,100.0,100.0,68.87,50.0,50.0,61.26,7.55,False
2026-09-15,DBX,43.78,⚠️ 谨慎评估,37.63,45.0,8.24,73.05,50.0,50.0,99.76,3.21,False
2026-09-15,DCI,57.15,👀 综合中性,87.06,81.54,74.82,41.08,50.0,50.0,42.71,3.3,False
2026-09-15,DCO,68.97,✅ 综合良好,166.3,86.64,90.67,62.53,50.0,50.0,79.4,3.34,False
2026-09-15,DCTH,65.03,✅ 综合良好,16.17,84.38,71.35,71.11,50.0,50.0,82.08,3.56,False
2026-09-15,DDOG,62.0,👀 综合中性,230.3,54.43,90.15,68.4,61.43,63.53,95.6,9.88,False
2026-09-15,DELL,44.09,⚠️ 谨慎评估,543.5,92.73,72.43,14.14,50.0,54.94,99.92,5.48,True
2026-09-15,DGX,70.84,✅ 综合良好,247.1,86.22,75.58,69.33,50.0,50.0,95.32,0.23,False
2026-09-15,DHR,62.69,👀 综合中性,209.4,80.0,72.29,68.75,50.0,50.0,68.05,3.5,False
2026-09-15,DIOD,34.49,🚫 风险较高,90.27,68.49,31.25,11.27,50.0,50.0,85.45,12.26,False
2026-09-15,DLO,72.62,✅ 综合良好,14.45,98.54,89.88,69.82,50.0,66.39,69.18,3.59,False
2026-09-15,DOCN,40.6,⚠️ 谨慎评估,117.8,70.95,41.71,12.73,50.0,50.0,95.56,10.48,False
2026-09-15,DOCS,43.84,⚠️ 谨慎评估,25.81,96.46,10.65,80.21,50.0,50.0,56.42,10.79,False
2026-09-15,DOCU,57.43,👀 综合中性,71.85,95.77,43.17,67.1,50.0,46.85,80.16,5.28,False
2026-09-15,DOV,58.04,👀 综合中性,189.0,86.61,71.15,55.77,50.0,50.0,34.74,3.91,False
2026-09-15,DOX,42.13,⚠️ 谨慎评估,62.3,96.07,3.94,36.19,50.0,50.0,61.13,4.61,False
2026-09-15,DPC,61.54,👀 综合中性,40.06,90.36,100.0,53.53,50.0,50.0,36.58,8.22,False
2026-09-15,DRIO,21.69,🚫 风险较高,6.75,66.67,0.0,2.36,50.0,50.0,28.68,9.87,False
2026-09-15,DRS,67.48,✅ 综合良好,36.88,93.79,85.71,73.6,50.0,50.0,39.72,2.72,False
2026-09-15,DT,60.31,👀 综合中性,55.17,92.41,45.03,73.63,52.47,55.44,99.6,6.47,False
2026-09-15,DUOL,59.29,👀 综合中性,153.9,94.59,48.01,80.7,50.0,47.73,96.52,8.16,False
2026-09-15,DXCM,66.33,✅ 综合良好,86.45,87.26,93.84,59.74,50.0,50.0,87.72,7.31,False
2026-09-15,EAF,19.1,🚫 风险较高,7.13,66.67,9.41,0.0,50.0,50.0,36.72,15.26,False
2026-09-15,EMR,64.29,👀 综合中性,147.0,86.25,80.76,70.99,50.0,50.0,64.06,5.2,False
2026-09-15,ENOV,38.7,⚠️ 谨慎评估,17.94,87.81,34.44,42.75,50.0,50.0,11.64,10.05,False
2026-09-15,ENR,45.54,⚠️ 谨慎评估,20.46,84.51,21.27,46.12,50.0,50.0,64.46,5.04,False
2026-09-15,ENS,56.29,👀 综合中性,170.7,98.79,75.29,40.22,50.0,50.0,27.92,6.12,False
2026-09-15,ENTG,43.18,⚠️ 谨慎评估,129.6,75.01,47.83,23.88,50.0,50.0,65.57,8.92,False
2026-09-15,EPAC,66.2,✅ 综合良好,34.59,96.1,78.04,75.41,50.0,50.0,36.83,2.52,False
2026-09-15,ESP,68.38,✅ 综合良好,63.82,84.93,96.23,39.1,50.0,50.0,91.57,2.69,False
2026-09-15,ESTA,60.23,👀 综合中性,71.48,66.67,100.0,37.5,50.0,50.0,62.98,5.03,False
2026-09-15,ESTC,59.57,👀 综合中性,85.16,66.3,71.0,72.42,50.87,62.03,95.8,8.26,False
2026-09-15,ETN,48.93,⚠️ 谨慎评估,392.4,48.82,58.33,43.77,50.0,50.0,69.77,3.96,False
2026-09-15,EW,60.39,👀 综合中性,85.74,84.11,53.8,72.79,50.0,50.0,50.57,0.86,False
2026-09-15,EXLS,53.06,👀 综合中性,36.29,91.95,42.03,46.14,50.0,47.35,78.32,5.33,False
2026-09-15,FAC,30.76,🚫 风险较高,5.0,100.0,50.0,0.0,50.0,50.0,32.64,20.0,False
2026-09-15,FCEL,14.78,🚫 风险较高,15.25,81.82,0.0,0.0,50.0,50.0,72.67,18.93,False
2026-09-15,FCX,50.26,👀 综合中性,69.38,84.71,36.11,59.12,50.0,50.0,69.91,6.57,False
2026-09-15,FELE,54.71,👀 综合中性,95.95,81.7,65.25,37.48,50.0,50.0,42.94,2.86,False
2026-09-15,FFIV,54.03,👀 综合中性,430.9,89.33,32.25,65.75,50.0,50.0,86.4,5.4,False
2026-09-15,FLGT,48.55,⚠️ 谨慎评估,21.28,83.33,47.0,37.5,50.0,50.0,72.54,7.74,False
2026-09-15,FLS,49.57,⚠️ 谨慎评估,71.03,89.78,52.5,40.53,50.0,50.0,37.82,6.37,False
2026-09-15,FLY,44.28,⚠️ 谨慎评估,20.49,83.33,100.0,34.61,50.0,50.0,24.2,20.0,False
2026-09-15,FN,45.68,⚠️ 谨慎评估,374.9,80.69,61.31,29.09,50.86,53.44,15.72,7.24,False
2026-09-15,FORM,47.85,⚠️ 谨慎评估,101.7,68.54,74.78,20.99,50.0,50.0,62.15,8.92,False
2026-09-15,FOUR,42.61,⚠️ 谨慎评估,42.35,100.0,49.73,25.02,50.0,50.0,30.18,11.59,False
2026-09-15,FPS,43.42,⚠️ 谨慎评估,31.36,75.65,100.0,21.59,50.0,50.0,33.08,18.26,False
2026-09-15,FRNM,66.65,✅ 综合良好,14.64,100.0,100.0,0.0,50.0,50.0,95.96,2.95,False
2026-09-15,FTAI,41.99,⚠️ 谨慎评估,176.4,76.67,58.33,38.53,50.0,50.0,18.12,10.52,False
2026-09-15,FTNT,64.3,👀 综合中性,172.4,76.85,71.25,73.38,50.0,43.56,99.24,4.17,False
2026-09-15,GD,62.03,👀 综合中性,358.6,97.71,61.88,49.39,50.0,50.0,52.94,0.68,False
2026-09-15,GDDY,51.18,👀 综合中性,102.4,97.19,35.56,43.63,50.0,50.0,82.32,6.92,False
2026-09-15,GE,39.86,⚠️ 谨慎评估,307.1,58.1,38.93,29.24,50.0,54.94,37.89,5.16,False
2026-09-15,GEHC,52.87,👀 综合中性,64.07,100.0,63.41,23.44,50.0,50.0,20.36,3.53,False
2026-09-15,GEN,59.67,👀 综合中性,31.23,93.97,50.85,69.85,50.0,50.0,99.16,7.23,False
2026-09-15,GEV,46.29,⚠️ 谨慎评估,882.8,48.79,65.36,46.04,50.0,57.48,61.9,8.65,False
2026-09-15,GFS,24.99,🚫 风险较高,42.75,86.06,9.69,11.39,50.0,50.0,21.64,13.52,False
2026-09-15,GGG,55.99,👀 综合中性,76.84,65.22,59.21,73.08,50.0,50.0,48.76,2.69,False
2026-09-15,GH,65.71,✅ 综合良好,175.7,84.09,100.0,54.93,50.0,50.0,98.04,9.15,False
2026-09-15,GHM,36.43,⚠️ 谨慎评估,83.68,37.4,58.33,0.73,50.0,50.0,45.04,5.25,False
2026-09-15,GKOS,65.81,✅ 综合良好,171.7,66.67,100.0,44.56,50.0,50.0,85.48,2.76,False
2026-09-15,GMED,52.51,👀 综合中性,74.69,100.0,28.84,73.6,50.0,50.0,25.11,3.25,False
2026-09-15,GNRC,51.25,👀 综合中性,175.0,83.68,95.2,41.58,50.0,50.0,22.74,12.8,False
2026-09-15,GOOGL,59.0,👀 综合中性,345.0,64.61,51.47,88.27,50.0,70.89,72.0,4.32,False
2026-09-15,GRAL,36.03,⚠️ 谨慎评估,75.89,83.33,100.0,37.5,50.0,50.0,57.51,20.0,False
2026-09-15,GRC,54.39,👀 综合中性,71.23,81.1,69.6,35.95,50.0,50.0,57.55,5.38,False
2026-09-15,GRMN,50.48,👀 综合中性,279.0,70.67,32.53,55.32,50.0,51.15,85.72,3.77,False
2026-09-15,GSIT,10.53,🚫 风险较高,4.9,33.33,8.46,16.66,50.0,50.0,12.72,17.02,False
2026-09-15,GTES,65.53,✅ 综合良好,25.5,98.86,81.47,60.46,50.0,50.0,69.71,5.65,False
2026-09-15,GTLB,62.68,👀 综合中性,49.1,76.68,81.78,72.28,50.0,70.01,85.44,9.49,False
2026-09-15,GTLS,29.48,🚫 风险较高,209.9,71.18,0.0,25.36,50.0,50.0,50.0,8.56,False
2026-09-15,HAE,54.13,👀 综合中性,106.2,71.34,44.67,61.41,50.0,50.0,89.96,4.51,False
2026-09-15,HAWK,41.06,⚠️ 谨慎评估,16.49,46.15,100.0,54.55,50.0,50.0,8.36,17.19,False
2026-09-15,HAYW,54.05,👀 综合中性,12.75,78.4,59.61,74.68,50.0,50.0,19.49,4.68,False
2026-09-15,HII,55.03,👀 综合中性,279.5,90.0,88.04,15.03,50.0,50.0,23.48,4.58,False
2026-09-15,HLIO,60.29,👀 综合中性,66.5,91.88,90.05,44.78,50.0,50.0,38.06,6.12,False
2026-09-15,HNGE,63.05,👀 综合中性,92.39,90.17,100.0,70.42,50.0,50.0,95.48,15.1,False
2026-09-15,HON,47.02,⚠️ 谨慎评估,203.4,90.08,40.5,28.19,50.0,45.06,33.73,3.23,False
2026-09-15,HONA,40.87,⚠️ 谨慎评估,158.5,95.48,30.33,61.38,50.0,50.0,35.21,13.54,False
2026-09-15,HPE,56.0,👀 综合中性,55.88,96.17,57.17,25.53,50.0,45.06,95.32,5.39,False
2026-09-15,HPQ,38.83,⚠️ 谨慎评估,33.82,75.0,18.73,13.59,50.0,50.0,89.28,6.82,False
2026-09-15,HQY,53.48,👀 综合中性,96.51,93.01,29.16,58.72,50.0,50.0,68.74,3.09,False
2026-09-15,HSTM,57.24,👀 综合中性,29.65,95.79,43.44,38.16,50.0,50.0,98.04,3.31,False
2026-09-15,HTFL,55.17,👀 综合中性,48.33,79.56,100.0,36.81,50.0,50.0,92.0,15.46,False
2026-09-15,HUBB,50.18,👀 综合中性,438.5,66.08,73.02,39.34,50.0,50.0,0.0,2.19,False
2026-09-15,HUBS,59.48,👀 综合中性,242.0,92.62,73.91,66.09,50.0,56.94,59.1,9.04,False
2026-09-15,HWM,62.68,👀 综合中性,224.7,69.98,98.33,69.76,50.0,50.0,34.57,4.82,False
2026-09-15,HXL,67.83,✅ 综合良好,91.36,93.54,79.58,70.86,50.0,50.0,66.75,3.08,False
2026-09-15,IART,43.02,⚠️ 谨慎评估,15.69,93.28,21.11,33.89,50.0,50.0,72.53,8.25,False
2026-09-15,IBM,30.66,🚫 风险较高,248.4,68.69,16.52,37.69,50.0,45.06,67.22,3.87,True
2026-09-15,ICHR,30.47,🚫 风险较高,51.09,70.98,42.62,1.04,50.0,50.0,45.55,14.09,False
2026-09-15,ICLR,44.68,⚠️ 谨慎评估,172.4,79.45,18.08,67.57,50.0,50.0,95.88,10.45,False
2026-09-15,IDXGD,53.55,👀 综合中性,6.5,98.74,19.5,75.02,50.0,50.0,69.12,4.24,False
2026-09-15,IDXX,53.69,👀 综合中性,510.7,79.03,76.83,68.75,50.0,50.0,24.14,9.05,False
2026-09-15,IE,24.54,🚫 风险较高,9.29,66.67,0.0,37.5,50.0,50.0,14.12,10.83,False
2026-09-15,IEX,60.2,👀 综合中性,222.8,62.49,66.1,72.19,50.0,50.0,72.86,1.94,False
2026-09-15,ILMN,54.51,👀 综合中性,222.3,75.81,47.83,68.75,50.0,50.0,93.32,7.25,False
2026-09-15,INFQ,48.78,⚠️ 谨慎评估,12.67,96.23,100.0,9.66,50.0,50.0,63.09,18.22,False
2026-09-15,INIO,38.53,⚠️ 谨慎评估,17.79,61.8,100.0,20.52,50.0,50.0,21.24,19.03,False
2026-09-15,INMD,46.2,⚠️ 谨慎评估,14.87,100.0,9.72,78.33,50.0,50.0,68.21,9.8,False
2026-09-15,INSP,31.38,🚫 风险较高,74.6,43.2,0.0,61.19,50.0,50.0,60.58,7.5,False
2026-09-15,INTC,22.1,🚫 风险较高,97.14,56.87,11.01,23.62,50.0,26.09,98.92,10.71,False
2026-09-15,INTT,39.11,⚠️ 谨慎评估,10.67,91.17,46.92,9.59,50.0,50.0,31.65,10.46,False
2026-09-15,IONQ,29.42,🚫 风险较高,37.05,81.6,100.0,0.0,50.0,50.0,29.13,20.0,False
2026-09-15,IOT,52.86,👀 综合中性,41.65,58.52,74.75,48.41,50.0,50.0,96.68,9.46,False
2026-09-15,IPGP,28.08,🚫 风险较高,75.14,64.78,14.45,5.0,50.0,50.0,37.16,7.95,False
2026-09-15,IQV,58.16,👀 综合中性,269.7,80.0,54.96,68.75,50.0,50.0,98.32,6.72,False
2026-09-15,IR,59.94,👀 综合中性,71.91,88.15,79.41,69.28,50.0,50.0,27.05,5.64,False
2026-09-15,IRMD,32.8,🚫 风险较高,82.41,20.27,11.61,71.58,50.0,50.0,26.0,2.49,False
2026-09-15,IRTC,51.74,👀 综合中性,111.9,49.17,100.0,56.12,50.0,50.0,27.22,9.23,False
2026-09-15,ISRG,43.78,⚠️ 谨慎评估,377.2,61.51,40.67,66.71,50.0,53.44,39.46,7.99,False
2026-09-15,ITGR,39.37,⚠️ 谨慎评估,126.2,80.21,1.3,18.93,50.0,50.0,99.6,4.8,False
2026-09-15,ITT,49.22,⚠️ 谨慎评估,198.0,62.8,58.33,32.62,50.0,50.0,66.93,4.51,False
2026-09-15,ITW,57.34,👀 综合中性,268.6,62.4,64.23,72.92,50.0,50.0,54.28,2.56,False
2026-09-15,JBL,45.63,⚠️ 谨慎评估,296.1,91.57,31.9,19.19,50.0,46.85,63.66,4.59,False
2026-09-15,JBTM,57.08,👀 综合中性,111.4,97.79,75.64,40.37,50.0,50.0,20.07,4.45,False
2026-09-15,KAI,63.63,👀 综合中性,265.6,86.92,98.85,61.05,50.0,50.0,21.03,4.73,False
2026-09-15,KE,49.47,⚠️ 谨慎评估,24.11,100.0,50.93,14.77,50.0,50.0,56.99,6.18,False
2026-09-15,KIDS,67.61,✅ 综合良好,23.24,83.51,100.0,42.59,50.0,50.0,84.64,3.94,False
2026-09-15,KLAC,37.38,⚠️ 谨慎评估,168.0,23.28,30.35,79.42,50.0,48.03,52.79,6.86,False
2026-09-15,KLIC,52.47,👀 综合中性,78.79,71.69,100.0,22.07,50.0,50.0,56.25,10.8,False
2026-09-15,KRMN,39.98,⚠️ 谨慎评估,37.47,65.49,100.0,38.01,50.0,50.0,11.76,20.0,False
2026-09-15,KTOS,38.91,⚠️ 谨慎评估,47.62,38.82,77.0,34.83,50.0,50.0,14.76,9.8,False
2026-09-15,LASR,22.29,🚫 风险较高,37.92,66.59,59.69,14.34,50.0,50.0,21.44,17.82,False
2026-09-15,LH,67.7,✅ 综合良好,324.0,86.89,73.17,64.47,50.0,50.0,85.16,1.16,False
2026-09-15,LHX,56.4,👀 综合中性,249.7,86.74,65.75,62.58,50.0,50.0,18.82,3.65,False
2026-09-15,LITE,46.45,⚠️ 谨慎评估,839.0,45.13,74.11,27.55,43.24,54.94,92.2,8.6,False
2026-09-15,LIVN,69.47,✅ 综合良好,79.47,89.7,86.39,51.65,50.0,50.0,90.27,1.84,False
2026-09-15,LMRI,28.43,🚫 风险较高,11.77,76.38,45.0,3.38,50.0,50.0,63.98,20.0,False
2026-09-15,LMT,65.52,✅ 综合良好,533.5,100.0,86.88,39.2,50.0,50.0,54.46,2.53,False
2026-09-15,LOAR,53.55,👀 综合中性,63.51,43.74,75.17,72.98,50.0,50.0,37.26,3.66,False
2026-09-15,LRCX,42.44,⚠️ 谨慎评估,270.9,57.6,45.42,46.46,50.0,49.13,55.75,7.89,False
2026-09-15,LSCC,55.83,👀 综合中性,106.5,57.76,100.0,61.08,50.0,50.0,55.29,10.41,False
2026-09-15,LTBR,11.31,🚫 风险较高,6.61,0.0,50.0,0.0,50.0,50.0,12.68,17.46,False
2026-09-15,LUNR,43.6,⚠️ 谨慎评估,13.87,82.93,100.0,19.43,50.0,51.94,13.32,17.43,False
2026-09-15,LYNX,63.92,👀 综合中性,13.46,69.23,100.0,55.51,50.0,50.0,61.96,4.45,False
2026-09-15,MBGL,46.63,⚠️ 谨慎评估,20.34,94.99,10.51,40.94,50.0,50.0,68.27,2.96,False
2026-09-15,MBLY,34.48,🚫 风险较高,7.92,98.04,14.13,50.66,41.11,26.59,27.77,9.92,False
2026-09-15,MCHP,42.04,⚠️ 谨慎评估,71.49,74.36,31.97,55.9,50.0,28.87,52.84,7.38,False
2026-09-15,MDB,56.26,👀 综合中性,377.7,66.6,85.97,52.58,46.87,60.75,82.03,10.09,False
2026-09-15,MDT,74.15,✅ 综合良好,93.75,99.55,95.79,66.02,50.0,50.0,82.16,2.83,False
2026-09-15,MEDP,69.28,✅ 综合良好,620.5,80.0,100.0,68.75,50.0,50.0,95.32,6.56,False
2026-09-15,META,58.13,👀 综合中性,670.2,76.42,58.81,83.4,50.0,63.03,49.28,5.6,False
2026-09-15,MFP,44.76,⚠️ 谨慎评估,43.58,82.75,100.0,27.1,50.0,50.0,41.45,20.0,False
2026-09-15,MFPVV,41.72,⚠️ 谨慎评估,35.05,93.88,50.0,2.94,50.0,50.0,50.0,10.0,False
2026-09-15,MIDD,54.08,👀 综合中性,111.1,91.93,51.13,62.21,50.0,50.0,49.62,6.38,False
2026-09-15,MIR,51.97,👀 综合中性,15.67,66.4,73.96,63.66,50.0,50.0,37.6,8.11,False
2026-09-15,MPWR,46.05,⚠️ 谨慎评估,1142.0,57.8,83.94,33.13,50.0,50.0,32.38,9.7,False
2026-09-15,MRAM,38.01,⚠️ 谨慎评估,14.51,75.42,72.15,15.35,50.0,50.0,33.34,15.75,False
2026-09-15,MRCY,45.9,⚠️ 谨慎评估,87.01,58.64,32.38,68.87,50.0,50.0,60.11,5.26,False
2026-09-15,MRVL,42.97,⚠️ 谨慎评估,221.7,56.23,78.25,56.35,77.61,45.48,88.28,10.86,False
2026-09-15,MSFT,57.61,👀 综合中性,497.1,84.78,54.5,49.51,50.0,53.44,95.16,5.26,False
2026-09-15,MTD,56.09,👀 综合中性,1330.0,79.76,62.4,68.75,50.0,50.0,55.96,6.37,False
2026-09-15,MTSI,43.18,⚠️ 谨慎评估,240.0,58.57,78.28,30.01,50.0,50.0,41.9,11.8,False
2026-09-15,MU,49.73,⚠️ 谨慎评估,927.6,71.77,95.56,65.82,47.87,87.14,93.64,9.46,False
2026-09-15,MWA,59.12,👀 综合中性,22.81,97.63,72.89,49.29,50.0,50.0,26.63,3.69,False
2026-09-15,MXL,36.35,⚠️ 谨慎评估,67.12,82.44,92.62,24.48,50.0,50.0,94.36,19.29,False
2026-09-15,NDRA,43.12,⚠️ 谨慎评估,5.6,66.67,50.0,0.0,50.0,50.0,97.64,7.48,False
2026-09-15,NDSN,68.56,✅ 综合良好,309.2,74.72,92.08,72.06,50.0,50.0,66.81,1.89,False
2026-09-15,NEO,54.69,👀 综合中性,18.89,68.82,81.0,63.29,50.0,50.0,84.96,12.31,False
2026-09-15,NEOG,33.63,🚫 风险较高,12.25,64.72,16.11,18.74,50.0,50.0,85.76,9.73,False
2026-09-15,NET,57.49,👀 综合中性,327.2,53.61,93.56,56.31,50.0,61.53,91.84,10.41,False
2026-09-15,NFLX,50.98,👀 综合中性,77.9,92.29,51.16,51.58,50.0,56.94,44.29,8.13,False
2026-09-15,NNE,17.23,🚫 风险较高,15.78,66.67,50.0,2.5,50.0,50.0,17.6,20.0,False
2026-09-15,NOC,50.21,👀 综合中性,531.2,81.93,37.12,57.85,50.0,50.0,46.34,3.77,False
2026-09-15,NOW,61.38,👀 综合中性,141.9,90.29,49.57,71.02,61.8,58.23,98.28,7.73,False
2026-09-15,NPK,63.77,👀 综合中性,155.7,57.17,100.0,33.35,50.0,50.0,93.32,2.0,False
2026-09-15,NPO,49.41,⚠️ 谨慎评估,283.6,44.24,75.62,59.55,50.0,50.0,57.25,8.0,False
2026-09-15,NRC,44.57,⚠️ 谨慎评估,21.96,90.42,10.0,33.84,50.0,50.0,93.8,5.47,False
2026-09-15,NTAP,65.5,✅ 综合良好,189.9,99.87,85.27,44.0,50.0,50.0,94.8,6.87,False
2026-09-15,NTNX,64.46,👀 综合中性,67.99,92.6,69.77,72.55,50.0,54.94,96.04,7.48,False
2026-09-15,NTRA,67.45,✅ 综合良好,350.8,84.71,100.0,58.75,50.0,50.0,98.24,8.13,False
2026-09-15,NTSK,44.21,⚠️ 谨慎评估,17.47,79.58,73.0,47.16,50.0,50.0,79.68,20.0,False
2026-09-15,NVCR,67.26,✅ 综合良好,16.15,88.07,100.0,45.72,50.0,50.0,77.04,4.92,False
2026-09-15,NVDA,74.88,✅ 综合良好,212.2,75.76,95.7,89.86,95.37,54.63,80.93,10.31,False
2026-09-15,NVEC,62.82,👀 综合中性,97.71,83.52,80.68,70.61,50.0,40.3,77.6,6.44,False
2026-09-15,NVMI,25.31,🚫 风险较高,335.1,41.82,26.71,33.94,50.0,50.0,24.12,12.23,False
2026-09-15,NVT,60.92,👀 综合中性,146.8,67.62,100.0,40.94,50.0,50.0,79.46,6.69,False
2026-09-15,NVTS,8.28,🚫 风险较高,10.81,66.67,0.0,0.0,50.0,50.0,27.01,20.0,False
2026-09-15,NXPI,51.2,👀 综合中性,226.3,92.09,44.26,55.34,50.0,45.06,56.66,6.76,False
2026-09-15,OESX,56.09,👀 综合中性,26.91,60.68,100.0,13.2,50.0,50.0,95.6,7.59,False
2026-09-15,OKTA,57.4,👀 综合中性,190.4,75.84,62.73,67.05,50.0,54.94,73.12,6.31,False
2026-09-15,OMCL,49.63,⚠️ 谨慎评估,32.63,100.0,52.6,23.45,50.0,50.0,33.1,5.35,False
2026-09-15,OMDA,44.1,⚠️ 谨慎评估,19.67,59.37,100.0,28.84,50.0,50.0,75.64,19.66,False
2026-09-15,ON,37.18,⚠️ 谨慎评估,73.2,91.14,32.4,31.31,50.0,50.0,55.98,14.44,False
2026-09-15,ONTO,47.82,⚠️ 谨慎评估,244.2,63.69,61.4,54.37,50.0,57.73,51.62,9.36,False
2026-09-15,OPRX,37.78,⚠️ 谨慎评估,7.56,96.37,0.0,52.32,50.0,50.0,52.94,9.64,False
2026-09-15,ORCL,36.25,⚠️ 谨慎评估,140.3,85.56,69.75,22.03,50.0,53.44,40.12,8.88,True
2026-09-15,OSS,46.12,⚠️ 谨慎评估,8.61,53.33,100.0,41.19,50.0,50.0,11.52,11.88,False
2026-09-15,OTIS,56.75,👀 综合中性,68.5,91.7,71.37,33.35,50.0,50.0,36.06,3.04,False
2026-09-15,P,42.94,⚠️ 谨慎评估,96.97,54.96,40.17,48.53,50.0,50.0,91.24,9.5,False
2026-09-15,PANW,61.85,👀 综合中性,375.1,46.41,83.76,73.93,50.0,65.7,97.8,5.81,False
2026-09-15,PATH,64.22,👀 综合中性,14.23,95.69,64.31,71.22,56.2,75.84,75.77,8.08,False
2026-09-15,PAY,57.45,👀 综合中性,36.01,97.21,83.67,21.13,50.0,50.0,81.56,9.24,False
2026-09-15,PEN,52.58,👀 综合中性,318.4,48.59,58.01,60.08,50.0,50.0,49.78,0.63,False
2026-09-15,PH,59.25,👀 综合中性,925.0,66.76,86.51,55.55,50.0,50.0,47.22,3.78,False
2026-09-15,PHR,49.56,⚠️ 谨慎评估,10.35,100.0,56.83,36.08,50.0,50.0,29.03,7.96,False
2026-09-15,PI,23.04,🚫 风险较高,174.4,20.41,21.03,31.82,50.0,50.0,96.6,15.73,False
2026-09-15,PINC,54.74,👀 综合中性,,75.47,50.0,50.0,50.0,50.0,46.45,0.0,False
2026-09-15,PL,51.17,👀 综合中性,16.02,85.83,100.0,68.75,50.0,50.0,8.16,17.12,False
2026-09-15,PLAB,33.87,🚫 风险较高,27.26,88.59,22.74,19.71,50.0,50.0,26.56,10.15,False
2026-09-15,PLPC,58.84,👀 综合中性,403.1,56.12,100.0,16.34,50.0,50.0,92.48,4.08,False
2026-09-15,PLTR,71.62,✅ 综合良好,172.6,52.71,100.0,97.93,85.2,94.48,91.92,14.29,False
2026-09-15,PNR,39.43,⚠️ 谨慎评估,56.58,97.46,4.06,69.74,50.0,50.0,9.68,7.51,False
2026-09-15,PODD,60.88,👀 综合中性,139.2,93.84,100.0,56.76,50.0,50.0,31.48,9.55,False
2026-09-15,POET,48.9,⚠️ 谨慎评估,7.21,35.68,100.0,37.5,50.0,50.0,39.34,7.8,False
2026-09-15,POWI,34.4,🚫 风险较高,48.27,51.08,48.58,34.23,50.0,50.0,24.7,10.57,False
2026-09-15,POWL,41.99,⚠️ 谨慎评估,171.4,44.99,71.24,38.08,50.0,50.0,28.47,8.38,False
2026-09-15,PRCT,55.78,👀 综合中性,19.3,83.33,100.0,29.94,50.0,50.0,25.4,7.92,False
2026-09-15,PRPO,68.86,✅ 综合良好,27.16,82.68,100.0,89.34,50.0,50.0,64.94,7.57,False
2026-09-15,PRVA,55.85,👀 综合中性,20.36,97.34,72.88,20.06,50.0,50.0,33.43,3.19,False
2026-09-15,PSNL,37.13,⚠️ 谨慎评估,16.1,83.33,100.0,19.21,50.0,50.0,79.0,17.94,False
2026-09-15,PSQL,20.92,🚫 风险较高,7.77,50.0,50.0,0.0,50.0,50.0,31.56,19.74,False
2026-09-15,PTC,48.86,⚠️ 谨慎评估,132.8,96.53,24.21,77.79,50.0,47.35,35.49,6.45,False
2026-09-15,PXLW,39.83,⚠️ 谨慎评估,6.9,71.06,0.0,100.0,50.0,50.0,84.36,12.82,False
2026-09-15,Q,35.43,⚠️ 谨慎评估,114.6,80.32,24.32,25.56,50.0,50.0,43.46,9.89,False
2026-09-15,QBTS,18.81,🚫 风险较高,16.41,66.67,6.77,30.23,50.0,50.0,15.96,17.35,False
2026-09-15,QCOM,36.03,⚠️ 谨慎评估,187.8,86.63,14.21,56.27,14.09,53.44,57.99,7.25,False
2026-09-15,QDEL,38.25,⚠️ 谨慎评估,10.63,96.5,32.22,16.91,50.0,50.0,8.56,7.5,False
2026-09-15,QGEN,48.52,⚠️ 谨慎评估,42.48,58.55,39.31,69.73,50.0,50.0,62.3,4.71,False
2026-09-15,QLYS,57.44,👀 综合中性,185.4,91.66,34.84,79.06,50.0,50.0,96.04,6.07,False
2026-09-15,QMCO,22.49,🚫 风险较高,23.26,63.54,47.23,6.11,50.0,50.0,95.52,20.0,False
2026-09-15,QRVO,48.98,⚠️ 谨慎评估,118.1,95.46,42.38,25.64,50.0,50.0,73.28,6.88,False
2026-09-15,QUBT,29.72,🚫 风险较高,7.84,83.33,100.0,0.0,50.0,50.0,29.64,20.0,False
2026-09-15,QUIK,43.86,⚠️ 谨慎评估,10.2,67.09,82.62,16.45,50.0,50.0,22.89,9.97,False
2026-09-15,RBCN,22.03,🚫 风险较高,6.7,61.52,41.67,3.41,50.0,50.0,62.0,15.06,False
2026-09-15,RBRK,64.24,👀 综合中性,103.5,77.93,94.75,65.3,50.0,50.0,97.36,9.56,False
2026-09-15,RCAT,47.13,⚠️ 谨慎评估,7.965,83.33,100.0,0.0,50.0,50.0,20.48,11.58,False
2026-09-15,RDNT,52.2,👀 综合中性,77.12,65.0,58.33,59.44,50.0,50.0,94.36,8.73,False
2026-09-15,RDW,35.89,⚠️ 谨慎评估,10.75,83.33,100.0,34.1,50.0,50.0,60.75,20.0,False
2026-09-15,RELY,61.64,👀 综合中性,21.83,100.0,71.12,29.55,50.0,50.0,74.3,3.0,False
2026-09-15,RFIL,53.11,👀 综合中性,8.21,93.61,100.0,28.28,50.0,50.0,13.0,11.15,False
2026-09-15,RGTI,39.35,⚠️ 谨慎评估,15.09,46.35,100.0,31.25,50.0,50.0,17.92,16.4,False
2026-09-15,RKLB,31.21,🚫 风险较高,63.55,66.67,100.0,37.5,50.0,50.0,26.56,20.0,False
2026-09-15,RMBS,35.35,⚠️ 谨慎评估,83.11,68.61,34.98,65.36,50.0,50.0,24.0,14.32,False
2026-09-15,ROK,42.05,⚠️ 谨慎评估,417.0,72.8,30.31,37.63,50.0,40.75,60.53,5.86,False
2026-09-15,RRX,56.36,👀 综合中性,152.4,97.25,73.24,43.52,50.0,50.0,27.29,5.66,False
2026-09-15,RTX,70.78,✅ 综合良好,195.5,95.88,93.29,66.03,50.0,50.0,47.74,1.4,False
2026-09-15,RVTY,45.08,⚠️ 谨慎评估,140.2,37.29,35.25,68.75,50.0,50.0,86.4,5.14,False
2026-09-15,RXRX,37.71,⚠️ 谨慎评估,3.24,74.18,36.36,16.07,92.5,32.45,42.51,14.62,False
2026-09-15,S,58.48,👀 综合中性,23.48,87.19,52.0,48.4,50.0,50.0,99.56,4.17,False
2026-09-15,SAIL,40.65,⚠️ 谨慎评估,19.98,86.42,42.0,42.42,50.0,50.0,97.44,18.24,False
2026-09-15,SARO,52.73,👀 综合中性,23.27,100.0,69.67,39.15,50.0,50.0,23.43,7.9,False
2026-09-15,SCCO,67.61,✅ 综合良好,189.4,78.68,100.0,75.39,50.0,50.0,61.73,5.61,False
2026-09-15,SCIA,65.45,✅ 综合良好,8.81,97.82,100.0,10.39,50.0,50.0,86.76,4.35,False
2026-09-15,SDGR,44.38,⚠️ 谨慎评估,23.25,81.67,35.83,17.86,91.5,43.56,90.56,15.3,False
2026-09-15,SHC,61.77,👀 综合中性,18.98,89.62,83.08,68.75,50.0,50.0,82.59,10.5,False
2026-09-15,SIBN,64.65,👀 综合中性,18.55,83.33,100.0,40.0,50.0,50.0,73.47,5.36,False
2026-09-15,SITM,30.03,🚫 风险较高,550.4,31.57,100.0,28.9,50.0,50.0,77.0,18.31,False
2026-09-15,SKHY,67.39,✅ 综合良好,174.8,95.57,100.0,99.46,50.0,50.0,87.38,15.38,False
2026-09-15,SKYT,48.45,⚠️ 谨慎评估,32.46,67.24,100.0,0.0,50.0,50.0,50.0,10.0,False
2026-09-15,SLAB,41.57,⚠️ 谨慎评估,220.0,48.88,35.85,25.76,50.0,50.0,92.41,5.27,False
2026-09-15,SLP,39.36,⚠️ 谨慎评估,18.41,71.25,18.75,36.24,50.0,50.0,92.21,9.23,False
2026-09-15,SMCI,56.6,👀 综合中性,35.64,90.0,83.67,27.17,73.49,41.27,85.59,13.78,False
2026-09-15,SMR,9.24,🚫 风险较高,8.43,66.67,0.0,0.0,50.0,50.0,25.8,18.59,False
2026-09-15,SMTC,28.95,🚫 风险较高,150.9,55.33,58.0,27.9,50.0,50.0,98.8,16.03,False
2026-09-15,SNDK,59.98,👀 综合中性,1531.0,91.0,100.0,72.11,50.0,50.0,95.64,18.6,False
2026-09-15,SNOW,53.56,👀 综合中性,323.0,51.71,89.14,52.8,54.6,42.18,94.88,11.61,False
2026-09-15,SNPS,61.58,👀 综合中性,367.7,93.36,82.29,75.99,50.97,47.35,28.04,6.8,False
2026-09-15,SOPH,54.86,👀 综合中性,7.96,81.55,68.0,10.76,50.0,50.0,86.36,3.7,False
2026-09-15,SOUN,39.64,⚠️ 谨慎评估,6.15,82.71,100.0,12.14,98.33,70.22,14.2,18.62,True
2026-09-15,SPCX,49.13,⚠️ 谨慎评估,143.5,46.15,100.0,54.55,50.0,50.0,72.29,15.51,False
2026-09-15,SPOK,44.06,⚠️ 谨慎评估,10.7,100.0,5.0,35.96,50.0,50.0,64.63,4.05,False
2026-09-15,SSYS,18.87,🚫 风险较高,7.52,54.53,7.23,5.82,50.0,50.0,32.02,12.92,False
2026-09-15,STE,55.18,👀 综合中性,210.3,99.47,64.63,29.18,50.0,50.0,28.91,3.14,False
2026-09-15,STI,58.14,👀 综合中性,6.63,83.33,100.0,37.5,50.0,50.0,33.5,7.5,False
2026-09-15,STX,52.07,👀 综合中性,771.8,74.87,89.68,23.57,50.0,50.0,88.8,12.74,False
2026-09-15,SWKS,25.99,🚫 风险较高,90.0,51.63,1.71,12.87,50.0,50.0,73.76,9.07,False
2026-09-15,SXI,55.27,👀 综合中性,254.9,73.72,68.43,66.91,50.0,50.0,29.82,4.6,False
2026-09-15,SYK,63.78,👀 综合中性,281.5,96.16,81.85,67.04,50.0,50.0,20.16,2.99,False
2026-09-15,SYM,41.47,⚠️ 谨慎评估,42.77,40.0,100.0,31.25,50.0,50.0,41.16,15.33,False
2026-09-15,SYNA,33.12,🚫 风险较高,97.32,76.69,21.38,18.92,50.0,50.0,69.95,12.4,False
2026-09-15,TACT,33.41,🚫 风险较高,5.11,61.43,9.38,15.52,50.0,50.0,94.88,8.04,False
2026-09-15,TALK,42.0,⚠️ 谨慎评估,5.25,72.92,34.0,18.04,50.0,50.0,50.0,3.79,False
2026-09-15,TBRG,40.55,⚠️ 谨慎评估,26.24,100.0,10.42,24.6,50.0,50.0,50.0,5.74,False
2026-09-15,TDG,62.77,👀 综合中性,1085.0,86.39,79.92,74.89,50.0,50.0,22.35,2.96,False
2026-09-15,TDOC,29.56,🚫 风险较高,6.58,98.78,0.0,25.72,50.0,50.0,70.93,16.15,False
2026-09-15,TEAM,63.92,👀 综合中性,189.8,90.52,75.89,68.44,50.0,55.44,99.76,8.94,False
2026-09-15,TEM,36.9,⚠️ 谨慎评估,68.85,64.68,68.65,20.27,96.67,53.94,94.08,18.07,True
2026-09-15,TENB,49.99,⚠️ 谨慎评估,38.09,87.56,21.5,59.94,50.0,50.0,98.84,6.77,False
2026-09-15,TER,55.54,👀 综合中性,332.9,72.24,100.0,34.26,50.0,50.0,67.45,10.79,False
2026-09-15,TMDX,37.11,⚠️ 谨慎评估,88.09,68.48,58.33,35.86,50.0,50.0,37.29,15.28,False
2026-09-15,TMO,64.47,👀 综合中性,641.4,77.34,70.62,68.75,50.0,50.0,96.36,3.6,False
2026-09-15,TNC,42.8,⚠️ 谨慎评估,68.62,81.74,22.99,38.41,50.0,50.0,48.06,4.86,False
2026-09-15,TNDM,32.23,🚫 风险较高,16.28,66.67,48.89,17.95,50.0,50.0,12.32,12.25,False
2026-09-15,TOST,49.72,⚠️ 谨慎评估,31.84,98.1,75.35,18.61,50.0,50.0,57.18,12.25,False
2026-09-15,TRT,47.45,⚠️ 谨慎评估,10.25,66.3,100.0,1.17,50.0,50.0,93.56,15.34,False
2026-09-15,TSLA,23.0,🚫 风险较高,356.6,22.92,31.08,29.09,50.0,30.45,51.36,11.9,False
2026-09-15,TSM,63.26,👀 综合中性,413.8,73.15,69.7,79.67,50.0,58.27,84.46,5.02,False
2026-09-15,TTD,37.98,⚠️ 谨慎评估,15.0,95.67,4.38,61.37,50.0,50.0,25.6,9.01,False
2026-09-15,TWLO,57.83,👀 综合中性,242.2,86.52,73.75,26.12,50.0,50.0,98.32,6.66,False
2026-09-15,TWST,39.84,⚠️ 谨慎评估,138.1,72.02,58.0,2.37,50.0,50.0,83.48,12.77,False
2026-09-15,TXG,33.31,🚫 风险较高,74.39,57.86,0.0,68.75,50.0,50.0,85.12,12.09,False
2026-09-15,TXN,47.38,⚠️ 谨慎评估,263.4,60.61,38.71,51.05,50.0,46.85,85.77,5.34,False
2026-09-15,TXT,51.9,👀 综合中性,80.72,91.99,40.17,40.13,50.0,50.0,48.77,2.44,False
2026-09-15,TYL,50.46,👀 综合中性,353.1,91.88,38.27,46.83,50.0,46.85,68.39,6.03,False
2026-09-15,U,43.65,⚠️ 谨慎评估,43.01,65.73,51.53,55.01,50.0,45.06,87.32,13.87,False
2026-09-15,UCTT,33.72,🚫 风险较高,65.66,83.38,45.08,0.0,50.0,50.0,53.51,14.58,False
2026-09-15,UFPT,61.11,👀 综合中性,275.5,86.88,99.09,15.29,50.0,50.0,67.76,5.11,False
2026-09-15,ULBI,45.91,⚠️ 谨慎评估,5.44,91.48,54.36,8.21,50.0,50.0,17.42,3.95,False
2026-09-15,UMAC,35.25,⚠️ 谨慎评估,23.03,83.33,100.0,0.0,50.0,50.0,92.24,18.89,False
2026-09-15,VCYT,56.91,👀 综合中性,40.14,73.33,100.0,68.75,50.0,50.0,45.94,12.66,False
2026-09-15,VECO,30.82,🚫 风险较高,40.88,73.83,23.25,10.96,50.0,50.0,38.58,10.26,False
2026-09-15,VEEV,59.77,👀 综合中性,266.6,92.51,56.66,64.26,50.0,50.0,98.2,7.36,False
2026-09-15,VELO,26.28,🚫 风险较高,9.82,83.33,88.15,0.0,50.0,50.0,13.4,20.0,False
2026-09-15,VOYG,47.09,⚠️ 谨慎评估,34.51,83.33,100.0,2.41,50.0,50.0,85.86,18.52,False
2026-09-15,VREX,43.05,⚠️ 谨慎评估,18.47,68.25,37.22,7.2,50.0,50.0,89.76,4.96,False
2026-09-15,VRNS,46.37,⚠️ 谨慎评估,47.47,55.96,45.75,54.01,50.0,50.0,82.88,7.65,False
2026-09-15,VRSN,52.8,👀 综合中性,297.3,64.2,23.18,81.6,50.0,50.0,93.26,2.4,False
2026-09-15,VRT,47.27,⚠️ 谨慎评估,234.6,75.48,58.88,37.77,58.53,65.32,46.79,11.13,False
2026-09-15,VSEC,54.52,👀 综合中性,178.1,76.11,100.0,16.19,50.0,50.0,31.37,6.27,False
2026-09-15,VSH,41.39,⚠️ 谨慎评估,31.43,85.2,61.05,0.0,50.0,50.0,81.26,14.04,False
2026-09-15,VVX,65.03,✅ 综合良好,75.17,100.0,83.92,21.25,50.0,50.0,76.31,1.77,False
2026-09-15,WAT,63.71,👀 综合中性,417.1,70.0,100.0,42.16,50.0,50.0,94.84,6.1,False
2026-09-15,WAY,55.75,👀 综合中性,26.67,98.72,45.51,53.65,50.0,50.0,85.35,6.95,False
2026-09-15,WDAY,61.69,👀 综合中性,190.7,98.42,61.34,67.17,50.0,48.85,92.92,7.58,False
2026-09-15,WDC,48.81,⚠️ 谨慎评估,412.0,81.09,85.46,29.36,50.0,50.0,72.08,15.38,False
2026-09-15,WEAV,48.14,⚠️ 谨慎评估,7.33,97.25,38.75,38.0,50.0,50.0,99.0,11.6,False
2026-09-15,WEX,66.42,✅ 综合良好,200.1,99.97,60.86,68.2,50.0,50.0,94.16,3.43,False
2026-09-15,WGS,47.84,⚠️ 谨慎评估,94.64,66.67,82.0,37.5,50.0,50.0,97.62,16.38,False
2026-09-15,WIX,49.82,⚠️ 谨慎评估,82.58,100.0,37.25,40.72,50.0,50.0,84.99,9.1,False
2026-09-15,WOLF,25.49,🚫 风险较高,24.02,100.0,0.0,45.45,50.0,50.0,36.73,20.0,False
2026-09-15,WTS,65.11,✅ 综合良好,350.5,71.08,91.98,58.96,50.0,50.0,73.3,3.27,False
2026-09-15,WWD,65.01,✅ 综合良好,319.5,79.62,100.0,57.34,50.0,50.0,34.98,3.01,False
2026-09-15,XE,41.8,⚠️ 谨慎评估,15.03,100.0,100.0,0.0,50.0,50.0,18.04,20.0,False
2026-09-15,XGN,55.52,👀 综合中性,7.49,83.33,100.0,44.25,50.0,50.0,93.0,17.08,False
2026-09-15,XPON,24.17,🚫 风险较高,4.96,66.67,0.0,0.0,50.0,50.0,33.32,7.5,False
2026-09-15,XYL,52.55,👀 综合中性,107.5,75.4,58.24,59.3,50.0,50.0,35.0,4.48,False
2026-09-15,XYZ,22.1,🚫 风险较高,78.31,88.61,13.56,13.62,50.0,50.0,82.32,16.92,False
2026-09-15,YSS,42.35,⚠️ 谨慎评估,7.77,100.0,77.0,43.45,50.0,50.0,15.84,20.0,False
2026-09-15,ZBH,68.08,✅ 综合良好,98.41,100.0,66.94,68.68,50.0,50.0,80.07,1.96,False
2026-09-15,ZETA,63.14,👀 综合中性,31.04,93.05,100.0,25.15,50.0,50.0,99.92,9.23,False
2026-09-15,ZM,56.92,👀 综合中性,93.07,95.13,42.14,70.3,50.0,46.56,63.39,4.18,False
2026-09-15,ZS,63.63,👀 综合中性,193.9,75.16,85.82,68.89,50.0,59.25,98.52,8.97,False
2026-09-16,A,59.31,👀 综合中性,153.7,76.03,62.69,68.75,50.0,50.0,93.16,6.2,False
2026-09-16,AADX,53.86,👀 综合中性,12.69,97.68,100.0,56.75,50.0,50.0,24.52,16.64,False
2026-09-16,AAPL,44.8,⚠️ 谨慎评估,332.4,54.09,33.05,41.12,50.0,46.85,88.0,3.93,False
2026-09-16,ABT,54.32,👀 综合中性,102.4,92.17,51.85,52.9,50.0,50.0,42.8,4.29,False
2026-09-16,ACHR,18.41,🚫 风险较高,5.22,66.67,50.0,12.03,50.0,50.0,19.14,20.0,False
2026-09-16,ACIW,56.22,👀 综合中性,51.58,97.37,52.31,29.97,50.0,50.0,82.11,4.04,False
2026-09-16,ACLS,23.5,🚫 风险较高,103.8,69.33,14.0,8.82,50.0,50.0,29.53,13.14,False
2026-09-16,ACMR,42.17,⚠️ 谨慎评估,64.82,81.08,78.46,4.79,50.0,50.0,50.41,14.42,False
2026-09-16,ACN,48.72,⚠️ 谨慎评估,189.6,97.53,28.82,49.21,50.0,45.06,63.87,6.27,False
2026-09-16,ADBE,52.75,👀 综合中性,250.5,97.87,39.39,80.62,46.97,45.06,50.4,7.7,False
2026-09-16,ADI,55.78,👀 综合中性,362.0,58.82,59.99,77.66,50.0,47.35,70.81,4.45,False
2026-09-16,ADIG,34.18,🚫 风险较高,20.99,86.14,8.77,8.92,50.0,50.0,56.46,7.22,False
2026-09-16,ADPT,62.8,👀 综合中性,27.67,86.2,100.0,64.33,50.0,50.0,98.36,13.93,False
2026-09-16,ADSE,40.45,⚠️ 谨慎评估,11.2,82.48,0.0,31.25,50.0,50.0,58.62,1.6,False
2026-09-16,ADSK,57.26,👀 综合中性,220.3,96.98,61.53,75.04,50.0,47.35,38.1,7.32,False
2026-09-16,ADVB,29.15,🚫 风险较高,7.72,66.67,50.0,0.0,50.0,50.0,83.16,20.0,False
2026-09-16,AEHR,23.8,🚫 风险较高,84.25,54.3,59.54,0.0,50.0,50.0,91.24,18.14,False
2026-09-16,AEIS,54.02,👀 综合中性,252.2,68.96,100.0,31.78,50.0,50.0,30.01,7.54,False
2026-09-16,AFRM,39.61,⚠️ 谨慎评估,71.58,93.6,90.92,18.44,50.0,59.75,74.59,14.84,True
2026-09-16,AHCO,46.49,⚠️ 谨慎评估,5.91,83.33,87.22,8.78,50.0,50.0,35.68,11.87,False
2026-09-16,AI,43.54,⚠️ 谨慎评估,10.56,86.96,28.05,26.92,97.33,53.44,73.06,17.02,False
2026-09-16,AIP,47.71,⚠️ 谨慎评估,20.87,71.92,78.77,68.75,50.0,50.0,37.04,15.38,False
2026-09-16,AIR,62.04,👀 综合中性,117.2,88.29,97.75,29.4,50.0,50.0,49.96,4.46,False
2026-09-16,AKAM,41.49,⚠️ 谨慎评估,104.5,90.41,7.87,31.19,50.0,50.0,55.31,3.77,False
2026-09-16,ALAB,34.71,🚫 风险较高,269.2,51.36,100.0,45.47,50.0,50.0,91.88,20.0,False
2026-09-16,ALGM,30.29,🚫 风险较高,33.02,59.77,50.0,20.61,50.0,50.0,22.91,14.55,False
2026-09-16,ALMR,64.82,👀 综合中性,29.38,100.0,100.0,32.4,50.0,50.0,73.51,7.39,False
2026-09-16,ALMU,25.64,🚫 风险较高,13.43,66.67,3.69,4.42,50.0,50.0,32.24,7.5,False
2026-09-16,ALOT,34.91,🚫 风险较高,28.99,66.64,14.46,10.26,50.0,50.0,62.0,4.77,False
2026-09-16,AMAT,43.39,⚠️ 谨慎评估,415.4,66.24,43.69,44.11,50.0,47.35,50.29,7.16,False
2026-09-16,AMBA,26.93,🚫 风险较高,62.77,57.25,28.0,31.34,50.0,50.0,41.04,15.32,False
2026-09-16,AMBQ,55.44,👀 综合中性,59.9,82.84,100.0,4.53,50.0,50.0,94.64,11.27,False
2026-09-16,AMD,49.94,⚠️ 谨慎评估,512.5,50.05,75.78,58.03,35.89,53.94,97.68,10.06,False
2026-09-16,AME,61.82,👀 综合中性,232.2,61.69,88.75,54.84,50.0,50.0,60.02,1.93,False
2026-09-16,AMKR,27.19,🚫 风险较高,46.28,87.96,69.13,0.0,50.0,50.0,35.58,17.18,False
2026-09-16,AMPX,27.43,🚫 风险较高,9.1,66.67,100.0,0.0,50.0,50.0,20.8,18.84,False
2026-09-16,AMSC,25.27,🚫 风险较高,27.81,62.24,92.29,2.5,50.0,50.0,27.96,20.0,False
2026-09-16,AMWL,32.03,🚫 风险较高,13.33,87.18,0.0,8.17,50.0,50.0,99.2,11.55,False
2026-09-16,AMZN,53.33,👀 综合中性,246.0,79.31,65.8,28.91,50.0,61.44,61.19,5.58,False
2026-09-16,ANET,50.8,👀 综合中性,197.5,41.28,53.93,72.88,56.0,55.44,92.52,7.87,False
2026-09-16,AORT,42.01,⚠️ 谨慎评估,25.02,50.34,79.44,40.21,50.0,50.0,15.08,10.46,False
2026-09-16,AOS,43.02,⚠️ 谨慎评估,56.89,90.91,14.75,59.74,50.0,50.0,28.3,5.64,False
2026-09-16,AOSL,15.65,🚫 风险较高,24.7,35.7,20.14,20.1,50.0,43.56,33.56,12.03,True
2026-09-16,APP,51.93,👀 综合中性,326.6,96.66,97.92,72.94,87.33,78.72,38.2,14.67,True
2026-09-16,ARM,30.82,🚫 风险较高,244.0,23.36,64.64,74.91,39.07,62.03,92.72,14.26,True
2026-09-16,ARXS,70.7,✅ 综合良好,49.51,93.56,100.0,54.55,50.0,50.0,70.62,3.26,False
2026-09-16,ASML,38.0,⚠️ 谨慎评估,1602.0,38.29,31.3,76.76,50.0,40.75,67.69,9.84,False
2026-09-16,ASYS,41.46,⚠️ 谨慎评估,13.85,92.59,59.17,20.36,50.0,50.0,40.07,13.91,False
2026-09-16,ATEC,60.66,👀 综合中性,10.5,79.97,100.0,49.89,50.0,50.0,50.38,7.86,False
2026-09-16,ATKR,47.65,⚠️ 谨慎评估,94.52,94.59,44.95,26.23,50.0,50.0,72.32,8.67,False
2026-09-16,ATRO,64.4,👀 综合中性,66.28,86.68,100.0,48.76,50.0,50.0,55.61,5.81,False
2026-09-16,AVAV,38.98,⚠️ 谨慎评估,156.4,64.37,53.5,39.35,50.0,50.0,37.88,11.96,False
2026-09-16,AVGO,46.57,⚠️ 谨慎评估,339.5,73.89,87.07,63.11,62.55,59.88,46.79,7.09,True
2026-09-16,AVNS,38.22,⚠️ 谨慎评估,24.99,77.26,38.24,15.08,50.0,50.0,50.0,9.05,False
2026-09-16,AVR,50.44,👀 综合中性,8.37,54.64,100.0,37.5,50.0,50.0,85.92,14.71,False
2026-09-16,AXGN,61.71,👀 综合中性,45.44,50.74,100.0,51.97,50.0,50.0,78.24,4.06,False
2026-09-16,AXON,42.24,⚠️ 谨慎评估,468.4,55.72,58.33,60.68,50.0,50.0,36.43,11.23,False
2026-09-16,AXTI,40.7,⚠️ 谨慎评估,64.3,36.36,100.0,0.0,50.0,50.0,91.53,15.73,False
2026-09-16,AYI,54.93,👀 综合中性,297.0,88.31,64.31,63.84,50.0,50.0,34.66,6.85,False
2026-09-16,BA,50.91,👀 综合中性,202.0,88.53,65.0,20.78,50.0,50.0,41.2,5.28,False
2026-09-16,BBAI,22.69,🚫 风险较高,2.73,77.92,41.78,0.0,86.67,43.06,19.2,19.34,True
2026-09-16,BBNX,49.83,⚠️ 谨慎评估,22.18,83.33,100.0,21.71,50.0,50.0,99.04,20.0,False
2026-09-16,BDSX,65.3,✅ 综合良好,28.56,83.33,100.0,37.5,50.0,50.0,89.0,5.89,False
2026-09-16,BE,35.19,⚠️ 谨慎评估,270.0,55.0,100.0,39.81,50.0,50.0,88.48,18.9,False
2026-09-16,BETA,48.52,⚠️ 谨慎评估,20.26,83.33,100.0,37.5,50.0,50.0,62.33,20.0,False
2026-09-16,BFLY,56.74,👀 综合中性,7.26,83.33,100.0,41.92,50.0,50.0,78.68,14.08,False
2026-09-16,BIAF,58.21,👀 综合中性,5.35,83.33,100.0,37.5,50.0,50.0,34.2,7.5,False
2026-09-16,BIO,51.34,👀 综合中性,379.0,78.96,46.77,33.08,50.0,50.0,87.0,4.81,False
2026-09-16,BIOQ,48.18,⚠️ 谨慎评估,33.0,100.0,0.0,96.59,50.0,50.0,0.0,1.31,False
2026-09-16,BKFG,29.95,🚫 风险较高,94.0,67.23,0.0,10.03,50.0,50.0,0.0,0.0,False
2026-09-16,BLLN,48.94,⚠️ 谨慎评估,103.6,44.07,100.0,56.8,50.0,50.0,79.21,16.32,False
2026-09-16,BLSH,48.4,⚠️ 谨慎评估,32.08,78.34,100.0,46.18,50.0,50.0,58.02,20.0,False
2026-09-16,BOX,63.83,👀 综合中性,34.66,95.09,55.08,68.6,50.0,50.0,96.88,3.94,False
2026-09-16,BRAI,24.21,🚫 风险较高,5.43,66.67,50.0,0.0,50.0,50.0,33.8,20.0,False
2026-09-16,BRKR,48.3,⚠️ 谨慎评估,60.67,87.06,45.56,17.96,50.0,50.0,96.84,7.88,False
2026-09-16,BSX,56.31,👀 综合中性,43.91,99.69,66.71,66.6,50.0,50.0,21.12,7.41,False
2026-09-16,BTSG,55.96,👀 综合中性,58.96,98.52,75.21,19.42,50.0,50.0,89.88,9.45,False
2026-09-16,BVS,66.32,✅ 综合良好,13.2,98.64,63.7,65.98,50.0,50.0,84.0,2.63,False
2026-09-16,BW,52.01,👀 综合中性,6.79,73.19,100.0,31.87,50.0,50.0,29.76,10.38,False
2026-09-16,BWXT,55.49,👀 综合中性,145.7,67.42,82.58,51.99,50.0,50.0,28.68,4.31,False
2026-09-16,CAMT,20.9,🚫 风险较高,138.6,27.22,10.2,19.94,50.0,50.0,50.19,10.1,False
2026-09-16,CARL,54.01,👀 综合中性,15.31,83.33,100.0,26.6,50.0,50.0,85.6,15.21,False
2026-09-16,CBLL,63.86,👀 综合中性,24.5,83.33,100.0,37.5,50.0,50.0,97.8,8.21,False
2026-09-16,CBRS,45.41,⚠️ 谨慎评估,190.5,73.16,100.0,0.0,50.0,50.0,51.04,14.33,False
2026-09-16,CDNA,60.26,👀 综合中性,53.55,70.68,100.0,68.75,50.0,50.0,98.4,14.03,False
2026-09-16,CDNS,54.01,👀 综合中性,279.9,76.68,61.29,85.08,53.8,45.93,23.23,7.09,False
2026-09-16,CDRE,53.31,👀 综合中性,26.42,100.0,59.75,72.16,50.0,50.0,11.32,8.58,False
2026-09-16,CERT,29.48,🚫 风险较高,8.13,63.11,2.5,28.1,50.0,50.0,89.93,11.97,False
2026-09-16,CEVA,33.1,🚫 风险较高,27.81,64.32,27.85,42.55,50.0,50.0,61.86,14.29,False
2026-09-16,CHKP,39.47,⚠️ 谨慎评估,137.7,45.0,13.15,77.1,50.0,50.0,59.65,5.35,False
2026-09-16,CLS,50.55,👀 综合中性,323.8,82.9,75.85,21.96,35.28,55.44,67.61,7.65,False
2026-09-16,CMI,44.7,⚠️ 谨慎评估,527.5,63.03,69.93,17.3,50.0,50.0,27.35,5.72,False
2026-09-16,CMPD,31.16,🚫 风险较高,6.75,52.94,3.5,0.0,50.0,50.0,92.2,4.52,False
2026-09-16,CNMD,48.01,⚠️ 谨慎评估,47.04,73.96,38.3,41.59,50.0,50.0,73.2,4.92,False
2026-09-16,COHR,47.91,⚠️ 谨慎评估,289.9,67.79,76.06,23.7,50.24,56.94,72.83,11.24,False
2026-09-16,COHU,44.98,⚠️ 谨慎评估,51.06,62.3,66.77,18.16,50.0,50.0,94.0,11.3,False
2026-09-16,CORZ,35.33,⚠️ 谨慎评估,16.88,79.78,100.0,31.25,50.0,50.0,42.07,17.75,False
2026-09-16,CPAY,62.79,👀 综合中性,402.3,98.52,38.12,75.93,50.0,50.0,92.36,2.07,False
2026-09-16,CR,60.84,👀 综合中性,197.2,62.65,85.0,71.16,50.0,50.0,54.84,4.1,False
2026-09-16,CRCT,46.86,⚠️ 谨慎评估,5.59,78.15,31.04,31.92,50.0,50.0,88.16,5.13,False
2026-09-16,CRDO,33.96,🚫 风险较高,161.5,68.04,98.99,50.09,50.0,50.0,34.56,19.04,False
2026-09-16,CRL,42.18,⚠️ 谨慎评估,273.4,71.43,11.5,68.75,50.0,50.0,77.4,8.03,False
2026-09-16,CRM,60.13,👀 综合中性,250.5,95.97,55.31,70.98,50.0,48.85,82.72,6.7,False
2026-09-16,CRSR,31.07,🚫 风险较高,13.16,88.8,4.92,5.55,50.0,50.0,99.48,13.7,False
2026-09-16,CRUS,49.55,⚠️ 谨慎评估,118.0,96.76,33.6,55.94,50.0,51.15,46.21,6.33,False
2026-09-16,CRWD,52.68,👀 综合中性,241.4,30.19,81.63,67.31,50.0,63.66,87.68,9.0,False
2026-09-16,CRWV,45.73,⚠️ 谨慎评估,83.35,82.8,100.0,20.99,50.0,50.0,50.22,19.0,False
2026-09-16,CSCO,51.79,👀 综合中性,107.7,69.28,36.63,59.84,50.0,47.35,79.12,2.85,False
2026-09-16,CSTL,64.56,👀 综合中性,35.48,83.33,100.0,44.64,50.0,50.0,98.2,8.62,False
2026-09-16,CSW,64.81,👀 综合中性,287.8,73.77,100.0,51.73,50.0,50.0,45.52,2.26,False
2026-09-16,CTEV,44.37,⚠️ 谨慎评估,33.56,92.24,16.5,46.47,50.0,50.0,79.64,8.14,False
2026-09-16,CUAI,30.56,🚫 风险较高,11.11,53.5,100.0,25.68,50.0,50.0,62.0,20.0,False
2026-09-16,CW,57.46,👀 综合中性,570.0,81.49,65.83,72.32,50.0,50.0,22.57,3.4,False
2026-09-16,CXT,68.51,✅ 综合良好,47.33,100.0,100.0,68.89,50.0,50.0,57.22,7.55,False
2026-09-16,DBX,43.95,⚠️ 谨慎评估,37.74,45.0,8.24,73.04,50.0,50.0,99.92,3.06,False
2026-09-16,DCI,56.63,👀 综合中性,86.33,82.01,74.82,41.11,50.0,50.0,36.59,3.3,False
2026-09-16,DCO,68.88,✅ 综合良好,171.5,85.3,90.67,62.43,50.0,50.0,81.32,3.34,False
2026-09-16,DCTH,66.05,✅ 综合良好,16.22,84.38,71.35,71.11,50.0,50.0,92.32,3.56,False
2026-09-16,DDOG,61.9,👀 综合中性,230.8,54.35,90.15,68.4,61.43,63.53,94.72,9.88,False
2026-09-16,DELL,43.29,⚠️ 谨慎评估,563.3,91.94,72.43,14.14,50.0,54.94,90.88,5.48,True
2026-09-16,DGX,70.82,✅ 综合良好,247.1,86.22,75.58,69.33,50.0,50.0,95.08,0.23,False
2026-09-16,DHR,62.56,👀 综合中性,208.4,80.0,72.29,68.75,50.0,50.0,66.76,3.5,False
2026-09-16,DIOD,34.41,🚫 风险较高,89.43,68.73,31.25,11.27,50.0,50.0,84.23,12.26,False
2026-09-16,DLO,72.44,✅ 综合良好,14.3,98.54,89.88,69.82,50.0,66.39,67.35,3.59,False
2026-09-16,DOCN,40.44,⚠️ 谨慎评估,123.8,69.72,41.71,12.67,50.0,50.0,96.44,10.48,False
2026-09-16,DOCS,44.01,⚠️ 谨慎评估,25.94,96.44,10.65,80.19,50.0,50.0,58.19,10.79,False
2026-09-16,DOCU,57.58,👀 综合中性,70.4,95.95,43.17,67.12,50.0,46.85,81.28,5.28,False
2026-09-16,DOV,57.7,👀 综合中性,188.4,86.77,71.15,55.78,50.0,50.0,30.98,3.91,False
2026-09-16,DOX,41.79,⚠️ 谨慎评估,61.4,96.14,3.94,36.29,50.0,50.0,57.4,4.61,False
2026-09-16,DPC,61.22,👀 综合中性,39.52,90.73,100.0,53.53,50.0,50.0,32.63,8.22,False
2026-09-16,DRIO,22.08,🚫 风险较高,6.78,66.67,0.0,2.36,50.0,50.0,32.6,9.87,False
2026-09-16,DRS,67.25,✅ 综合良好,37.09,93.6,85.71,73.58,50.0,50.0,37.87,2.72,False
2026-09-16,DT,60.18,👀 综合中性,55.19,92.4,45.03,73.63,52.47,55.44,98.32,6.47,False
2026-09-16,DUOL,59.04,👀 综合中性,148.2,94.59,48.01,80.7,50.0,47.73,94.02,8.16,False
2026-09-16,DXCM,66.69,✅ 综合良好,87.34,86.85,93.84,59.74,50.0,50.0,91.88,7.29,False
2026-09-16,EAF,20.26,🚫 风险较高,8.11,66.67,9.41,0.0,50.0,50.0,48.29,15.26,False
2026-09-16,EMR,63.38,👀 综合中性,145.8,86.65,80.76,71.01,50.0,50.0,54.07,5.2,False
2026-09-16,ENOV,38.93,⚠️ 谨慎评估,18.66,87.81,34.44,42.69,50.0,50.0,13.68,10.01,False
2026-09-16,ENR,46.08,⚠️ 谨慎评估,20.75,84.35,21.27,46.09,50.0,50.0,70.17,5.04,False
2026-09-16,ENS,56.52,👀 综合中性,171.9,98.69,75.29,40.18,50.0,50.0,30.51,6.12,False
2026-09-16,ENTG,42.86,⚠️ 谨慎评估,130.2,74.87,47.83,23.86,50.0,50.0,62.66,8.92,False
2026-09-16,EPAC,67.31,✅ 综合良好,35.84,95.12,78.04,75.19,50.0,50.0,50.22,2.52,False
2026-09-16,ESP,68.52,✅ 综合良好,63.18,85.32,96.23,39.16,50.0,50.0,85.43,2.02,False
2026-09-16,ESTA,60.09,👀 综合中性,71.16,66.67,100.0,37.5,50.0,50.0,61.57,5.03,False
2026-09-16,ESTC,59.61,👀 综合中性,85.03,66.3,71.0,72.42,50.87,62.03,96.2,8.26,False
2026-09-16,ETN,48.86,⚠️ 谨慎评估,397.8,48.52,58.33,43.74,50.0,50.0,69.73,3.96,False
2026-09-16,EW,62.37,👀 综合中性,89.28,82.06,53.8,72.64,50.0,50.0,74.76,0.86,False
2026-09-16,EXLS,52.59,👀 综合中性,35.85,92.11,42.03,46.18,50.0,47.35,73.3,5.33,False
2026-09-16,FAC,30.96,🚫 风险较高,5.0,100.0,50.0,0.0,50.0,50.0,34.56,20.0,False
2026-09-16,FCEL,15.12,🚫 风险较高,15.5,81.82,0.0,0.0,50.0,50.0,77.26,18.93,False
2026-09-16,FCX,50.24,👀 综合中性,69.24,84.82,36.11,59.13,50.0,50.0,69.46,6.57,False
2026-09-16,FELE,54.58,👀 综合中性,96.1,81.62,65.25,37.46,50.0,50.0,41.86,2.86,False
2026-09-16,FFIV,55.31,👀 综合中性,423.6,89.91,32.25,65.79,50.0,50.0,98.0,5.4,False
2026-09-16,FLGT,48.12,⚠️ 谨慎评估,21.63,83.33,47.0,37.5,50.0,50.0,68.19,7.74,False
2026-09-16,FLS,49.56,⚠️ 谨慎评估,72.31,89.06,52.5,40.46,50.0,50.0,39.21,6.37,False
2026-09-16,FLY,44.16,⚠️ 谨慎评估,20.28,83.33,100.0,34.61,50.0,50.0,23.04,20.0,False
2026-09-16,FN,46.0,⚠️ 谨慎评估,392.7,79.69,61.31,28.99,50.86,53.44,21.12,7.24,False
2026-09-16,FORM,48.23,⚠️ 谨慎评估,104.8,67.32,74.78,20.99,50.0,50.0,68.38,8.92,False
2026-09-16,FOUR,42.83,⚠️ 谨慎评估,42.09,100.0,49.73,25.04,50.0,50.0,32.34,11.59,False
2026-09-16,FPS,43.0,⚠️ 谨慎评估,34.84,68.3,100.0,16.72,50.0,50.0,50.88,18.26,False
2026-09-16,FRNM,66.64,✅ 综合良好,14.73,100.0,100.0,0.0,50.0,50.0,95.92,2.95,False
2026-09-16,FTAI,42.83,⚠️ 谨慎评估,189.8,74.51,58.33,38.24,50.0,50.0,31.27,10.52,False
2026-09-16,FTNT,64.23,👀 综合中性,171.8,77.0,71.25,73.38,50.0,43.56,98.2,4.17,False
2026-09-16,GD,61.79,👀 综合中性,360.0,97.6,61.88,49.37,50.0,50.0,50.76,0.68,False
2026-09-16,GDDY,50.72,👀 综合中性,99.09,97.3,35.56,43.78,50.0,50.0,77.26,6.92,False
2026-09-16,GE,40.0,⚠️ 谨慎评估,312.9,57.05,38.93,29.21,50.0,54.94,41.43,5.16,False
2026-09-16,GEHC,52.76,👀 综合中性,63.49,100.0,63.41,23.5,50.0,50.0,19.16,3.53,False
2026-09-16,GEN,59.45,👀 综合中性,30.65,94.07,50.85,69.94,50.0,50.0,96.64,7.23,False
2026-09-16,GEV,47.28,⚠️ 谨慎评估,925.1,48.79,65.36,46.04,50.0,57.48,71.82,8.65,False
2026-09-16,GFS,25.26,🚫 风险较高,43.03,85.89,9.69,11.39,50.0,50.0,24.75,13.52,False
2026-09-16,GGG,55.06,👀 综合中性,76.28,65.87,59.21,73.11,50.0,50.0,38.03,2.69,False
2026-09-16,GH,65.48,✅ 综合良好,174.9,84.09,100.0,54.93,50.0,50.0,95.68,9.15,False
2026-09-16,GHM,37.13,⚠️ 谨慎评估,85.28,36.93,58.33,0.7,50.0,50.0,53.11,5.25,False
2026-09-16,GKOS,65.21,✅ 综合良好,163.5,66.67,100.0,44.56,50.0,50.0,79.52,2.76,False
2026-09-16,GMED,52.72,👀 综合中性,75.26,100.0,28.84,73.56,50.0,50.0,27.3,3.25,False
2026-09-16,GNRC,50.99,👀 综合中性,175.1,83.67,95.2,41.58,50.0,50.0,20.15,12.8,False
2026-09-16,GOOGL,58.98,👀 综合中性,342.9,64.63,51.47,88.27,50.0,70.89,71.75,4.32,False
2026-09-16,GRAL,36.24,⚠️ 谨慎评估,75.11,83.33,100.0,37.5,50.0,50.0,60.35,20.0,False
2026-09-16,GRC,54.43,👀 综合中性,72.17,80.25,69.6,35.9,50.0,50.0,59.77,5.38,False
2026-09-16,GRMN,50.24,👀 综合中性,276.9,70.99,32.53,55.34,50.0,51.15,82.6,3.77,False
2026-09-16,GSIT,10.55,🚫 风险较高,4.805,33.33,8.46,16.66,50.0,50.0,12.88,17.02,False
2026-09-16,GTES,64.85,👀 综合中性,25.45,98.87,81.47,60.46,50.0,50.0,62.91,5.65,False
2026-09-16,GTLB,62.68,👀 综合中性,48.77,76.68,81.78,72.28,50.0,70.01,85.44,9.49,False
2026-09-16,GTLS,29.48,🚫 风险较高,209.9,71.18,0.0,25.36,50.0,50.0,50.0,8.56,False
2026-09-16,HAE,54.48,👀 综合中性,106.2,71.33,44.67,61.41,50.0,50.0,93.48,4.51,False
2026-09-16,HAWK,40.9,⚠️ 谨慎评估,16.17,46.15,100.0,54.55,50.0,50.0,8.24,17.34,False
2026-09-16,HAYW,54.28,👀 综合中性,12.93,77.81,59.61,74.59,50.0,50.0,23.1,4.68,False
2026-09-16,HII,54.13,👀 综合中性,278.1,90.0,88.04,15.05,50.0,50.0,14.46,4.58,False
2026-09-16,HLIO,60.34,👀 综合中性,67.06,91.64,90.05,44.76,50.0,50.0,39.1,6.12,False
2026-09-16,HNGE,63.03,👀 综合中性,93.73,89.87,100.0,70.5,50.0,50.0,95.84,15.1,False
2026-09-16,HON,47.04,⚠️ 谨慎评估,207.7,89.55,40.5,28.12,50.0,45.06,35.14,3.23,False
2026-09-16,HONA,41.3,⚠️ 谨慎评估,164.2,94.81,30.33,61.13,50.0,50.0,41.31,13.54,False
2026-09-16,HPE,55.91,👀 综合中性,56.68,95.98,57.17,25.53,50.0,45.06,94.8,5.39,False
2026-09-16,HPQ,39.7,⚠️ 谨慎评估,32.7,75.0,18.73,13.84,50.0,50.0,97.6,6.82,False
2026-09-16,HQY,53.47,👀 综合中性,96.0,93.08,29.16,58.73,50.0,50.0,68.49,3.09,False
2026-09-16,HSTM,57.19,👀 综合中性,29.42,95.9,43.44,38.18,50.0,50.0,97.32,3.31,False
2026-09-16,HTFL,55.29,👀 综合中性,48.3,79.56,100.0,36.81,50.0,50.0,93.12,15.46,False
2026-09-16,HUBB,53.79,👀 综合中性,439.1,66.03,73.02,39.34,50.0,50.0,37.17,2.29,False
2026-09-16,HUBS,59.12,👀 综合中性,236.5,92.91,73.91,66.09,50.0,56.94,54.97,9.04,False
2026-09-16,HWM,62.76,👀 综合中性,227.7,69.76,98.33,69.73,50.0,50.0,35.9,4.82,False
2026-09-16,HXL,67.15,✅ 综合良好,91.08,93.65,79.58,70.86,50.0,50.0,59.77,3.08,False
2026-09-16,IART,44.03,⚠️ 谨慎评估,16.06,93.12,21.11,33.85,50.0,50.0,83.04,8.25,False
2026-09-16,IBM,30.09,🚫 风险较高,237.5,69.7,16.52,37.79,50.0,45.06,57.52,3.87,True
2026-09-16,ICHR,30.44,🚫 风险较高,51.42,70.78,42.62,1.04,50.0,50.0,45.62,14.09,False
2026-09-16,ICLR,44.74,⚠️ 谨慎评估,173.9,79.41,18.08,67.57,50.0,50.0,96.56,10.45,False
2026-09-16,IDXGD,53.68,👀 综合中性,6.45,98.94,19.5,75.1,50.0,50.0,69.92,4.24,False
2026-09-16,IDXX,53.78,👀 综合中性,513.6,78.98,76.83,68.75,50.0,50.0,25.11,9.05,False
2026-09-16,IE,24.46,🚫 风险较高,8.94,66.67,0.0,37.5,50.0,50.0,13.36,10.83,False
2026-09-16,IEX,59.13,👀 综合中性,221.5,62.97,66.1,72.21,50.0,50.0,61.16,1.94,False
2026-09-16,ILMN,54.54,👀 综合中性,228.9,75.12,47.83,68.75,50.0,50.0,94.96,7.25,False
2026-09-16,INFQ,49.42,⚠️ 谨慎评估,12.84,96.13,100.0,9.68,50.0,50.0,69.67,18.22,False
2026-09-16,INIO,38.03,⚠️ 谨慎评估,18.71,60.63,100.0,20.36,50.0,50.0,18.76,19.03,False
2026-09-16,INMD,45.27,⚠️ 谨慎评估,14.58,100.0,9.72,79.47,50.0,50.0,57.23,9.8,False
2026-09-16,INSP,33.25,🚫 风险较高,72.75,46.32,0.0,61.27,50.0,50.0,72.93,7.5,False
2026-09-16,INTC,22.16,🚫 风险较高,101.0,56.79,11.01,23.62,50.0,26.09,100.0,10.71,False
2026-09-16,INTT,39.4,⚠️ 谨慎评估,10.81,90.88,46.92,9.59,50.0,50.0,35.17,10.46,False
2026-09-16,IONQ,29.72,🚫 风险较高,36.84,81.63,100.0,0.0,50.0,50.0,32.96,20.0,False
2026-09-16,IOT,52.8,👀 综合中性,40.66,59.15,74.75,48.41,50.0,50.0,94.84,9.46,False
2026-09-16,IPGP,27.86,🚫 风险较高,76.96,63.92,14.45,4.97,50.0,50.0,36.64,7.95,False
2026-09-16,IQV,58.05,👀 综合中性,268.8,80.0,54.96,68.75,50.0,50.0,97.16,6.72,False
2026-09-16,IR,59.52,👀 综合中性,71.44,88.43,79.41,69.3,50.0,50.0,22.22,5.64,False
2026-09-16,IRMD,32.92,🚫 风险较高,82.58,20.22,11.61,71.56,50.0,50.0,27.34,2.49,False
2026-09-16,IRTC,52.24,👀 综合中性,111.8,49.17,100.0,56.12,50.0,50.0,32.15,9.23,False
2026-09-16,ISRG,44.02,⚠️ 谨慎评估,382.3,60.8,40.67,66.71,50.0,53.44,43.29,7.99,False
2026-09-16,ITGR,38.4,⚠️ 谨慎评估,126.1,80.24,1.3,18.93,50.0,50.0,89.92,4.8,False
2026-09-16,ITT,48.24,⚠️ 谨慎评估,194.5,63.58,58.33,32.67,50.0,50.0,55.47,4.51,False
2026-09-16,ITW,56.84,👀 综合中性,267.3,62.79,64.23,72.94,50.0,50.0,48.47,2.56,False
2026-09-16,JBL,45.57,⚠️ 谨慎评估,297.2,91.45,31.9,19.18,50.0,46.85,63.37,4.59,False
2026-09-16,JBTM,56.62,👀 综合中性,111.4,97.79,75.64,40.37,50.0,50.0,15.5,4.45,False
2026-09-16,KAI,63.77,👀 综合中性,270.0,86.07,98.85,60.99,50.0,50.0,24.22,4.73,False
2026-09-16,KE,49.97,⚠️ 谨慎评估,24.78,100.0,50.93,14.57,50.0,50.0,62.36,6.18,False
2026-09-16,KIDS,67.92,✅ 综合良好,23.15,83.52,100.0,42.59,50.0,50.0,87.72,3.94,False
2026-09-16,KLAC,37.18,⚠️ 谨慎评估,167.4,23.29,30.35,79.42,50.0,48.03,50.92,6.87,False
2026-09-16,KLIC,52.67,👀 综合中性,79.55,71.51,100.0,22.07,50.0,50.0,58.58,10.8,False
2026-09-16,KRMN,40.03,⚠️ 谨慎评估,36.94,65.71,100.0,38.02,50.0,50.0,11.88,20.0,False
2026-09-16,KTOS,38.83,⚠️ 谨慎评估,47.59,38.83,77.0,34.83,50.0,50.0,13.92,9.8,False
2026-09-16,LASR,22.33,🚫 风险较高,38.56,66.47,59.69,14.34,50.0,50.0,22.28,17.82,False
2026-09-16,LH,67.9,✅ 综合良好,324.5,86.87,73.17,64.47,50.0,50.0,87.2,1.16,False
2026-09-16,LHX,62.26,👀 综合中性,250.7,99.82,75.17,67.64,50.0,50.0,20.11,3.65,False
2026-09-16,LITE,45.94,⚠️ 谨慎评估,919.4,42.06,74.11,27.55,43.24,54.94,93.28,8.6,False
2026-09-16,LIVN,69.05,✅ 综合良好,78.51,90.02,86.39,51.71,50.0,50.0,85.34,1.84,False
2026-09-16,LMRI,28.32,🚫 风险较高,11.65,76.65,45.0,3.41,50.0,50.0,62.24,20.0,False
2026-09-16,LMT,65.23,✅ 综合良好,537.2,100.0,86.88,39.16,50.0,50.0,51.65,2.53,False
2026-09-16,LOAR,53.84,👀 综合中性,64.67,43.03,75.17,72.96,50.0,50.0,41.56,3.66,False
2026-09-16,LRCX,42.37,⚠️ 谨慎评估,269.2,57.91,45.42,46.46,50.0,49.13,54.43,7.89,False
2026-09-16,LSCC,55.22,👀 综合中性,106.3,57.8,100.0,61.08,50.0,50.0,49.32,10.43,False
2026-09-16,LTBR,11.35,🚫 风险较高,6.47,0.0,50.0,0.0,50.0,50.0,13.12,17.46,False
2026-09-16,LUNR,43.7,⚠️ 谨慎评估,13.87,82.93,100.0,19.43,50.0,51.94,14.32,17.43,False
2026-09-16,LYNX,64.45,👀 综合中性,13.67,69.23,100.0,55.47,50.0,50.0,67.35,4.45,False
2026-09-16,MBGL,45.72,⚠️ 谨慎评估,19.94,95.09,10.51,41.03,50.0,50.0,58.82,2.96,False
2026-09-16,MBLY,34.41,🚫 风险较高,7.82,98.13,14.13,50.66,41.11,26.59,26.95,9.92,False
2026-09-16,MCHP,41.09,⚠️ 谨慎评估,69.59,75.38,31.97,55.9,50.0,28.87,42.05,7.46,False
2026-09-16,MDB,56.13,👀 综合中性,376.3,66.68,85.97,52.58,46.87,60.75,80.58,10.09,False
2026-09-16,MDT,73.69,✅ 综合良好,92.6,99.72,95.79,66.08,50.0,50.0,77.19,2.83,False
2026-09-16,MEDP,69.1,✅ 综合良好,616.4,80.0,100.0,68.75,50.0,50.0,93.48,6.56,False
2026-09-16,META,58.2,👀 综合中性,673.3,76.41,58.81,83.4,50.0,63.03,50.05,5.6,False
2026-09-16,MFP,45.6,⚠️ 谨慎评估,44.27,81.96,100.0,27.04,50.0,50.0,51.48,20.0,False
2026-09-16,MFPVV,41.72,⚠️ 谨慎评估,35.05,93.88,50.0,2.94,50.0,50.0,50.0,10.0,False
2026-09-16,MIDD,54.15,👀 综合中性,112.3,91.93,51.13,62.14,50.0,50.0,50.45,6.38,False
2026-09-16,MIR,51.91,👀 综合中性,15.84,65.88,73.96,63.65,50.0,50.0,38.03,8.11,False
2026-09-16,MPWR,46.11,⚠️ 谨慎评估,1148.0,57.57,83.94,33.13,50.0,50.0,33.46,9.7,False
2026-09-16,MRAM,37.85,⚠️ 谨慎评估,14.37,75.62,72.15,15.35,50.0,50.0,31.33,15.75,False
2026-09-16,MRCY,45.76,⚠️ 谨慎评估,87.25,58.58,32.38,68.86,50.0,50.0,58.77,5.26,False
2026-09-16,MRVL,42.95,⚠️ 谨慎评估,229.7,55.19,78.25,56.35,77.61,45.48,90.08,10.86,False
2026-09-16,MSFT,57.24,👀 综合中性,490.3,84.96,54.5,49.54,50.0,53.44,91.06,5.26,False
2026-09-16,MTD,57.95,👀 综合中性,1379.0,79.47,62.4,68.75,50.0,50.0,75.1,6.37,False
2026-09-16,MTSI,44.01,⚠️ 谨慎评估,251.8,57.61,78.28,30.01,50.0,50.0,52.15,11.8,False
2026-09-16,MU,49.7,⚠️ 谨慎评估,926.5,71.77,95.56,65.82,47.87,87.14,93.2,9.46,False
2026-09-16,MWA,58.8,👀 综合中性,22.74,97.66,72.89,49.31,50.0,50.0,23.74,3.72,False
2026-09-16,MXL,36.49,⚠️ 谨慎评估,69.51,82.07,92.62,24.48,50.0,50.0,97.0,19.29,False
2026-09-16,NDRA,42.06,⚠️ 谨慎评估,5.3,66.67,50.0,0.0,50.0,50.0,87.09,7.48,False
2026-09-16,NDSN,68.47,✅ 综合良好,309.0,74.78,92.08,72.07,50.0,50.0,65.73,1.89,False
2026-09-16,NEO,55.21,👀 综合中性,18.94,68.74,81.0,63.29,50.0,50.0,90.24,12.31,False
2026-09-16,NEOG,32.8,🚫 风险较高,12.55,63.88,16.11,18.74,50.0,50.0,79.2,9.73,False
2026-09-16,NET,58.25,👀 综合中性,324.6,53.86,93.56,56.31,50.0,61.53,99.0,10.41,False
2026-09-16,NFLX,50.65,👀 综合中性,76.41,92.68,51.16,51.62,50.0,56.94,40.12,8.13,False
2026-09-16,NNE,17.39,🚫 风险较高,15.64,66.67,50.0,2.5,50.0,50.0,19.84,20.0,False
2026-09-16,NOC,49.48,⚠️ 谨慎评估,530.8,81.94,37.12,57.85,50.0,50.0,39.09,3.77,False
2026-09-16,NOW,61.41,👀 综合中性,139.8,90.55,49.57,71.03,61.8,58.23,97.96,7.73,False
2026-09-16,NPK,64.14,👀 综合中性,152.8,58.05,100.0,33.42,50.0,50.0,95.12,2.0,False
2026-09-16,NPO,49.3,⚠️ 谨慎评估,287.2,43.61,75.62,59.55,50.0,50.0,57.37,8.0,False
2026-09-16,NRC,44.59,⚠️ 谨慎评估,22.05,90.37,10.0,33.83,50.0,50.0,94.16,5.47,False
2026-09-16,NTAP,65.33,✅ 综合良好,191.5,99.86,85.27,43.97,50.0,50.0,93.16,6.87,False
2026-09-16,NTNX,64.67,👀 综合中性,68.7,92.44,69.77,72.55,50.0,54.94,98.44,7.48,False
2026-09-16,NTRA,67.22,✅ 综合良好,345.3,84.73,100.0,58.75,50.0,50.0,95.96,8.13,False
2026-09-16,NTSK,44.67,⚠️ 谨慎评估,17.29,79.61,73.0,47.09,50.0,50.0,84.32,20.0,False
2026-09-16,NVCR,67.05,✅ 综合良好,16.22,88.03,100.0,45.72,50.0,50.0,75.08,4.92,False
2026-09-16,NVDA,75.15,✅ 综合良好,213.9,75.75,95.7,89.86,95.37,54.63,83.71,10.31,False
2026-09-16,NVEC,62.71,👀 综合中性,97.49,83.53,80.68,70.61,50.0,40.3,76.52,6.44,False
2026-09-16,NVMI,25.48,🚫 风险较高,339.2,41.35,26.71,33.94,50.0,50.0,26.68,12.23,False
2026-09-16,NVT,60.77,👀 综合中性,147.7,67.43,100.0,40.93,50.0,50.0,78.31,6.69,False
2026-09-16,NVTS,7.57,🚫 风险较高,10.48,66.67,0.0,0.0,50.0,50.0,17.61,20.0,False
2026-09-16,NXPI,50.54,👀 综合中性,219.0,92.66,44.26,55.45,50.0,45.06,49.42,6.82,False
2026-09-16,OESX,56.16,👀 综合中性,27.96,60.68,100.0,13.2,50.0,50.0,96.36,7.59,False
2026-09-16,OKTA,57.89,👀 综合中性,188.1,76.35,62.73,67.06,50.0,54.94,76.96,6.31,False
2026-09-16,OMCL,49.4,⚠️ 谨慎评估,32.43,100.0,52.6,23.46,50.0,50.0,30.84,5.35,False
2026-09-16,OMDA,44.11,⚠️ 谨慎评估,19.76,59.3,100.0,28.85,50.0,50.0,75.84,19.66,False
2026-09-16,ON,34.86,🚫 风险较高,66.6,92.91,32.4,31.31,50.0,50.0,33.25,14.84,False
2026-09-16,ONTO,47.74,⚠️ 谨慎评估,243.6,63.78,61.4,54.37,50.0,57.73,50.66,9.36,False
2026-09-16,OPRX,37.94,⚠️ 谨慎评估,7.53,96.37,0.0,52.34,50.0,50.0,54.59,9.64,False
2026-09-16,ORCL,36.43,⚠️ 谨慎评估,143.2,85.47,69.75,21.99,50.0,53.44,42.79,8.88,True
2026-09-16,OSS,46.03,⚠️ 谨慎评估,8.52,53.33,100.0,41.19,50.0,50.0,11.4,11.95,False
2026-09-16,OTIS,56.75,👀 综合中性,69.25,91.29,71.37,33.3,50.0,50.0,36.9,3.04,False
2026-09-16,P,47.46,⚠️ 谨慎评估,97.61,57.94,58.64,48.53,50.0,50.0,84.32,9.5,False
2026-09-16,PANW,61.86,👀 综合中性,375.6,46.4,83.76,73.93,50.0,65.7,97.92,5.81,False
2026-09-16,PATH,63.11,👀 综合中性,13.63,95.69,64.31,71.22,56.2,75.84,64.72,8.08,False
2026-09-16,PAY,57.74,👀 综合中性,36.64,97.09,83.67,21.11,50.0,50.0,84.76,9.24,False
2026-09-16,PEN,52.93,👀 综合中性,318.4,48.6,58.01,60.08,50.0,50.0,52.59,0.56,False
2026-09-16,PH,58.82,👀 综合中性,918.8,67.21,86.51,55.58,50.0,50.0,41.94,3.78,False
2026-09-16,PHR,49.21,⚠️ 谨慎评估,10.24,100.0,56.83,36.07,50.0,50.0,25.49,7.96,False
2026-09-16,PI,22.39,🚫 风险较高,177.6,19.95,21.03,31.82,50.0,50.0,91.04,15.73,False
2026-09-16,PINC,54.48,👀 综合中性,,75.55,50.0,50.0,50.0,50.0,43.71,0.0,False
2026-09-16,PL,51.2,👀 综合中性,16.02,85.83,100.0,68.75,50.0,50.0,8.44,17.12,False
2026-09-16,PLAB,33.46,🚫 风险较高,27.85,88.1,22.74,19.05,50.0,50.0,24.44,10.15,False
2026-09-16,PLPC,58.96,👀 综合中性,396.8,56.93,100.0,16.37,50.0,50.0,92.0,4.08,False
2026-09-16,PLTR,71.72,✅ 综合良好,174.3,52.69,100.0,97.93,85.2,94.48,92.95,14.29,False
2026-09-16,PNR,39.26,⚠️ 谨慎评估,56.46,97.5,4.06,69.75,50.0,50.0,7.88,7.51,False
2026-09-16,PODD,60.91,👀 综合中性,140.6,93.56,100.0,56.71,50.0,50.0,32.44,9.55,False
2026-09-16,POET,49.07,⚠️ 谨慎评估,7.4,33.33,100.0,37.5,50.0,50.0,45.82,7.8,False
2026-09-16,POWI,34.15,🚫 风险较高,47.65,51.94,48.58,34.23,50.0,50.0,21.65,10.68,False
2026-09-16,POWL,42.75,⚠️ 谨慎评估,177.7,43.75,71.24,37.95,50.0,50.0,38.76,8.38,False
2026-09-16,PRCT,56.16,👀 综合中性,19.44,83.33,100.0,29.94,50.0,50.0,28.6,7.86,False
2026-09-16,PRPO,68.62,✅ 综合良好,26.66,83.32,100.0,89.34,50.0,50.0,61.3,7.57,False
2026-09-16,PRVA,56.09,👀 综合中性,20.37,97.34,72.88,20.05,50.0,50.0,35.88,3.19,False
2026-09-16,PSNL,37.29,⚠️ 谨慎评估,16.11,83.33,100.0,19.21,50.0,50.0,81.12,17.94,False
2026-09-16,PSQL,20.56,🚫 风险较高,7.45,50.0,50.0,0.0,50.0,50.0,30.6,20.0,False
2026-09-16,PTC,48.55,⚠️ 谨慎评估,131.2,96.57,24.21,77.82,50.0,47.35,32.26,6.45,False
2026-09-16,PXLW,39.27,⚠️ 谨慎评估,6.68,71.06,0.0,100.0,50.0,50.0,78.82,12.82,False
2026-09-16,Q,35.53,⚠️ 谨慎评估,114.9,80.26,24.32,25.55,50.0,50.0,44.56,9.89,False
2026-09-16,QBTS,19.77,🚫 风险较高,16.27,66.67,6.77,30.23,50.0,50.0,25.6,17.35,False
2026-09-16,QCOM,36.93,⚠️ 谨慎评估,184.8,86.96,14.21,56.32,14.09,53.44,66.26,7.25,False
2026-09-16,QDEL,38.34,⚠️ 谨慎评估,10.77,96.5,32.22,16.91,50.0,50.0,9.52,7.5,False
2026-09-16,QGEN,49.14,⚠️ 谨慎评估,42.9,58.22,39.31,69.68,50.0,50.0,69.26,4.71,False
2026-09-16,QLYS,57.43,👀 综合中性,183.1,91.94,34.84,79.09,50.0,50.0,95.36,6.07,False
2026-09-16,QMCO,22.39,🚫 风险较高,23.83,63.09,47.23,6.11,50.0,50.0,95.12,20.0,False
2026-09-16,QRVO,50.34,👀 综合中性,114.0,96.58,42.38,25.77,50.0,50.0,84.48,6.88,False
2026-09-16,QUBT,30.41,🚫 风险较高,8.0,83.33,100.0,0.0,50.0,50.0,38.79,20.0,False
2026-09-16,QUIK,43.48,⚠️ 谨慎评估,10.01,67.2,82.62,16.45,50.0,50.0,20.07,10.09,False
2026-09-16,RBCN,24.6,🚫 风险较高,6.35,61.52,41.67,3.41,50.0,50.0,96.24,15.06,False
2026-09-16,RBRK,64.15,👀 综合中性,105.0,77.7,94.75,65.31,50.0,50.0,96.84,9.56,False
2026-09-16,RCAT,46.63,⚠️ 谨慎评估,7.095,83.33,100.0,0.0,50.0,50.0,15.44,11.58,False
2026-09-16,RDNT,52.08,👀 综合中性,75.78,65.0,58.33,59.44,50.0,50.0,93.12,8.73,False
2026-09-16,RDW,36.16,⚠️ 谨慎评估,10.79,83.33,100.0,34.1,50.0,50.0,64.35,20.0,False
2026-09-16,RELY,61.86,👀 综合中性,22.15,99.95,71.12,29.53,50.0,50.0,76.64,3.0,False
2026-09-16,RFIL,52.77,👀 综合中性,8.2,92.77,100.0,26.97,50.0,50.0,13.24,11.15,False
2026-09-16,RGTI,40.07,⚠️ 谨慎评估,14.79,47.24,100.0,31.25,50.0,50.0,23.36,16.4,False
2026-09-16,RKLB,31.4,🚫 风险较高,63.7,66.67,100.0,37.5,50.0,50.0,29.12,20.0,False
2026-09-16,RMBS,35.27,⚠️ 谨慎评估,81.41,69.57,34.98,65.36,50.0,50.0,21.24,14.32,False
2026-09-16,ROK,41.64,⚠️ 谨慎评估,414.9,73.02,30.31,37.63,50.0,40.75,55.98,5.86,False
2026-09-16,RRX,55.25,👀 综合中性,149.2,97.56,73.24,43.6,50.0,50.0,17.48,5.86,False
2026-09-16,RTX,70.8,✅ 综合良好,196.8,95.75,93.29,66.01,50.0,50.0,48.26,1.4,False
2026-09-16,RVTY,44.48,⚠️ 谨慎评估,145.7,36.41,35.25,68.75,50.0,50.0,82.08,5.14,False
2026-09-16,RXRX,37.6,⚠️ 谨慎评估,3.19,74.43,36.36,16.07,92.5,32.45,40.92,14.62,False
2026-09-16,S,58.45,👀 综合中性,23.17,87.54,52.0,48.34,50.0,50.0,98.64,4.17,False
2026-09-16,SAIL,40.53,⚠️ 谨慎评估,20.36,85.76,42.0,42.46,50.0,50.0,97.48,18.24,False
2026-09-16,SARO,52.27,👀 综合中性,23.13,100.0,69.67,39.17,50.0,50.0,20.4,8.06,False
2026-09-16,SCCO,67.73,✅ 综合良好,189.9,78.55,100.0,75.39,50.0,50.0,63.2,5.61,False
2026-09-16,SCIA,64.84,👀 综合中性,8.75,97.93,100.0,10.44,50.0,50.0,80.36,4.35,False
2026-09-16,SDGR,43.47,⚠️ 谨慎评估,23.93,81.53,35.83,17.86,91.5,43.56,81.76,15.3,False
2026-09-16,SHC,62.61,👀 综合中性,19.33,89.31,83.08,68.75,50.0,50.0,91.68,10.5,False
2026-09-16,SIBN,64.78,👀 综合中性,18.54,83.33,100.0,40.0,50.0,50.0,74.78,5.36,False
2026-09-16,SITM,29.9,🚫 风险较高,548.9,31.63,100.0,28.9,50.0,50.0,75.18,18.31,False
2026-09-16,SKHY,67.41,✅ 综合良好,174.9,95.62,100.0,99.46,50.0,50.0,87.51,15.38,False
2026-09-16,SKYT,48.45,⚠️ 谨慎评估,32.46,67.24,100.0,0.0,50.0,50.0,50.0,10.0,False
2026-09-16,SLAB,41.32,⚠️ 谨慎评估,219.7,48.88,35.85,25.76,50.0,50.0,89.9,5.27,False
2026-09-16,SLP,39.37,⚠️ 谨慎评估,18.43,71.23,18.75,36.24,50.0,50.0,92.35,9.23,False
2026-09-16,SMCI,57.35,👀 综合中性,36.85,90.0,83.67,26.97,73.49,41.27,93.4,13.78,False
2026-09-16,SMR,9.45,🚫 风险较高,8.3,66.67,0.0,0.0,50.0,50.0,28.6,18.59,False
2026-09-16,SMTC,28.69,🚫 风险较高,167.6,53.32,58.0,27.9,50.0,50.0,99.32,16.03,False
2026-09-16,SNDK,59.92,👀 综合中性,1520.0,91.15,100.0,72.14,50.0,50.0,94.68,18.6,False
2026-09-16,SNOW,53.61,👀 综合中性,331.0,51.26,89.14,52.81,54.6,42.18,96.2,11.61,False
2026-09-16,SNPS,62.27,👀 综合中性,378.5,92.95,82.29,75.97,50.97,47.35,35.86,6.8,False
2026-09-16,SOPH,55.04,👀 综合中性,7.975,81.54,68.0,10.78,50.0,50.0,88.16,3.7,False
2026-09-16,SOUN,39.59,⚠️ 谨慎评估,5.93,82.83,100.0,12.14,98.33,70.22,13.32,18.62,True
2026-09-16,SPCX,50.21,👀 综合中性,150.9,46.15,100.0,54.55,50.0,50.0,83.1,15.51,False
2026-09-16,SPOK,44.23,⚠️ 谨慎评估,10.67,100.0,5.0,35.98,50.0,50.0,66.37,4.05,False
2026-09-16,SSYS,19.08,🚫 风险较高,7.57,54.32,7.23,5.82,50.0,50.0,34.58,12.92,False
2026-09-16,STE,55.14,👀 综合中性,209.9,99.49,64.63,29.19,50.0,50.0,28.43,3.14,False
2026-09-16,STI,57.93,👀 综合中性,6.55,83.33,100.0,37.5,50.0,50.0,31.39,7.5,False
2026-09-16,STX,51.71,👀 综合中性,783.2,74.43,89.68,23.57,50.0,50.0,86.04,12.74,False
2026-09-16,SWKS,27.49,🚫 风险较高,85.59,53.22,1.71,13.04,50.0,50.0,85.28,9.07,False
2026-09-16,SXI,55.6,👀 综合中性,259.3,72.81,68.43,66.85,50.0,50.0,35.07,4.6,False
2026-09-16,SYK,64.04,👀 综合中性,284.8,95.96,81.85,67.0,50.0,50.0,23.21,2.99,False
2026-09-16,SYM,41.67,⚠️ 谨慎评估,43.11,40.0,100.0,31.25,50.0,50.0,43.09,15.33,False
2026-09-16,SYNA,31.23,🚫 风险较高,89.24,79.91,21.38,18.92,50.0,50.0,48.96,12.83,False
2026-09-16,TACT,33.33,🚫 风险较高,5.06,61.65,9.38,15.52,50.0,50.0,93.64,8.04,False
2026-09-16,TALK,42.0,⚠️ 谨慎评估,5.25,72.92,34.0,18.04,50.0,50.0,50.0,3.79,False
2026-09-16,TBRG,40.55,⚠️ 谨慎评估,26.24,100.0,10.42,24.6,50.0,50.0,50.0,5.74,False
2026-09-16,TDG,62.42,👀 综合中性,1080.0,86.57,79.92,74.9,50.0,50.0,18.97,3.01,False
2026-09-16,TDOC,28.86,🚫 风险较高,6.43,98.98,0.0,25.72,50.0,50.0,63.61,16.15,False
2026-09-16,TEAM,63.89,👀 综合中性,190.3,90.48,75.89,68.44,50.0,55.44,99.48,8.94,False
2026-09-16,TEM,36.96,⚠️ 谨慎评估,69.97,64.62,68.65,20.27,96.67,53.94,94.96,18.07,True
2026-09-16,TENB,49.89,⚠️ 谨慎评估,36.37,88.25,21.5,59.95,50.0,50.0,96.4,6.77,False
2026-09-16,TER,56.14,👀 综合中性,341.1,71.44,100.0,34.26,50.0,50.0,75.06,10.79,False
2026-09-16,TMDX,37.24,⚠️ 谨慎评估,87.56,68.8,58.33,35.86,50.0,50.0,38.03,15.28,False
2026-09-16,TMO,64.47,👀 综合中性,648.4,77.19,70.62,68.75,50.0,50.0,96.6,3.6,False
2026-09-16,TNC,42.25,⚠️ 谨慎评估,67.97,82.07,22.99,38.44,50.0,50.0,41.86,4.86,False
2026-09-16,TNDM,33.93,🚫 风险较高,17.53,66.67,48.89,17.95,50.0,50.0,29.35,12.25,False
2026-09-16,TOST,49.26,⚠️ 谨慎评估,31.12,98.45,75.35,18.64,50.0,50.0,51.91,12.25,False
2026-09-16,TRT,47.47,⚠️ 谨慎评估,10.09,66.77,100.0,1.17,50.0,50.0,92.76,15.34,False
2026-09-16,TSLA,23.17,🚫 风险较高,358.1,22.89,31.08,29.09,50.0,30.45,53.15,11.9,False
2026-09-16,TSM,63.49,👀 综合中性,417.7,73.13,69.7,79.67,50.0,58.27,86.82,5.02,False
2026-09-16,TTD,39.51,⚠️ 谨慎评估,14.49,95.88,4.38,61.66,50.0,50.0,39.96,9.01,False
2026-09-16,TWLO,57.73,👀 综合中性,238.9,86.93,73.75,26.12,50.0,50.0,96.52,6.66,False
2026-09-16,TWST,40.45,⚠️ 谨慎评估,143.1,71.53,58.0,2.41,50.0,50.0,90.52,12.77,False
2026-09-16,TXG,33.92,🚫 风险较高,72.68,58.28,0.0,68.75,50.0,50.0,90.4,12.09,False
2026-09-16,TXN,47.07,⚠️ 谨慎评估,260.7,61.08,38.71,51.06,50.0,46.85,81.75,5.34,False
2026-09-16,TXT,51.01,👀 综合中性,80.71,91.99,40.17,40.13,50.0,50.0,39.89,2.44,False
2026-09-16,TYL,50.09,👀 综合中性,346.4,92.26,38.27,46.85,50.0,46.85,63.93,6.03,False
2026-09-16,U,43.72,⚠️ 谨慎评估,42.13,66.66,51.53,54.99,50.0,45.06,86.24,13.87,False
2026-09-16,UCTT,34.03,🚫 风险较高,66.53,83.25,45.08,0.0,50.0,50.0,56.91,14.58,False
2026-09-16,UFPT,61.35,👀 综合中性,279.4,86.48,99.09,15.23,50.0,50.0,71.08,5.11,False
2026-09-16,ULBI,45.97,⚠️ 谨慎评估,5.45,91.44,54.36,8.2,50.0,50.0,18.09,3.95,False
2026-09-16,UMAC,35.15,⚠️ 谨慎评估,22.01,83.33,100.0,0.0,50.0,50.0,90.92,18.89,False
2026-09-16,VCYT,55.73,👀 综合中性,38.5,73.33,100.0,68.75,50.0,50.0,34.15,12.66,False
2026-09-16,VECO,31.18,🚫 风险较高,41.04,73.68,23.25,10.96,50.0,50.0,42.48,10.26,False
2026-09-16,VEEV,59.8,👀 综合中性,264.9,92.68,56.66,64.26,50.0,50.0,98.24,7.36,False
2026-09-16,VELO,26.41,🚫 风险较高,9.99,83.33,88.15,0.0,50.0,50.0,15.08,20.0,False
2026-09-16,VOYG,47.52,⚠️ 谨慎评估,35.18,83.33,100.0,2.41,50.0,50.0,90.09,18.52,False
2026-09-16,VREX,43.37,⚠️ 谨慎评估,18.47,68.25,37.22,7.2,50.0,50.0,92.96,4.96,False
2026-09-16,VRNS,47.07,⚠️ 谨慎评估,46.76,56.15,45.75,53.98,50.0,50.0,89.6,7.65,False
2026-09-16,VRSN,52.94,👀 综合中性,298.5,64.15,23.18,81.59,50.0,50.0,94.75,2.4,False
2026-09-16,VRT,47.26,⚠️ 谨慎评估,239.4,74.71,58.88,37.77,58.53,65.32,48.24,11.13,False
2026-09-16,VSEC,54.79,👀 综合中性,184.8,75.11,100.0,16.1,50.0,50.0,36.24,6.27,False
2026-09-16,VSH,41.37,⚠️ 谨慎评估,31.32,85.25,61.05,0.0,50.0,50.0,81.02,14.04,False
2026-09-16,VVX,64.53,👀 综合中性,75.31,100.0,83.92,21.24,50.0,50.0,71.34,1.77,False
2026-09-16,WAT,63.77,👀 综合中性,418.6,70.0,100.0,42.16,50.0,50.0,95.44,6.1,False
2026-09-16,WAY,55.73,👀 综合中性,26.59,98.72,45.51,53.66,50.0,50.0,85.06,6.95,False
2026-09-16,WDAY,61.73,👀 综合中性,187.8,98.51,61.34,67.19,50.0,48.85,93.12,7.58,False
2026-09-16,WDC,48.31,⚠️ 谨慎评估,417.0,80.79,85.46,29.36,50.0,50.0,67.63,15.38,False
2026-09-16,WEAV,47.77,⚠️ 谨慎评估,7.32,97.26,38.75,38.0,50.0,50.0,95.32,11.6,False
2026-09-16,WEX,66.37,✅ 综合良好,197.2,99.99,60.86,68.33,50.0,50.0,93.36,3.43,False
2026-09-16,WGS,48.02,⚠️ 谨慎评估,97.42,66.67,82.0,37.5,50.0,50.0,99.44,16.38,False
2026-09-16,WIX,49.42,⚠️ 谨慎评估,80.4,100.0,37.25,40.73,50.0,50.0,80.97,9.1,False
2026-09-16,WOLF,24.47,🚫 风险较高,23.67,100.0,0.0,45.45,50.0,50.0,26.49,20.0,False
2026-09-16,WTS,64.43,👀 综合中性,348.8,71.39,91.98,58.98,50.0,50.0,65.77,3.27,False
2026-09-16,WWD,64.37,👀 综合中性,318.4,79.76,100.0,57.35,50.0,50.0,28.61,3.05,False
2026-09-16,XE,41.92,⚠️ 谨慎评估,14.57,100.0,100.0,0.0,50.0,50.0,19.2,20.0,False
2026-09-16,XGN,55.71,👀 综合中性,7.78,83.33,100.0,44.25,50.0,50.0,94.88,17.08,False
2026-09-16,XPON,21.6,🚫 风险较高,4.84,66.67,0.0,0.0,50.0,50.0,7.68,7.5,False
2026-09-16,XYL,52.27,👀 综合中性,107.3,75.57,58.24,59.31,50.0,50.0,31.76,4.48,False
2026-09-16,XYZ,21.49,🚫 风险较高,76.63,88.73,13.56,13.72,50.0,50.0,73.76,16.92,False
2026-09-16,YSS,43.32,⚠️ 谨慎评估,8.23,100.0,77.0,43.45,50.0,50.0,25.48,20.0,False
2026-09-16,ZBH,67.1,✅ 综合良好,96.78,100.0,66.94,68.76,50.0,50.0,70.14,1.96,False
2026-09-16,ZETA,63.07,👀 综合中性,30.85,93.14,100.0,25.15,50.0,50.0,99.0,9.23,False
2026-09-16,ZM,57.5,👀 综合中性,91.94,95.24,42.14,70.34,50.0,46.56,68.86,4.18,False
2026-09-16,ZS,63.38,👀 综合中性,191.6,75.34,85.82,68.89,50.0,59.25,95.65,8.97,False
2026-09-17,A,59.22,👀 综合中性,156.3,75.61,62.69,68.75,50.0,50.0,93.16,6.2,False
2026-09-17,AADX,53.75,👀 综合中性,12.7,97.66,100.0,56.76,50.0,50.0,23.48,16.64,False
2026-09-17,AAPL,44.34,⚠️ 谨慎评估,337.0,53.28,33.05,41.11,50.0,46.85,84.96,3.93,False
2026-09-17,ABT,54.45,👀 综合中性,102.2,92.25,51.85,52.9,50.0,50.0,43.9,4.29,False
2026-09-17,ACHR,19.25,🚫 风险较高,5.4,66.67,50.0,12.03,50.0,50.0,30.33,20.0,False
2026-09-17,ACIW,54.99,👀 综合中性,51.18,97.39,52.31,29.99,50.0,50.0,69.75,4.04,False
2026-09-17,ACLS,23.47,🚫 风险较高,104.6,69.07,14.0,8.82,50.0,50.0,29.75,13.14,False
2026-09-17,ACMR,42.96,⚠️ 谨慎评估,67.77,80.08,78.46,4.79,50.0,50.0,60.33,14.42,False
2026-09-17,ACN,48.61,⚠️ 谨慎评估,190.3,97.5,28.82,49.19,50.0,45.06,62.94,6.27,False
2026-09-17,ADBE,51.97,👀 综合中性,252.7,97.84,39.39,80.59,46.97,45.06,42.61,7.7,False
2026-09-17,ADI,55.6,👀 综合中性,362.6,58.81,59.99,77.67,50.0,47.35,69.06,4.45,False
2026-09-17,ADIG,34.69,🚫 风险较高,21.64,85.73,8.77,8.73,50.0,50.0,62.59,7.22,False
2026-09-17,ADPT,62.9,👀 综合中性,28.55,86.11,100.0,64.33,50.0,50.0,99.6,13.93,False
2026-09-17,ADSE,40.61,⚠️ 谨慎评估,11.2,82.48,0.0,31.25,50.0,50.0,60.28,1.6,False
2026-09-17,ADSK,56.43,👀 综合中性,218.6,97.01,61.53,75.05,50.0,47.35,29.75,7.32,False
2026-09-17,ADVB,28.5,🚫 风险较高,7.32,66.67,50.0,0.0,50.0,50.0,76.64,20.0,False
2026-09-17,AEHR,23.76,🚫 风险较高,90.55,52.68,59.54,0.0,50.0,50.0,94.04,18.14,False
2026-09-17,AEIS,54.02,👀 综合中性,254.4,68.86,100.0,31.78,50.0,50.0,30.19,7.54,False
2026-09-17,AFRM,39.07,⚠️ 谨慎评估,70.28,93.85,90.92,18.51,50.0,59.75,66.78,14.84,True
2026-09-17,AHCO,46.3,⚠️ 谨慎评估,5.76,83.33,87.22,8.88,50.0,50.0,33.72,11.87,False
2026-09-17,AI,43.71,⚠️ 谨慎评估,10.78,86.74,28.05,26.92,97.33,53.44,75.23,17.02,False
2026-09-17,AIP,49.02,⚠️ 谨慎评估,22.37,71.01,78.77,68.75,50.0,50.0,51.89,15.38,False
2026-09-17,AIR,61.02,👀 综合中性,112.1,89.0,97.75,29.63,50.0,50.0,41.66,4.83,False
2026-09-17,AKAM,41.74,⚠️ 谨慎评估,107.1,90.36,7.87,31.15,50.0,50.0,57.96,3.77,False
2026-09-17,ALAB,34.46,🚫 风险较高,293.6,49.09,100.0,45.47,50.0,50.0,93.04,20.0,False
2026-09-17,ALGM,30.01,🚫 风险较高,33.11,59.64,50.0,20.61,50.0,50.0,20.42,14.55,False
2026-09-17,ALMR,66.71,✅ 综合良好,32.01,100.0,100.0,32.4,50.0,50.0,92.4,7.39,False
2026-09-17,ALMU,24.1,🚫 风险较高,11.54,66.67,3.69,4.26,50.0,50.0,17.08,7.5,False
2026-09-17,ALOT,34.91,🚫 风险较高,28.99,66.64,14.46,10.26,50.0,50.0,62.0,4.77,False
2026-09-17,AMAT,43.39,⚠️ 谨慎评估,417.4,66.05,43.69,44.11,50.0,47.35,50.65,7.16,False
2026-09-17,AMBA,28.59,🚫 风险较高,66.91,56.67,28.0,31.34,50.0,50.0,58.78,15.32,False
2026-09-17,AMBQ,55.5,👀 综合中性,62.35,82.7,100.0,4.53,50.0,50.0,95.48,11.27,False
2026-09-17,AMD,48.6,⚠️ 谨慎评估,545.1,47.87,75.78,58.03,35.89,53.94,88.64,10.06,False
2026-09-17,AME,62.3,👀 综合中性,234.3,61.01,88.75,54.83,50.0,50.0,66.2,1.93,False
2026-09-17,AMKR,27.26,🚫 风险较高,47.95,87.69,69.13,0.0,50.0,50.0,37.06,17.18,False
2026-09-17,AMPX,27.61,🚫 风险较高,9.54,66.67,100.0,0.0,50.0,50.0,23.24,18.84,False
2026-09-17,AMSC,25.63,🚫 风险较高,29.15,60.96,92.29,2.5,50.0,50.0,35.32,20.0,False
2026-09-17,AMWL,30.91,🚫 风险较高,13.63,86.68,0.0,8.17,50.0,50.0,88.96,11.55,False
2026-09-17,AMZN,54.54,👀 综合中性,251.2,78.87,65.8,28.87,50.0,61.44,74.24,5.58,False
2026-09-17,ANET,50.75,👀 综合中性,199.5,40.55,53.93,72.88,56.0,55.44,93.52,7.87,False
2026-09-17,AORT,42.28,⚠️ 谨慎评估,23.88,52.23,79.44,40.32,50.0,50.0,13.84,10.46,False
2026-09-17,AOS,43.13,⚠️ 谨慎评估,56.93,91.07,14.75,59.75,50.0,50.0,29.09,5.64,False
2026-09-17,AOSL,16.04,🚫 风险较高,25.21,35.21,20.14,20.1,50.0,43.56,39.71,12.03,True
2026-09-17,APP,51.79,👀 综合中性,321.6,96.74,97.92,72.98,87.33,78.72,36.04,14.67,True
2026-09-17,ARM,30.55,🚫 风险较高,264.9,20.14,64.64,74.91,39.07,62.03,95.52,14.26,True
2026-09-17,ARXS,70.74,✅ 综合良好,49.7,93.46,100.0,54.55,50.0,50.0,71.23,3.26,False
2026-09-17,ASML,38.72,⚠️ 谨慎评估,1630.0,38.23,31.3,76.76,50.0,40.75,74.96,9.84,False
2026-09-17,ASYS,40.58,⚠️ 谨慎评估,13.86,92.58,59.17,20.36,50.0,50.0,31.3,13.91,False
2026-09-17,ATEC,60.22,👀 综合中性,10.28,80.0,100.0,49.89,50.0,50.0,45.98,7.86,False
2026-09-17,ATKR,48.11,⚠️ 谨慎评估,94.47,94.61,44.95,26.24,50.0,50.0,76.8,8.67,False
2026-09-17,ATRO,63.75,👀 综合中性,64.94,87.1,100.0,48.81,50.0,50.0,50.41,6.03,False
2026-09-17,AVAV,38.9,⚠️ 谨慎评估,163.4,63.74,53.5,39.35,50.0,50.0,38.36,11.96,False
2026-09-17,AVGO,46.16,⚠️ 谨慎评估,347.3,73.11,87.07,63.11,62.55,59.88,42.85,7.09,True
2026-09-17,AVNS,38.22,⚠️ 谨慎评估,24.99,77.26,38.24,15.08,50.0,50.0,50.0,9.05,False
2026-09-17,AVR,50.43,👀 综合中性,8.42,54.28,100.0,37.5,50.0,50.0,86.56,14.71,False
2026-09-17,AXGN,61.61,👀 综合中性,45.28,50.74,100.0,51.97,50.0,50.0,77.28,4.06,False
2026-09-17,AXON,41.94,⚠️ 谨慎评估,453.5,57.11,58.33,60.68,50.0,50.0,30.6,11.23,False
2026-09-17,AXTI,40.81,⚠️ 谨慎评估,67.75,35.52,100.0,0.0,50.0,50.0,94.32,15.73,False
2026-09-17,AYI,55.12,👀 综合中性,299.5,88.0,64.31,63.81,50.0,50.0,37.18,6.85,False
2026-09-17,BA,50.45,👀 综合中性,197.0,89.55,65.0,20.78,50.0,50.0,34.57,5.28,False
2026-09-17,BBAI,22.45,🚫 风险较高,2.84,77.52,41.78,0.0,86.67,43.06,16.84,19.34,True
2026-09-17,BBNX,49.64,⚠️ 谨慎评估,21.43,83.33,100.0,21.71,50.0,50.0,97.2,20.0,False
2026-09-17,BDSX,65.86,✅ 综合良好,28.81,83.33,100.0,37.5,50.0,50.0,94.6,5.89,False
2026-09-17,BE,34.9,🚫 风险较高,280.8,55.0,100.0,39.81,50.0,50.0,84.64,18.9,False
2026-09-17,BETA,50.2,👀 综合中性,21.7,83.33,100.0,37.5,50.0,50.0,79.09,20.0,False
2026-09-17,BFLY,57.72,👀 综合中性,7.96,83.33,100.0,41.92,50.0,50.0,88.48,14.08,False
2026-09-17,BIAF,58.46,👀 综合中性,8.75,83.33,100.0,37.5,50.0,50.0,36.68,7.5,False
2026-09-17,BIO,51.47,👀 综合中性,382.4,78.33,46.77,33.07,50.0,50.0,89.56,4.81,False
2026-09-17,BIOQ,48.18,⚠️ 谨慎评估,33.0,100.0,0.0,96.59,50.0,50.0,0.0,1.31,False
2026-09-17,BKFG,29.95,🚫 风险较高,94.0,67.23,0.0,10.04,50.0,50.0,0.0,0.0,False
2026-09-17,BLLN,47.69,⚠️ 谨慎评估,110.7,41.59,100.0,56.8,50.0,50.0,71.68,16.32,False
2026-09-17,BLSH,49.8,⚠️ 谨慎评估,34.91,76.95,100.0,46.11,50.0,50.0,74.91,20.0,False
2026-09-17,BOX,63.52,👀 综合中性,34.67,95.09,55.08,68.61,50.0,50.0,93.8,3.94,False
2026-09-17,BRAI,24.55,🚫 风险较高,5.52,66.67,50.0,0.0,50.0,50.0,37.2,20.0,False
2026-09-17,BRKR,48.0,⚠️ 谨慎评估,63.05,85.55,45.56,17.87,50.0,50.0,96.96,7.88,False
2026-09-17,BSX,56.67,👀 综合中性,43.55,99.8,66.71,66.64,50.0,50.0,24.44,7.41,False
2026-09-17,BTSG,54.71,👀 综合中性,56.6,98.85,75.21,19.51,50.0,50.0,77.94,9.58,False
2026-09-17,BVS,66.0,✅ 综合良好,12.63,99.2,63.7,66.17,50.0,50.0,79.4,2.63,False
2026-09-17,BW,52.08,👀 综合中性,7.32,72.15,100.0,31.74,50.0,50.0,32.72,10.38,False
2026-09-17,BWXT,55.15,👀 综合中性,146.3,67.17,82.58,51.99,50.0,50.0,25.8,4.31,False
2026-09-17,CAMT,21.2,🚫 风险较高,144.2,25.05,10.2,19.94,50.0,50.0,57.5,10.1,False
2026-09-17,CARL,53.1,👀 综合中性,15.39,83.33,100.0,26.64,50.0,50.0,76.52,15.21,False
2026-09-17,CBLL,64.03,👀 综合中性,25.0,83.33,100.0,37.5,50.0,50.0,99.48,8.21,False
2026-09-17,CBRS,45.67,⚠️ 谨慎评估,194.1,73.01,100.0,0.0,50.0,50.0,54.02,14.33,False
2026-09-17,CDNA,60.11,👀 综合中性,54.28,70.4,100.0,68.75,50.0,50.0,97.48,14.03,False
2026-09-17,CDNS,53.65,👀 综合中性,280.8,76.66,61.29,85.09,53.8,45.93,19.73,7.09,False
2026-09-17,CDRE,53.23,👀 综合中性,26.1,100.0,59.75,72.22,50.0,50.0,11.4,8.68,False
2026-09-17,CERT,29.55,🚫 风险较高,8.58,60.88,2.5,28.03,50.0,50.0,95.12,11.97,False
2026-09-17,CEVA,34.18,🚫 风险较高,29.83,62.52,27.85,42.55,50.0,50.0,76.21,14.29,False
2026-09-17,CHKP,39.05,⚠️ 谨慎评估,136.2,45.0,13.15,77.15,50.0,50.0,55.45,5.35,False
2026-09-17,CLS,50.73,👀 综合中性,329.9,82.41,75.85,21.96,35.28,55.44,70.43,7.65,False
2026-09-17,CMI,44.59,⚠️ 谨慎评估,523.9,63.31,69.93,17.32,50.0,50.0,26.33,5.79,False
2026-09-17,CMPD,31.85,🚫 风险较高,7.0,52.94,3.5,0.0,50.0,50.0,99.08,4.52,False
2026-09-17,CNMD,47.74,⚠️ 谨慎评估,46.13,74.38,38.3,41.68,50.0,50.0,69.55,4.92,False
2026-09-17,COHR,48.17,⚠️ 谨慎评估,296.0,67.12,76.06,23.7,50.24,56.94,76.73,11.24,False
2026-09-17,COHU,44.85,⚠️ 谨慎评估,55.0,60.78,66.77,18.16,50.0,50.0,95.8,11.3,False
2026-09-17,CORZ,35.5,⚠️ 谨慎评估,17.14,79.76,100.0,31.25,50.0,50.0,44.48,17.75,False
2026-09-17,COST,55.98,👀 综合中性,893.9,44.63,94.17,46.29,50.0,43.69,38.25,1.63,False
2026-09-17,CPAY,62.97,👀 综合中性,404.3,98.52,38.12,75.92,50.0,50.0,94.2,2.07,False
2026-09-17,CR,61.02,👀 综合中性,197.8,62.51,85.0,71.15,50.0,50.0,56.94,4.1,False
2026-09-17,CRCT,47.39,⚠️ 谨慎评估,5.71,77.82,31.04,31.68,50.0,50.0,94.48,5.13,False
2026-09-17,CRDO,34.23,🚫 风险较高,168.2,67.34,98.99,50.09,50.0,50.0,39.55,19.04,False
2026-09-17,CRL,42.96,⚠️ 谨慎评估,281.7,71.43,11.5,68.75,50.0,50.0,85.16,8.03,False
2026-09-17,CRM,60.92,👀 综合中性,242.8,96.12,55.31,71.04,50.0,48.85,90.28,6.7,False
2026-09-17,CRSR,30.11,🚫 风险较高,13.51,87.91,4.92,5.55,50.0,50.0,91.68,13.7,False
2026-09-17,CRUS,49.86,⚠️ 谨慎评估,120.4,96.52,33.6,55.83,50.0,51.15,49.95,6.33,False
2026-09-17,CRWD,53.48,👀 综合中性,245.7,29.45,81.63,67.31,50.0,63.66,97.16,9.0,False
2026-09-17,CRWV,44.91,⚠️ 谨慎评估,79.88,82.9,100.0,21.04,50.0,50.0,41.69,19.0,False
2026-09-17,CSCO,52.88,👀 综合中性,110.2,68.34,36.63,59.8,50.0,47.35,92.0,2.85,False
2026-09-17,CSTL,63.75,👀 综合中性,36.78,83.33,100.0,44.64,50.0,50.0,90.08,8.62,False
2026-09-17,CSW,64.93,👀 综合中性,288.7,73.61,100.0,51.73,50.0,50.0,47.05,2.26,False
2026-09-17,CTEV,43.61,⚠️ 谨慎评估,31.73,92.31,16.5,46.49,50.0,50.0,71.86,8.14,False
2026-09-17,CUAI,31.54,🚫 风险较高,10.0,59.98,100.0,25.68,50.0,50.0,62.0,20.0,False
2026-09-17,CW,57.68,👀 综合中性,567.5,81.79,65.83,72.34,50.0,50.0,24.11,3.4,False
2026-09-17,CXT,67.48,✅ 综合良好,45.29,100.0,100.0,69.11,50.0,50.0,46.62,7.55,False
2026-09-17,DBX,43.83,⚠️ 谨慎评估,37.61,45.0,8.24,73.06,50.0,50.0,97.84,2.97,False
2026-09-17,DCI,56.78,👀 综合中性,86.05,82.19,74.82,41.12,50.0,50.0,37.7,3.3,False
2026-09-17,DCO,68.89,✅ 综合良好,166.6,86.57,90.67,62.52,50.0,50.0,78.68,3.34,False
2026-09-17,DCTH,66.09,✅ 综合良好,16.25,84.38,71.35,71.13,50.0,50.0,92.72,3.56,False
2026-09-17,DDOG,61.49,👀 综合中性,236.0,53.58,90.15,68.4,61.43,63.53,92.2,9.88,False
2026-09-17,DELL,42.94,⚠️ 谨慎评估,588.4,90.96,72.43,14.14,50.0,54.94,88.16,5.48,True
2026-09-17,DGX,70.84,✅ 综合良好,247.4,86.18,75.58,69.33,50.0,50.0,95.44,0.23,False
2026-09-17,DHR,63.49,👀 综合中性,212.5,80.0,72.29,68.75,50.0,50.0,76.02,3.5,False
2026-09-17,DIOD,34.65,🚫 风险较高,90.79,68.34,31.25,11.27,50.0,50.0,87.36,12.26,False
2026-09-17,DLO,72.88,✅ 综合良好,14.36,98.54,89.88,69.82,50.0,66.39,71.8,3.59,False
2026-09-17,DOCN,40.11,⚠️ 谨慎评估,133.0,67.82,41.71,12.61,50.0,50.0,97.04,10.48,False
2026-09-17,DOCS,44.37,⚠️ 谨慎评估,26.57,96.28,10.65,80.08,50.0,50.0,62.33,10.79,False
2026-09-17,DOCU,58.47,👀 综合中性,70.64,95.92,43.17,67.12,50.0,46.85,90.24,5.28,False
2026-09-17,DOV,57.91,👀 综合中性,189.2,86.54,71.15,55.76,50.0,50.0,33.57,3.91,False
2026-09-17,DOX,41.05,⚠️ 谨慎评估,60.51,96.2,3.94,36.39,50.0,50.0,49.78,4.61,False
2026-09-17,DPC,61.44,👀 综合中性,40.4,90.13,100.0,53.53,50.0,50.0,36.01,8.22,False
2026-09-17,DRIO,22.35,🚫 风险较高,6.99,66.67,0.0,2.36,50.0,50.0,35.31,9.87,False
2026-09-17,DRS,66.82,✅ 综合良好,37.06,93.62,85.71,73.59,50.0,50.0,33.54,2.72,False
2026-09-17,DT,60.0,👀 综合中性,55.83,92.08,45.03,73.63,52.47,55.44,97.12,6.47,False
2026-09-17,DUOL,58.84,👀 综合中性,147.1,94.59,48.01,80.7,50.0,47.73,91.98,8.16,False
2026-09-17,DXCM,66.77,✅ 综合良好,87.93,86.58,93.84,59.74,50.0,50.0,92.28,7.2,False
2026-09-17,EAF,19.85,🚫 风险较高,8.0,66.67,9.41,0.0,50.0,50.0,44.23,15.26,False
2026-09-17,EMR,63.84,👀 综合中性,147.4,86.08,80.76,70.98,50.0,50.0,59.85,5.2,False
2026-09-17,ENOV,38.84,⚠️ 谨慎评估,17.8,87.81,34.44,42.78,50.0,50.0,13.36,10.08,False
2026-09-17,ENR,47.63,⚠️ 谨慎评估,21.75,83.93,21.27,45.94,50.0,50.0,86.5,5.01,False
2026-09-17,ENS,57.2,👀 综合中性,175.7,98.37,75.29,40.07,50.0,50.0,38.18,6.12,False
2026-09-17,ENTG,43.35,⚠️ 谨慎评估,134.7,73.74,47.83,23.75,50.0,50.0,70.03,8.92,False
2026-09-17,EPAC,67.23,✅ 综合良好,35.6,95.31,78.04,75.24,50.0,50.0,48.91,2.52,False
2026-09-17,ESP,69.11,✅ 综合良好,65.1,84.15,96.23,38.99,50.0,50.0,93.99,2.02,False
2026-09-17,ESTA,59.62,👀 综合中性,69.56,66.67,100.0,37.5,50.0,50.0,56.91,5.03,False
2026-09-17,ESTC,59.59,👀 综合中性,88.97,66.3,71.0,72.42,50.87,62.03,96.04,8.26,False
2026-09-17,ETN,49.64,⚠️ 谨慎评估,409.5,47.55,58.33,43.66,50.0,50.0,79.57,3.96,False
2026-09-17,EW,62.13,👀 综合中性,88.25,82.16,53.8,72.69,50.0,50.0,72.01,0.86,False
2026-09-17,EXLS,51.66,👀 综合中性,35.48,92.25,42.03,46.21,50.0,47.35,63.7,5.33,False
2026-09-17,FAC,31.15,🚫 风险较高,5.65,100.0,50.0,0.0,50.0,50.0,36.48,20.0,False
2026-09-17,FCEL,16.16,🚫 风险较高,17.71,81.82,0.0,0.0,50.0,50.0,91.16,18.93,False
2026-09-17,FCX,50.83,👀 综合中性,70.85,83.74,36.11,59.03,50.0,50.0,77.71,6.57,False
2026-09-17,FELE,54.64,👀 综合中性,96.2,81.55,65.25,37.47,50.0,50.0,42.58,2.86,False
2026-09-17,FFIV,55.13,👀 综合中性,434.6,89.03,32.25,65.73,50.0,50.0,98.04,5.4,False
2026-09-17,FLGT,48.26,⚠️ 谨慎评估,21.85,83.33,47.0,37.5,50.0,50.0,69.58,7.74,False
2026-09-17,FLS,49.96,⚠️ 谨慎评估,73.74,88.26,52.5,40.39,50.0,50.0,44.99,6.37,False
2026-09-17,FLY,45.16,⚠️ 谨慎评估,21.72,83.33,100.0,34.61,50.0,50.0,33.0,20.0,False
2026-09-17,FN,45.98,⚠️ 谨慎评估,380.9,80.35,61.31,29.06,50.86,53.44,19.52,7.24,False
2026-09-17,FORM,48.88,⚠️ 谨慎评估,111.5,64.52,74.78,20.99,50.0,50.0,80.54,8.92,False
2026-09-17,FOUR,42.97,⚠️ 谨慎评估,41.35,100.0,49.73,25.09,50.0,50.0,33.6,11.59,False
2026-09-17,FPS,44.5,⚠️ 谨慎评估,38.06,67.42,100.0,16.61,50.0,50.0,67.8,18.26,False
2026-09-17,FRNM,67.03,✅ 综合良好,16.29,100.0,100.0,0.0,50.0,50.0,99.84,2.95,False
2026-09-17,FTAI,43.35,⚠️ 谨慎评估,195.1,73.66,58.33,38.14,50.0,50.0,38.34,10.52,False
2026-09-17,FTNT,63.76,👀 综合中性,172.6,76.8,71.25,73.38,50.0,43.56,93.92,4.17,False
2026-09-17,GD,61.62,👀 综合中性,355.9,97.92,61.88,49.44,50.0,50.0,48.26,0.68,False
2026-09-17,GDDY,50.47,👀 综合中性,98.15,97.34,35.56,43.83,50.0,50.0,74.54,6.92,False
2026-09-17,GE,40.2,⚠️ 谨慎评估,313.5,56.94,38.93,29.21,50.0,54.94,43.61,5.16,False
2026-09-17,GEHC,53.34,👀 综合中性,64.44,100.0,63.41,23.42,50.0,50.0,25.07,3.53,False
2026-09-17,GEN,59.13,👀 综合中性,30.21,94.14,50.85,70.02,50.0,50.0,93.2,7.23,False
2026-09-17,GEV,47.24,⚠️ 谨慎评估,924.9,48.79,65.36,46.04,50.0,57.48,71.42,8.65,False
2026-09-17,GFS,26.69,🚫 风险较高,45.84,84.12,9.69,11.39,50.0,50.0,42.51,13.52,False
2026-09-17,GGG,55.2,👀 综合中性,76.59,65.51,59.21,73.1,50.0,50.0,40.21,2.69,False
2026-09-17,GH,65.84,✅ 综合良好,183.1,84.05,100.0,54.93,50.0,50.0,99.44,9.15,False
2026-09-17,GHM,36.25,⚠️ 谨慎评估,83.62,36.95,58.33,0.73,50.0,50.0,44.22,5.25,False
2026-09-17,GKOS,64.88,👀 综合中性,161.4,66.67,100.0,44.56,50.0,50.0,76.2,2.76,False
2026-09-17,GMED,52.5,👀 综合中性,74.16,100.0,28.84,73.66,50.0,50.0,24.93,3.25,False
2026-09-17,GNRC,54.37,👀 综合中性,207.2,76.52,95.2,41.58,50.0,50.0,68.27,12.8,False
2026-09-17,GOOGL,59.36,👀 综合中性,347.3,64.59,51.47,88.27,50.0,70.89,75.66,4.32,False
2026-09-17,GRAL,37.79,⚠️ 谨慎评估,79.95,83.33,100.0,37.5,50.0,50.0,80.95,20.0,False
2026-09-17,GRC,54.39,👀 综合中性,72.1,80.31,69.6,35.91,50.0,50.0,59.2,5.38,False
2026-09-17,GRMN,49.96,⚠️ 谨慎评估,275.4,71.24,32.53,55.36,50.0,51.15,79.28,3.77,False
2026-09-17,GSIT,11.2,🚫 风险较高,5.22,33.33,8.46,16.66,50.0,50.0,19.4,17.02,False
2026-09-17,GTES,65.57,✅ 综合良好,25.77,98.71,81.47,60.4,50.0,50.0,70.54,5.65,False
2026-09-17,GTLB,63.24,👀 综合中性,50.27,76.68,81.78,72.28,50.0,70.01,91.04,9.49,False
2026-09-17,GTLS,30.98,🚫 风险较高,209.9,80.05,0.0,23.54,50.0,50.0,50.0,8.56,False
2026-09-17,HAE,54.88,👀 综合中性,107.6,71.13,44.67,61.38,50.0,50.0,97.88,4.51,False
2026-09-17,HAWK,41.54,⚠️ 谨慎评估,17.28,46.15,100.0,54.55,50.0,50.0,14.64,17.34,False
2026-09-17,HAYW,54.36,👀 综合中性,12.89,77.93,59.61,74.62,50.0,50.0,23.59,4.68,False
2026-09-17,HII,53.98,👀 综合中性,277.1,90.0,88.04,15.07,50.0,50.0,12.89,4.58,False
2026-09-17,HLIO,60.79,👀 综合中性,67.99,91.23,90.05,44.72,50.0,50.0,44.42,6.12,False
2026-09-17,HNGE,62.93,👀 综合中性,94.72,89.66,100.0,70.57,50.0,50.0,95.12,15.1,False
2026-09-17,HON,46.93,⚠️ 谨慎评估,206.5,89.7,40.5,28.14,50.0,45.06,33.71,3.23,False
2026-09-17,HONA,41.73,⚠️ 谨慎评估,167.1,94.46,30.33,61.02,50.0,50.0,46.41,13.54,False
2026-09-17,HPE,55.96,👀 综合中性,61.04,94.92,57.17,25.53,50.0,45.06,97.36,5.39,False
2026-09-17,HPQ,38.64,⚠️ 谨慎评估,34.66,75.08,18.73,13.42,50.0,50.0,87.52,6.82,False
2026-09-17,HQY,54.67,👀 综合中性,94.51,93.26,29.16,58.78,50.0,50.0,80.05,3.09,False
2026-09-17,HSTM,57.05,👀 综合中性,29.19,96.01,43.44,38.2,50.0,50.0,95.72,3.31,False
2026-09-17,HTFL,55.54,👀 综合中性,49.57,79.4,100.0,36.85,50.0,50.0,95.96,15.46,False
2026-09-17,HUBB,54.31,👀 综合中性,443.2,65.89,73.02,39.31,50.0,50.0,42.71,2.29,False
2026-09-17,HUBS,57.85,👀 综合中性,229.6,93.27,73.91,66.09,50.0,56.94,41.54,9.04,False
2026-09-17,HWM,62.65,👀 综合中性,225.8,69.92,98.33,69.75,50.0,50.0,34.42,4.82,False
2026-09-17,HXL,65.94,✅ 综合良好,88.04,94.74,79.58,70.94,50.0,50.0,47.41,3.29,False
2026-09-17,IART,42.22,⚠️ 谨慎评估,15.1,93.52,21.11,33.96,50.0,50.0,63.98,8.25,False
2026-09-17,IBM,30.05,🚫 风险较高,237.8,70.59,16.52,37.79,50.0,45.06,55.1,3.87,True
2026-09-17,ICHR,30.68,🚫 风险较高,52.95,69.84,42.62,1.04,50.0,50.0,49.94,14.09,False
2026-09-17,ICLR,44.52,⚠️ 谨慎评估,169.7,79.59,18.08,67.57,50.0,50.0,94.0,10.45,False
2026-09-17,IDXGD,53.68,👀 综合中性,6.45,98.94,19.5,75.11,50.0,50.0,69.92,4.24,False
2026-09-17,IDXX,53.64,👀 综合中性,506.5,79.1,76.83,68.75,50.0,50.0,23.52,9.05,False
2026-09-17,IE,24.88,🚫 风险较高,9.48,66.67,0.0,37.5,50.0,50.0,17.48,10.83,False
2026-09-17,IEX,59.18,👀 综合中性,221.9,62.82,66.1,72.22,50.0,50.0,62.02,1.94,False
2026-09-17,ILMN,54.2,👀 综合中性,245.2,72.13,47.83,68.75,50.0,50.0,97.52,7.25,False
2026-09-17,INFQ,50.87,👀 综合中性,13.86,95.51,100.0,9.84,50.0,50.0,85.1,18.22,False
2026-09-17,INIO,38.7,⚠️ 谨慎评估,20.96,57.79,100.0,20.03,50.0,50.0,31.68,19.03,False
2026-09-17,INMD,45.42,⚠️ 谨慎评估,14.54,100.0,9.72,79.64,50.0,50.0,58.47,9.8,False
2026-09-17,INSP,32.81,🚫 风险较高,72.74,46.34,0.0,61.27,50.0,50.0,68.55,7.5,False
2026-09-17,INTC,21.18,🚫 风险较高,108.8,56.64,11.01,23.62,50.0,26.09,87.2,10.71,False
2026-09-17,INTT,38.74,⚠️ 谨慎评估,10.64,91.25,46.92,9.59,50.0,50.0,27.86,10.46,False
2026-09-17,IONQ,31.0,🚫 风险较高,40.34,81.21,100.0,0.0,50.0,50.0,50.94,20.0,False
2026-09-17,IOT,52.57,👀 综合中性,40.0,59.55,74.75,48.41,50.0,50.0,91.68,9.46,False
2026-09-17,IPGP,27.56,🚫 风险较高,76.12,64.32,14.45,5.0,50.0,50.0,32.8,7.95,False
2026-09-17,IQV,58.04,👀 综合中性,269.4,80.0,54.96,68.75,50.0,50.0,97.08,6.72,False
2026-09-17,IR,60.01,👀 综合中性,72.65,87.71,79.41,69.25,50.0,50.0,28.71,5.64,False
2026-09-17,IRMD,33.05,🚫 风险较高,82.74,20.17,11.61,71.57,50.0,50.0,28.71,2.49,False
2026-09-17,IRTC,52.67,👀 综合中性,111.8,49.18,100.0,56.12,50.0,50.0,36.43,9.23,False
2026-09-17,ISRG,44.19,⚠️ 谨慎评估,383.5,60.63,40.67,66.71,50.0,53.44,45.33,7.99,False
2026-09-17,ITGR,38.18,⚠️ 谨慎评估,126.3,80.16,1.3,18.94,50.0,50.0,87.84,4.8,False
2026-09-17,ITT,49.78,⚠️ 谨慎评估,202.8,62.19,58.33,32.55,50.0,50.0,73.83,4.51,False
2026-09-17,ITW,56.97,👀 综合中性,267.5,62.74,64.23,72.94,50.0,50.0,49.88,2.56,False
2026-09-17,JBL,45.33,⚠️ 谨慎评估,295.9,91.58,31.9,19.2,50.0,46.85,60.65,4.59,False
2026-09-17,JBTM,56.48,👀 综合中性,110.3,97.91,75.64,40.4,50.0,50.0,14.77,4.55,False
2026-09-17,KAI,63.69,👀 综合中性,267.1,86.62,98.85,61.03,50.0,50.0,22.3,4.73,False
2026-09-17,KE,50.15,👀 综合中性,25.04,100.0,50.93,14.51,50.0,50.0,64.23,6.18,False
2026-09-17,KIDS,67.46,✅ 综合良好,21.78,83.74,100.0,42.59,50.0,50.0,82.6,3.94,False
2026-09-17,KLAC,37.5,⚠️ 谨慎评估,169.0,23.27,30.35,79.42,50.0,48.03,54.11,6.87,False
2026-09-17,KLIC,53.62,👀 综合中性,81.92,70.96,100.0,22.07,50.0,50.0,69.18,10.8,False
2026-09-17,KRMN,40.16,⚠️ 谨慎评估,35.25,66.43,100.0,38.12,50.0,50.0,11.6,20.0,False
2026-09-17,KTOS,38.62,⚠️ 谨慎评估,47.66,38.81,77.0,34.83,50.0,50.0,11.84,9.8,False
2026-09-17,LASR,21.93,🚫 风险较高,38.43,66.5,59.69,14.34,50.0,50.0,16.84,17.82,False
2026-09-17,LH,67.69,✅ 综合良好,322.7,86.98,73.17,64.47,50.0,50.0,84.96,1.16,False
2026-09-17,LHX,62.33,👀 综合中性,250.5,99.83,75.17,67.65,50.0,50.0,20.77,3.65,False
2026-09-17,LITE,45.95,⚠️ 谨慎评估,893.6,43.04,74.11,27.55,43.24,54.94,91.36,8.6,False
2026-09-17,LIVN,68.64,✅ 综合良好,77.79,90.25,86.39,51.76,50.0,50.0,80.72,1.84,False
2026-09-17,LMRI,28.26,🚫 风险较高,11.52,76.94,45.0,3.45,50.0,50.0,61.01,20.0,False
2026-09-17,LMT,65.28,✅ 综合良好,538.1,100.0,86.88,39.17,50.0,50.0,52.17,2.53,False
2026-09-17,LOAR,53.77,👀 综合中性,64.28,43.15,75.17,72.96,50.0,50.0,40.62,3.66,False
2026-09-17,LRCX,42.09,⚠️ 谨慎评估,269.3,57.91,45.42,46.46,50.0,49.13,51.57,7.89,False
2026-09-17,LSCC,55.61,👀 综合中性,108.5,57.25,100.0,61.08,50.0,50.0,54.27,10.43,False
2026-09-17,LTBR,11.59,🚫 风险较高,6.82,0.0,50.0,0.0,50.0,50.0,15.48,17.46,False
2026-09-17,LUNR,44.61,⚠️ 谨慎评估,14.79,82.78,100.0,19.43,50.0,51.94,23.8,17.43,False
2026-09-17,LYNX,63.65,👀 综合中性,13.44,69.23,100.0,55.51,50.0,50.0,59.26,4.45,False
2026-09-17,MBGL,46.21,⚠️ 谨慎评估,20.05,95.06,10.51,41.01,50.0,50.0,63.75,2.96,False
2026-09-17,MBLY,35.34,⚠️ 谨慎评估,8.04,97.93,14.13,50.66,41.11,26.59,36.59,9.92,False
2026-09-17,MCHP,41.13,⚠️ 谨慎评估,70.82,74.72,31.97,55.9,50.0,28.87,43.83,7.46,False
2026-09-17,MDB,56.25,👀 综合中性,393.4,65.7,85.97,52.6,46.87,60.75,83.69,10.09,False
2026-09-17,MDT,74.09,✅ 综合良好,92.77,99.69,95.79,66.07,50.0,50.0,81.22,2.83,False
2026-09-17,MEDP,69.23,✅ 综合良好,615.2,80.0,100.0,68.75,50.0,50.0,94.8,6.56,False
2026-09-17,META,58.44,👀 综合中性,682.3,76.37,58.81,83.4,50.0,63.03,52.49,5.6,False
2026-09-17,MFP,45.93,⚠️ 谨慎评估,44.99,81.13,100.0,26.99,50.0,50.0,56.58,20.0,False
2026-09-17,MFPVV,41.72,⚠️ 谨慎评估,35.05,93.88,50.0,2.95,50.0,50.0,50.0,10.0,False
2026-09-17,MIDD,54.22,👀 综合中性,111.3,91.93,51.13,62.21,50.0,50.0,51.02,6.38,False
2026-09-17,MIR,52.1,👀 综合中性,16.24,64.26,73.96,63.62,50.0,50.0,43.26,8.11,False
2026-09-17,MPWR,46.43,⚠️ 谨慎评估,1170.0,57.08,83.94,33.13,50.0,50.0,37.57,9.7,False
2026-09-17,MRAM,38.42,⚠️ 谨慎评估,14.81,75.0,72.15,15.35,50.0,50.0,38.33,15.75,False
2026-09-17,MRCY,45.21,⚠️ 谨慎评估,86.18,58.86,32.38,68.87,50.0,50.0,52.77,5.26,False
2026-09-17,MRVL,43.02,⚠️ 谨慎评估,240.8,53.76,78.25,56.35,77.61,45.48,93.88,10.86,False
2026-09-17,MSFT,57.33,👀 综合中性,497.8,84.77,54.5,49.51,50.0,53.44,92.44,5.26,False
2026-09-17,MTD,58.46,👀 综合中性,1410.0,79.1,62.4,68.75,50.0,50.0,81.0,6.37,False
2026-09-17,MTSI,44.85,⚠️ 谨慎评估,263.1,56.54,78.28,30.01,50.0,50.0,62.7,11.8,False
2026-09-17,MU,49.93,⚠️ 谨慎评估,977.5,71.69,95.56,65.82,47.87,87.14,96.48,9.46,False
2026-09-17,MWA,57.85,👀 综合中性,21.85,98.09,72.89,49.59,50.0,50.0,17.38,4.17,False
2026-09-17,MXL,36.45,⚠️ 谨慎评估,74.99,80.92,92.62,24.48,50.0,50.0,98.76,19.29,False
2026-09-17,NDRA,42.57,⚠️ 谨慎评估,5.419,66.67,50.0,0.0,50.0,50.0,92.18,7.48,False
2026-09-17,NDSN,68.8,✅ 综合良好,311.7,74.17,92.08,72.04,50.0,50.0,70.26,1.89,False
2026-09-17,NEO,55.85,👀 综合中性,19.89,67.35,81.0,63.29,50.0,50.0,99.48,12.31,False
2026-09-17,NEOG,32.16,🚫 风险较高,12.83,63.12,16.11,18.74,50.0,50.0,74.24,9.73,False
2026-09-17,NET,57.93,👀 综合中性,333.9,52.98,93.56,56.32,50.0,61.53,97.56,10.41,False
2026-09-17,NFLX,50.61,👀 综合中性,75.31,92.9,51.16,51.66,50.0,56.94,39.28,8.13,False
2026-09-17,NNE,17.73,🚫 风险较高,16.97,66.67,50.0,2.5,50.0,50.0,24.32,20.0,False
2026-09-17,NOC,49.17,⚠️ 谨慎评估,524.0,81.85,37.12,57.91,50.0,50.0,36.03,3.77,False
2026-09-17,NOW,61.06,👀 综合中性,138.5,90.81,49.57,71.03,61.8,58.23,94.0,7.73,False
2026-09-17,NPK,63.98,👀 综合中性,152.1,58.3,100.0,33.45,50.0,50.0,93.04,2.0,False
2026-09-17,NPO,49.26,⚠️ 谨慎评估,286.9,43.65,75.62,59.55,50.0,50.0,56.89,8.0,False
2026-09-17,NRC,43.82,⚠️ 谨慎评估,20.87,91.15,10.0,33.97,50.0,50.0,84.66,5.47,False
2026-09-17,NTAP,65.61,✅ 综合良好,196.9,99.82,85.27,43.88,50.0,50.0,96.12,6.87,False
2026-09-17,NTNX,64.19,👀 综合中性,69.97,92.13,69.77,72.54,50.0,54.94,94.24,7.48,False
2026-09-17,NTRA,66.78,✅ 综合良好,366.3,84.65,100.0,58.75,50.0,50.0,91.68,8.13,False
2026-09-17,NTSK,46.2,⚠️ 谨慎评估,17.21,79.62,73.0,47.07,50.0,50.0,99.64,20.0,False
2026-09-17,NVCR,68.04,✅ 综合良好,16.72,87.79,100.0,45.72,50.0,50.0,85.4,4.92,False
2026-09-17,NVDA,75.02,✅ 综合良好,219.3,75.7,95.7,89.86,95.37,54.63,82.51,10.31,False
2026-09-17,NVEC,63.51,👀 综合中性,100.5,83.4,80.68,70.61,50.0,40.3,84.76,6.44,False
2026-09-17,NVMI,25.47,🚫 风险较高,348.1,40.34,26.71,33.94,50.0,50.0,28.68,12.23,False
2026-09-17,NVT,61.3,👀 综合中性,151.3,66.93,100.0,40.89,50.0,50.0,84.69,6.69,False
2026-09-17,NVTS,8.86,🚫 风险较高,11.14,66.67,0.0,0.0,50.0,50.0,34.81,20.0,False
2026-09-17,NXPI,51.33,👀 综合中性,227.9,91.97,44.26,55.32,50.0,45.06,58.65,6.8,False
2026-09-17,OESX,55.95,👀 综合中性,26.99,60.68,100.0,13.2,50.0,50.0,94.28,7.59,False
2026-09-17,OKTA,59.98,👀 综合中性,190.0,75.94,62.73,67.06,50.0,54.94,98.68,6.31,False
2026-09-17,OMCL,49.59,⚠️ 谨慎评估,32.62,100.0,52.6,23.46,50.0,50.0,32.72,5.35,False
2026-09-17,OMDA,44.03,⚠️ 谨慎评估,19.83,59.25,100.0,28.86,50.0,50.0,75.16,19.66,False
2026-09-17,ON,35.14,⚠️ 谨慎评估,68.3,92.44,32.4,31.31,50.0,50.0,36.95,14.84,False
2026-09-17,ONTO,48.22,⚠️ 谨慎评估,250.0,62.65,61.4,54.37,50.0,57.73,57.74,9.36,False
2026-09-17,OPRX,38.11,⚠️ 谨慎评估,7.59,96.37,0.0,52.3,50.0,50.0,56.31,9.64,False
2026-09-17,ORCL,37.09,⚠️ 谨慎评估,150.6,85.24,69.75,21.89,50.0,53.44,52.19,8.88,True
2026-09-17,OSS,46.26,⚠️ 谨慎评估,9.07,52.91,100.0,41.19,50.0,50.0,14.53,11.95,False
2026-09-17,OTIS,56.83,👀 综合中性,68.7,91.59,71.37,33.34,50.0,50.0,37.05,3.04,False
2026-09-17,P,48.35,⚠️ 谨慎评估,104.0,56.43,58.64,48.53,50.0,50.0,96.2,9.5,False
2026-09-17,PANW,61.37,👀 综合中性,375.1,46.41,83.76,73.94,50.0,65.7,92.92,5.81,False
2026-09-17,PATH,62.55,👀 综合中性,13.76,95.69,64.31,71.22,56.2,75.84,59.09,8.08,False
2026-09-17,PAY,58.81,👀 综合中性,36.13,97.19,83.67,21.14,50.0,50.0,95.24,9.24,False
2026-09-17,PEN,53.68,👀 综合中性,318.9,48.5,58.01,60.08,50.0,50.0,60.25,0.56,False
2026-09-17,PH,59.09,👀 综合中性,925.3,66.75,86.51,55.56,50.0,50.0,45.63,3.78,False
2026-09-17,PHR,49.13,⚠️ 谨慎评估,10.28,100.0,56.83,36.08,50.0,50.0,24.73,7.96,False
2026-09-17,PI,23.07,🚫 风险较高,179.7,19.63,21.03,31.82,50.0,50.0,98.48,15.73,False
2026-09-17,PINC,54.81,👀 综合中性,,75.46,50.0,50.0,50.0,50.0,47.14,0.0,False
2026-09-17,PL,51.6,👀 综合中性,16.99,85.53,100.0,68.75,50.0,50.0,13.0,17.12,False
2026-09-17,PLAB,33.65,🚫 风险较高,28.51,87.53,22.74,18.39,50.0,50.0,28.48,10.15,False
2026-09-17,PLPC,58.61,👀 综合中性,413.0,54.83,100.0,16.28,50.0,50.0,92.84,4.08,False
2026-09-17,PLTR,71.28,✅ 综合良好,176.2,52.67,100.0,97.93,85.2,94.48,88.6,14.29,False
2026-09-17,PNR,39.25,⚠️ 谨慎评估,55.72,97.72,4.06,69.85,50.0,50.0,7.88,7.57,False
2026-09-17,PODD,60.92,👀 综合中性,141.6,93.37,100.0,56.69,50.0,50.0,32.96,9.55,False
2026-09-17,POET,49.28,⚠️ 谨慎评估,7.51,33.33,100.0,37.5,50.0,50.0,47.86,7.8,False
2026-09-17,POWI,34.47,🚫 风险较高,49.15,49.88,48.58,34.23,50.0,50.0,28.9,10.68,False
2026-09-17,POWL,42.52,⚠️ 谨慎评估,176.8,43.88,71.24,37.98,50.0,50.0,36.22,8.38,False
2026-09-17,PRCT,56.39,👀 综合中性,19.47,83.33,100.0,29.94,50.0,50.0,30.92,7.86,False
2026-09-17,PRPO,68.86,✅ 综合良好,26.44,83.61,100.0,89.34,50.0,50.0,63.05,7.57,False
2026-09-17,PRVA,55.66,👀 综合中性,20.09,97.43,72.88,20.08,50.0,50.0,32.86,3.34,False
2026-09-17,PSNL,37.75,⚠️ 谨慎评估,16.23,83.33,100.0,19.21,50.0,50.0,87.32,17.94,False
2026-09-17,PSQL,20.74,🚫 风险较高,7.91,50.0,50.0,0.0,50.0,50.0,32.36,20.0,False
2026-09-17,PTC,48.69,⚠️ 谨慎评估,134.4,96.69,24.21,77.75,50.0,47.35,33.49,6.45,False
2026-09-17,PXLW,40.2,⚠️ 谨慎评估,6.95,71.06,0.0,100.0,50.0,50.0,88.11,12.82,False
2026-09-17,Q,36.12,⚠️ 谨慎评估,117.1,79.99,24.32,25.49,50.0,50.0,51.13,9.89,False
2026-09-17,QBTS,21.07,🚫 风险较高,17.69,66.67,6.77,30.23,50.0,50.0,38.57,17.35,False
2026-09-17,QCOM,36.96,⚠️ 谨慎评估,188.7,86.44,14.21,56.25,14.09,53.44,67.7,7.25,False
2026-09-17,QDEL,38.28,⚠️ 谨慎评估,11.09,96.5,32.22,16.89,50.0,50.0,8.96,7.5,False
2026-09-17,QGEN,49.81,⚠️ 谨慎评估,44.38,57.08,39.31,69.55,50.0,50.0,78.47,4.71,False
2026-09-17,QLYS,57.11,👀 综合中性,178.1,92.52,34.84,79.17,50.0,50.0,90.92,6.07,False
2026-09-17,QMCO,22.35,🚫 风险较高,24.94,62.23,47.23,6.11,50.0,50.0,96.32,20.0,False
2026-09-17,QRVO,49.6,⚠️ 谨慎评估,119.5,95.07,42.38,25.59,50.0,50.0,80.32,6.88,False
2026-09-17,QUBT,31.22,🚫 风险较高,8.44,83.33,100.0,0.0,50.0,50.0,49.57,20.0,False
2026-09-17,QUIK,44.88,⚠️ 谨慎评估,10.52,66.9,82.62,16.45,50.0,50.0,34.67,10.09,False
2026-09-17,RBCN,23.06,🚫 风险较高,5.55,61.52,41.67,3.41,50.0,50.0,75.76,15.06,False
2026-09-17,RBRK,63.81,👀 综合中性,107.8,77.25,94.75,65.35,50.0,50.0,94.28,9.56,False
2026-09-17,RCAT,46.38,⚠️ 谨慎评估,7.095,83.33,100.0,0.0,50.0,50.0,12.92,11.58,False
2026-09-17,RDNT,52.46,👀 综合中性,77.78,65.0,58.33,59.44,50.0,50.0,96.88,8.73,False
2026-09-17,RDW,37.45,⚠️ 谨慎评估,11.55,83.33,100.0,34.1,50.0,50.0,81.54,20.0,False
2026-09-17,RELY,61.57,👀 综合中性,21.73,100.0,71.12,29.57,50.0,50.0,72.86,2.93,False
2026-09-17,RFIL,52.67,👀 综合中性,7.93,93.36,100.0,27.04,50.0,50.0,10.92,11.15,False
2026-09-17,RGTI,41.05,⚠️ 谨慎评估,15.99,43.73,100.0,31.25,50.0,50.0,40.14,16.4,False
2026-09-17,RKLB,32.36,🚫 风险较高,67.82,66.67,100.0,37.5,50.0,50.0,41.86,20.0,False
2026-09-17,RMBS,35.5,⚠️ 谨慎评估,85.87,67.04,34.98,65.36,50.0,50.0,28.6,14.32,False
2026-09-17,ROK,41.14,⚠️ 谨慎评估,410.1,73.52,30.31,37.63,50.0,40.75,49.99,5.86,False
2026-09-17,RRX,55.19,👀 综合中性,147.9,97.66,73.24,43.63,50.0,50.0,17.48,5.94,False
2026-09-17,RTX,70.48,✅ 综合良好,193.5,96.08,93.29,66.07,50.0,50.0,44.28,1.4,False
2026-09-17,RVTY,44.68,⚠️ 谨慎评估,146.7,36.24,35.25,68.75,50.0,50.0,84.48,5.14,False
2026-09-17,RXRX,39.78,⚠️ 谨慎评估,3.54,72.73,36.36,16.07,92.5,32.45,66.09,14.62,False
2026-09-17,S,58.09,👀 综合中性,23.19,87.51,52.0,48.36,50.0,50.0,95.04,4.17,False
2026-09-17,SAIL,40.19,⚠️ 谨慎评估,20.19,86.06,42.0,42.45,50.0,50.0,93.48,18.24,False
2026-09-17,SARO,51.1,👀 综合中性,22.54,100.0,69.67,39.31,50.0,50.0,15.71,8.78,False
2026-09-17,SCCO,68.41,✅ 综合良好,196.1,77.12,100.0,75.29,50.0,50.0,73.05,5.61,False
2026-09-17,SCIA,65.94,✅ 综合良好,9.01,97.46,100.0,10.25,50.0,50.0,92.6,4.35,False
2026-09-17,SDGR,41.23,⚠️ 谨慎评估,30.24,80.2,35.83,17.86,91.5,43.56,62.0,15.3,False
2026-09-17,SHC,61.91,👀 综合中性,18.95,89.65,83.08,68.75,50.0,50.0,84.02,10.5,False
2026-09-17,SIBN,64.03,👀 综合中性,18.04,83.33,100.0,40.0,50.0,50.0,67.22,5.36,False
2026-09-17,SITM,31.03,🚫 风险较高,598.6,29.8,100.0,28.9,50.0,50.0,93.92,18.31,False
2026-09-17,SKHY,68.17,✅ 综合良好,183.0,94.94,100.0,99.46,50.0,50.0,96.46,15.38,False
2026-09-17,SKYT,48.45,⚠️ 谨慎评估,32.46,67.24,100.0,0.0,50.0,50.0,50.0,10.0,False
2026-09-17,SLAB,41.24,⚠️ 谨慎评估,219.7,48.88,35.85,25.76,50.0,50.0,89.11,5.27,False
2026-09-17,SLP,39.38,⚠️ 谨慎评估,18.44,71.23,18.75,36.24,50.0,50.0,92.37,9.23,False
2026-09-17,SMCI,57.52,👀 综合中性,40.35,90.0,83.67,26.47,73.49,41.27,95.84,13.78,False
2026-09-17,SMR,9.66,🚫 风险较高,9.04,66.67,0.0,0.0,50.0,50.0,31.36,18.59,False
2026-09-17,SMTC,27.79,🚫 风险较高,178.2,52.05,58.0,27.9,50.0,50.0,89.92,16.03,False
2026-09-17,SNDK,59.94,👀 综合中性,1614.0,89.9,100.0,71.87,50.0,50.0,97.8,18.6,False
2026-09-17,SNOW,53.44,👀 综合中性,338.4,50.84,89.14,52.83,54.6,42.18,95.36,11.61,False
2026-09-17,SNPS,60.63,👀 综合中性,381.2,92.84,82.29,75.97,50.97,47.35,19.64,6.8,False
2026-09-17,SOPH,55.37,👀 综合中性,8.53,81.24,68.0,11.33,50.0,50.0,91.24,3.7,False
2026-09-17,SOUN,39.41,⚠️ 谨慎评估,6.0,82.79,100.0,12.14,98.33,70.22,11.04,18.62,True
2026-09-17,SPCX,50.74,👀 综合中性,154.8,46.15,100.0,54.55,50.0,50.0,88.39,15.51,False
2026-09-17,SPOK,43.54,⚠️ 谨慎评估,10.4,100.0,5.0,36.17,50.0,50.0,59.1,4.05,False
2026-09-17,SSYS,20.29,🚫 风险较高,8.0,52.44,7.23,5.82,50.0,50.0,50.42,12.92,False
2026-09-17,STE,55.08,👀 综合中性,208.0,99.62,64.63,29.23,50.0,50.0,27.51,3.14,False
2026-09-17,STI,57.22,👀 综合中性,6.57,83.33,100.0,37.5,50.0,50.0,24.27,7.5,False
2026-09-17,STX,51.94,👀 综合中性,803.1,73.66,89.68,23.57,50.0,50.0,89.96,12.74,False
2026-09-17,SWKS,26.6,🚫 风险较高,91.32,51.16,1.71,12.84,50.0,50.0,80.8,9.07,False
2026-09-17,SXI,55.58,👀 综合中性,257.8,73.11,68.43,66.88,50.0,50.0,34.15,4.6,False
2026-09-17,SYK,63.92,👀 综合中性,280.1,96.25,81.85,67.07,50.0,50.0,21.35,2.99,False
2026-09-17,SYM,42.32,⚠️ 谨慎评估,44.61,40.0,100.0,31.25,50.0,50.0,49.65,15.33,False
2026-09-17,SYNA,31.3,🚫 风险较高,91.12,78.71,21.38,18.92,50.0,50.0,52.1,12.83,False
2026-09-17,TACT,33.44,🚫 风险较高,5.19,61.16,9.38,15.52,50.0,50.0,95.72,8.04,False
2026-09-17,TALK,42.0,⚠️ 谨慎评估,5.25,72.92,34.0,18.05,50.0,50.0,50.0,3.79,False
2026-09-17,TBRG,40.55,⚠️ 谨慎评估,26.24,100.0,10.42,24.6,50.0,50.0,50.0,5.74,False
2026-09-17,TDG,62.42,👀 综合中性,1076.0,86.69,79.92,74.93,50.0,50.0,19.14,3.05,False
2026-09-17,TDOC,28.32,🚫 风险较高,6.28,99.18,0.0,25.72,50.0,50.0,57.78,16.15,False
2026-09-17,TEAM,63.51,👀 综合中性,192.5,90.26,75.89,68.44,50.0,55.44,96.12,8.94,False
2026-09-17,TEM,37.18,⚠️ 谨慎评估,80.36,64.07,68.65,20.27,96.67,53.94,98.96,18.07,True
2026-09-17,TENB,49.47,⚠️ 谨慎评估,36.06,88.2,21.5,59.94,50.0,50.0,92.36,6.77,False
2026-09-17,TER,56.59,👀 综合中性,353.1,70.27,100.0,34.26,50.0,50.0,81.89,10.79,False
2026-09-17,TMDX,37.18,⚠️ 谨慎评估,86.66,69.35,58.33,35.86,50.0,50.0,36.31,15.28,False
2026-09-17,TMO,64.62,👀 综合中性,658.3,76.98,70.62,68.75,50.0,50.0,98.52,3.6,False
2026-09-17,TNC,42.25,⚠️ 谨慎评估,66.61,82.9,22.99,38.52,50.0,50.0,40.05,4.86,False
2026-09-17,TNDM,33.61,🚫 风险较高,17.23,66.67,48.89,17.95,50.0,50.0,26.09,12.25,False
2026-09-17,TOST,49.43,⚠️ 谨慎评估,30.65,98.65,75.35,18.67,50.0,50.0,53.09,12.25,False
2026-09-17,TRT,47.3,⚠️ 谨慎评估,11.23,63.39,100.0,1.17,50.0,50.0,97.84,15.34,False
2026-09-17,TSLA,22.17,🚫 风险较高,366.2,22.69,31.08,29.09,50.0,30.45,50.0,12.55,False
2026-09-17,TSM,64.01,👀 综合中性,430.3,73.05,69.7,79.67,50.0,58.27,92.25,5.03,False
2026-09-17,TTD,39.36,⚠️ 谨慎评估,14.26,96.16,4.38,61.8,50.0,50.0,37.76,9.01,False
2026-09-17,TWLO,57.34,👀 综合中性,246.2,86.02,73.75,26.11,50.0,50.0,94.28,6.65,False
2026-09-17,TWST,40.76,⚠️ 谨慎评估,155.6,70.29,58.0,2.5,50.0,50.0,96.0,12.77,False
2026-09-17,TXG,32.77,🚫 风险较高,76.97,57.26,0.0,68.75,50.0,50.0,80.96,12.09,False
2026-09-17,TXN,44.08,⚠️ 谨慎评估,258.1,61.52,38.71,51.08,50.0,46.85,50.0,5.25,False
2026-09-17,TXT,52.01,👀 综合中性,80.91,91.92,40.17,40.13,50.0,50.0,50.08,2.44,False
2026-09-17,TYL,50.48,👀 综合中性,341.6,92.55,38.27,46.87,50.0,46.85,50.0,4.31,False
2026-09-17,U,40.16,⚠️ 谨慎评估,41.84,66.98,51.53,54.98,50.0,45.06,50.0,13.87,False
2026-09-17,UCTT,34.43,🚫 风险较高,67.54,83.11,45.08,0.0,50.0,50.0,61.05,14.57,False
2026-09-17,UFPT,61.5,👀 综合中性,275.4,86.89,99.09,15.29,50.0,50.0,71.68,5.11,False
2026-09-17,ULBI,47.24,⚠️ 谨慎评估,5.58,90.84,54.36,8.13,50.0,50.0,32.19,3.96,False
2026-09-17,UMAC,34.94,🚫 风险较高,23.88,83.33,100.0,0.0,50.0,50.0,88.04,18.89,False
2026-09-17,VCYT,56.4,👀 综合中性,40.57,73.33,100.0,68.75,50.0,50.0,40.86,12.66,False
2026-09-17,VECO,31.63,🚫 风险较高,41.41,73.34,23.25,10.96,50.0,50.0,47.77,10.27,False
2026-09-17,VEEV,58.17,👀 综合中性,263.8,92.8,56.66,64.28,50.0,50.0,81.56,7.35,False
2026-09-17,VELO,26.95,🚫 风险较高,10.73,83.33,88.15,0.0,50.0,50.0,22.28,20.0,False
2026-09-17,VOYG,48.18,⚠️ 谨慎评估,36.6,83.33,100.0,2.41,50.0,50.0,96.76,18.52,False
2026-09-17,VREX,43.52,⚠️ 谨慎评估,18.54,68.25,37.22,7.18,50.0,50.0,94.48,4.96,False
2026-09-17,VRNS,47.88,⚠️ 谨慎评估,47.81,55.86,45.75,54.04,50.0,50.0,98.12,7.65,False
2026-09-17,VRSN,53.06,👀 综合中性,302.1,63.58,23.18,81.56,50.0,50.0,97.2,2.4,False
2026-09-17,VRT,47.11,⚠️ 谨慎评估,241.5,74.37,58.88,37.77,58.53,65.32,50.0,11.39,False
2026-09-17,VSEC,54.58,👀 综合中性,175.1,76.55,100.0,16.24,50.0,50.0,31.01,6.27,False
2026-09-17,VSH,41.93,⚠️ 谨慎评估,31.85,84.99,61.05,0.0,50.0,50.0,87.21,14.05,False
2026-09-17,VVX,64.65,👀 综合中性,76.43,100.0,83.92,21.19,50.0,50.0,72.63,1.77,False
2026-09-17,WAT,63.83,👀 综合中性,429.7,70.0,100.0,42.16,50.0,50.0,96.0,6.09,False
2026-09-17,WAY,55.52,👀 综合中性,26.51,98.73,45.51,53.67,50.0,50.0,82.82,6.94,False
2026-09-17,WDAY,58.81,👀 综合中性,199.3,98.17,61.34,67.13,50.0,48.85,50.0,6.11,False
2026-09-17,WDC,48.95,⚠️ 谨慎评估,423.9,80.36,85.46,29.36,50.0,50.0,74.93,15.38,False
2026-09-17,WEAV,48.09,⚠️ 谨慎评估,7.33,97.25,38.75,38.0,50.0,50.0,98.52,11.6,False
2026-09-17,WEX,66.33,✅ 综合良好,195.2,100.0,60.86,68.42,50.0,50.0,92.8,3.43,False
2026-09-17,WGS,46.46,⚠️ 谨慎评估,105.0,66.67,82.0,37.5,50.0,50.0,83.84,16.38,False
2026-09-17,WIX,49.03,⚠️ 谨慎评估,79.9,100.0,37.25,40.74,50.0,50.0,77.11,9.1,False
2026-09-17,WOLF,24.94,🚫 风险较高,23.74,100.0,0.0,45.45,50.0,50.0,31.21,20.0,False
2026-09-17,WTS,64.88,👀 综合中性,350.5,71.07,91.98,58.97,50.0,50.0,70.82,3.26,False
2026-09-17,WWD,64.37,👀 综合中性,319.6,79.62,100.0,57.34,50.0,50.0,28.95,3.05,False
2026-09-17,XE,42.78,⚠️ 谨慎评估,16.33,100.0,100.0,0.0,50.0,50.0,27.84,20.0,False
2026-09-17,XGN,55.83,👀 综合中性,7.87,83.33,100.0,44.25,50.0,50.0,96.08,17.08,False
2026-09-17,XPON,21.79,🚫 风险较高,5.08,66.67,0.0,0.0,50.0,50.0,9.52,7.5,False
2026-09-17,XYL,52.82,👀 综合中性,107.6,75.36,58.24,59.3,50.0,50.0,37.66,4.47,False
2026-09-17,XYZ,21.16,🚫 风险较高,76.47,88.74,13.56,13.73,50.0,50.0,69.32,16.92,False
2026-09-17,YSS,43.99,⚠️ 谨慎评估,8.76,100.0,77.0,43.45,50.0,50.0,32.24,20.0,False
2026-09-17,ZBH,66.8,✅ 综合良好,94.25,100.0,66.94,68.87,50.0,50.0,66.97,1.96,False
2026-09-17,ZETA,62.64,👀 综合中性,30.37,93.36,100.0,25.15,50.0,50.0,94.4,9.24,False
2026-09-17,ZM,55.24,👀 综合中性,92.16,95.22,42.14,70.33,50.0,46.56,50.0,4.54,False
2026-09-17,ZS,60.04,👀 综合中性,197.5,74.88,85.82,68.9,50.0,59.25,50.0,7.65,False
